Champion,Included,Excluded
Aatrox,"Blade Waltz
Clown College
Combo Master
Contract Killer
Dashing
Demon's Dance
Desecrator
Despoil
Doomsayer
Earthwake
Energetic
escAPADe
Executioner
Fallen Aegis
Final Form
Get Excited!
Giant Slayer
Glass Cannon
Goliath
Goredrink
Hold Very Still
Infernal Soul
It's Killing Time
Jeweled Gauntlet
Kill Secured
Mirror Image
Mystic Punch
Now You See Me
Outlaw's Grit
Self Destruct
Serve Beyond Death
Shadow Runner
Slap Around
Speed Demon
Symphony of War
The Brutalizer
Thread the Needle
Trailblazer
Upgrade Collector
Upgrade Hubris
Vanish
Weighted Popoffs
Wind Beneath Blade","All For You
And My Axe!
Big Brain
Crack Open That Egg
Critical Rhythm
Dark Blessing
Draw Your Sword
Eureka
Juiced
Marksmage
Mind to Matter
Ominous Pact
Overflow
Phenomenal Evil
Protein Shake
Quest: Angel of Retribution
Quest: Wooglet's Witchcap
Righteous Fury
Skilled Sniper
Sonic Boom
Spellwake
Trueshot Prodigy
Twin Fire
Unshackled
Witchful Thinking
Zealot"
Ahri,"Adamant
ADAPt
Big Brain
Blade Waltz
Clown College
Combo Master
Contract Killer
Dashing
Desecrator
Despoil
Doomsayer
Earthwake
Eureka
Executioner
Fallen Aegis
From Beginning to End
Get Excited!
Giant Slayer
Glass Cannon
Goredrink
Hold Very Still
Ice Cold
Infernal Conduit
It's Killing Time
Jeweled Gauntlet
Keystone Conjurer
Kill Secured
Magic Missile
Magical Girl
Marksmage
Mind to Matter
Mirror Image
Now You See Me
Ominous Pact
Outlaw's Grit
Phenomenal Evil
Quest: Wooglet's Witchcap
Self Destruct
Serve Beyond Death
Shadow Runner
Speed Demon
Spellwake
Trailblazer
Unshackled
Vanish
Weighted Popoffs
Wind Beneath Blade
Witchful Thinking","All For You
Blunt Force
Crack Open That Egg
Critical Rhythm
Dark Blessing
Demon's Dance
Draw Your Sword
Lightning Strikes
Protein Shake
Quest: Angel of Retribution
Quest: Icathia's Fall
Righteous Fury
Sonic Boom
Stuck In Here With Me
The Brutalizer"
Akali,"ADAPt
Big Brain
Blade Waltz
Clown College
Combo Master
Contract Killer
Dashing
Demon's Dance
Despoil
Doomsayer
Earthwake
Energetic
escAPADe
Eureka
Executioner
Fallen Aegis
Final Form
From Beginning to End
Get Excited!
Giant Slayer
Glass Cannon
Goliath
Goredrink
Hold Very Still
Ice Cold
Infernal Conduit
Infernal Soul
It's Killing Time
Jeweled Gauntlet
Keystone Conjurer
Kill Secured
Magic Missile
Magical Girl
Marksmage
Mirror Image
Mystic Punch
Now You See Me
Ominous Pact
Outlaw's Grit
Phenomenal Evil
Quest: Wooglet's Witchcap
Self Destruct
Serve Beyond Death
Shadow Runner
Speed Demon
Symphony of War
The Brutalizer
Thread the Needle
Trailblazer
Unshackled
Upgrade Collector
Upgrade Hubris
Vanish
Weighted Popoffs
Wind Beneath Blade
Witchful Thinking","All For You
And My Axe!
Circle of Death
Courage of the Colossus
Crack Open That Egg
Critical Rhythm
Dark Blessing
Draw Your Sword
First-Aid Kit
Guilty Pleasure
Holy Fire
Impassable
Juiced
Mercy
Overflow
Protein Shake
Quest: Angel of Retribution
Righteous Fury
Skilled Sniper
Sonic Boom
Tormentor
Trueshot Prodigy"
Akshan,"Aim for the Head
Big Dragon Energy
Blood Brother
Cerberus
Critical Rhythm
Deathtouch
Deft
Draw Your Sword
Dual Wield
Energetic
escAPADe
Fallen Aegis
Fan the Hammer
Firebrand
Get Excited!
Giant Slayer
Glass Cannon
Goredrink
Hold Very Still
Leg Day
Light 'em Up!
Lightning Strikes
Mystic Punch
Numb to Pain
Quest: Three Sacred Treasures
Scopiest Weapons
Shrink Ray
Slow and Steady
Symphony of War
Tap Dancer
Twice Thrice
Typhoon
Upgrade Collector","Adamant
ADAPt
All For You
Big Brain
Circle of Death
Courage of the Colossus
Crack Open That Egg
Dark Blessing
Desecrator
Eureka
Final Form
First-Aid Kit
Guilty Pleasure
Holy Fire
Impassable
Marksmage
Mercy
Ominous Pact
Phenomenal Evil
Protein Shake
Quest: Angel of Retribution
Quest: Icathia's Fall
Quest: Wooglet's Witchcap
Righteous Fury
Slap Around
Sonic Boom
Stuck In Here With Me
Tormentor
Twin Fire
Unshackled
Witchful Thinking"
Alistar,"Adamant
ADAPt
Big Brain
Celestial Body
Center of the Universe
Clothesline
Combo Master
Courage of the Colossus
Critical Healing
Desecrator
Doomsayer
Dreadbringer
Eureka
Executioner
Final Form
From Beginning to End
Frost Wraith
Giant Slayer
Glass Cannon
Goliath
Guilty Pleasure
Heavy Hitter
Hold Very Still
Ice Cold
Impassable
Infernal Conduit
It's Killing Time
Jeweled Gauntlet
Keystone Conjurer
Light Warden
Magic Missile
Magical Girl
Marksmage
Mercy
Mind to Matter
Mirror Image
Mountain Soul
Ominous Pact
Perseverance
Phenomenal Evil
Protein Shake
Quest: Icathia's Fall
Quest: Steel Your Heart
Quest: Wooglet's Witchcap
Rabble Rousing
Self Destruct
Slap Around
Slime Time
Speed Demon
Spirit Link
Tank Engine
Tormentor
Unshackled
Weighted Popoffs
Willing Sacrifice
Witchful Thinking","And My Axe!
Blunt Force
Critical Rhythm
Draw Your Sword
escAPADe
Lightning Strikes
Skilled Sniper
The Brutalizer
Trueshot Prodigy
Upgrade Collector
Upgrade Hubris"
Amumu,"Adamant
ADAPt
Big Brain
Celestial Body
Center of the Universe
Clothesline
Combo Master
Courage of the Colossus
Critical Healing
Desecrator
Doomsayer
Dreadbringer
Eureka
Executioner
Final Form
From Beginning to End
Frost Wraith
Giant Slayer
Glass Cannon
Goliath
Guilty Pleasure
Heavy Hitter
Hold Very Still
Ice Cold
Impassable
Infernal Conduit
It's Killing Time
Jeweled Gauntlet
Keystone Conjurer
Light Warden
Magic Missile
Magical Girl
Marksmage
Mercy
Mind to Matter
Mirror Image
Mountain Soul
Ominous Pact
Perseverance
Phenomenal Evil
Quest: Icathia's Fall
Quest: Steel Your Heart
Quest: Wooglet's Witchcap
Rabble Rousing
Self Destruct
Slap Around
Slime Time
Speed Demon
Spirit Link
Tank Engine
Tormentor
Unshackled
Weighted Popoffs
Willing Sacrifice
Witchful Thinking","All For You
And My Axe!
Blunt Force
Circle of Death
Crack Open That Egg
Critical Rhythm
Dark Blessing
Draw Your Sword
escAPADe
First-Aid Kit
Holy Fire
Lightning Strikes
Quest: Angel of Retribution
Righteous Fury
Skilled Sniper
Sonic Boom
The Brutalizer
Trueshot Prodigy
Upgrade Collector
Upgrade Hubris"
Anivia,"Adamant
ADAPt
Big Brain
Combo Master
Desecrator
Doomsayer
Eureka
Executioner
From Beginning to End
Giant Slayer
Glass Cannon
Hold Very Still
Ice Cold
Infernal Conduit
It's Killing Time
Jeweled Gauntlet
Keystone Conjurer
Magic Missile
Magical Girl
Marksmage
Mind to Matter
Mirror Image
Ominous Pact
Phenomenal Evil
Quest: Wooglet's Witchcap
Speed Demon
Spellwake
Unshackled
Weighted Popoffs
Witchful Thinking","All For You
Blunt Force
Bodyguard
Circle of Death
Crack Open That Egg
Critical Rhythm
Dark Blessing
Dashing
Demon's Dance
Despoil
Draw Your Sword
Earthwake
escAPADe
First-Aid Kit
Holy Fire
Lightning Strikes
Now You See Me
Outlaw's Grit
Protein Shake
Quest: Angel of Retribution
Quest: Icathia's Fall
Righteous Fury
Shadow Runner
Sonic Boom
Stuck In Here With Me
The Brutalizer
Trailblazer
Upgrade Collector
Upgrade Hubris
Wind Beneath Blade"
Annie,"Adamant
ADAPt
Big Brain
Combo Master
Desecrator
Doomsayer
Eureka
Executioner
From Beginning to End
Giant Slayer
Glass Cannon
Hold Very Still
Ice Cold
Infernal Conduit
It's Killing Time
Jeweled Gauntlet
Keystone Conjurer
Magic Missile
Magical Girl
Marksmage
Mind to Matter
Mirror Image
Ominous Pact
Phenomenal Evil
Quest: Wooglet's Witchcap
Speed Demon
Spellwake
Unshackled
Weighted Popoffs
Witchful Thinking","Blunt Force
Bodyguard
Critical Rhythm
Dashing
Demon's Dance
Despoil
Draw Your Sword
Earthwake
escAPADe
Lightning Strikes
Now You See Me
Outlaw's Grit
Quest: Icathia's Fall
Shadow Runner
Stuck In Here With Me
The Brutalizer
Trailblazer
Upgrade Collector
Upgrade Hubris
Wind Beneath Blade"
Aphelios,"Aim for the Head
Big Dragon Energy
Blood Brother
Cerberus
Critical Rhythm
Deathtouch
Deft
Draw Your Sword
Dual Wield
Energetic
escAPADe
Fallen Aegis
Fan the Hammer
Firebrand
Get Excited!
Giant Slayer
Glass Cannon
Goredrink
Hold Very Still
Leg Day
Light 'em Up!
Lightning Strikes
Mystic Punch
Numb to Pain
Quest: Three Sacred Treasures
Scopiest Weapons
Shrink Ray
Slow and Steady
Symphony of War
Tap Dancer
Twice Thrice
Typhoon
Upgrade Collector","ADAPt
All For You
Big Brain
Bodyguard
Circle of Death
Crack Open That Egg
Dark Blessing
Dashing
Despoil
Earthwake
Eureka
Final Form
First-Aid Kit
Holy Fire
Marksmage
Now You See Me
Ominous Pact
Outlaw's Grit
Phenomenal Evil
Protein Shake
Quest: Angel of Retribution
Quest: Icathia's Fall
Quest: Wooglet's Witchcap
Righteous Fury
Shadow Runner
Sonic Boom
Stuck In Here With Me
Trailblazer
Twin Fire
Unshackled
Wind Beneath Blade
Witchful Thinking"
Ashe,"Aim for the Head
Big Dragon Energy
Blood Brother
Cerberus
Critical Rhythm
Deathtouch
Deft
Doomsayer
Draw Your Sword
Dual Wield
Energetic
escAPADe
Fallen Aegis
Fan the Hammer
Firebrand
From Beginning to End
Get Excited!
Giant Slayer
Glass Cannon
Goredrink
Hold Very Still
Leg Day
Light 'em Up!
Lightning Strikes
Mystic Punch
Numb to Pain
OK Boomerang
Quest: Three Sacred Treasures
Repulsor
Scopiest Weapons
Shrink Ray
Skilled Sniper
Slow and Steady
Spellwake
Symphony of War
Tap Dancer
Trueshot Prodigy
Twice Thrice
Typhoon
Upgrade Collector","Adamant
ADAPt
All For You
Big Brain
Bodyguard
Circle of Death
Courage of the Colossus
Crack Open That Egg
Dark Blessing
Dashing
Desecrator
Despoil
Earthwake
Eureka
Final Form
First-Aid Kit
Guilty Pleasure
Holy Fire
Impassable
Marksmage
Mercy
Now You See Me
Ominous Pact
Outlaw's Grit
Phenomenal Evil
Protein Shake
Quest: Angel of Retribution
Quest: Icathia's Fall
Quest: Wooglet's Witchcap
Righteous Fury
Shadow Runner
Slap Around
Sonic Boom
Stuck In Here With Me
Tormentor
Trailblazer
Twin Fire
Unshackled
Wind Beneath Blade
Witchful Thinking"
AurelionSol,"ADAPt
Big Brain
Combo Master
Doomsayer
Eureka
Executioner
From Beginning to End
Giant Slayer
Glass Cannon
Hold Very Still
Ice Cold
Infernal Conduit
It's Killing Time
Jeweled Gauntlet
Keystone Conjurer
Magic Missile
Magical Girl
Marksmage
Mind to Matter
Mirror Image
Ominous Pact
Phenomenal Evil
Quest: Wooglet's Witchcap
Speed Demon
Spellwake
Unshackled
Weighted Popoffs
Witchful Thinking","All For You
Blunt Force
Bodyguard
Circle of Death
Courage of the Colossus
Crack Open That Egg
Critical Rhythm
Dark Blessing
Dashing
Demon's Dance
Despoil
Draw Your Sword
Earthwake
escAPADe
First-Aid Kit
Guilty Pleasure
Holy Fire
Impassable
Lightning Strikes
Mercy
Now You See Me
Outlaw's Grit
Protein Shake
Quest: Angel of Retribution
Quest: Icathia's Fall
Righteous Fury
Shadow Runner
Slap Around
Sonic Boom
Stuck In Here With Me
The Brutalizer
Tormentor
Trailblazer
Upgrade Collector
Upgrade Hubris
Wind Beneath Blade"
Aurora,"ADAPt
Big Brain
Blade Waltz
Clown College
Combo Master
Contract Killer
Dashing
Despoil
Doomsayer
Earthwake
Eureka
Executioner
Fallen Aegis
From Beginning to End
Get Excited!
Giant Slayer
Glass Cannon
Goredrink
Hold Very Still
Ice Cold
Infernal Conduit
It's Killing Time
Jeweled Gauntlet
Keystone Conjurer
Kill Secured
Magic Missile
Magical Girl
Marksmage
Mind to Matter
Mirror Image
Now You See Me
Ominous Pact
Outlaw's Grit
Phenomenal Evil
Quest: Wooglet's Witchcap
Self Destruct
Serve Beyond Death
Shadow Runner
Speed Demon
Spellwake
Trailblazer
Unshackled
Vanish
Weighted Popoffs
Wind Beneath Blade
Witchful Thinking","All For You
Blunt Force
Circle of Death
Courage of the Colossus
Crack Open That Egg
Critical Rhythm
Dark Blessing
Demon's Dance
Draw Your Sword
First-Aid Kit
Guilty Pleasure
Holy Fire
Impassable
Lightning Strikes
Mercy
Protein Shake
Quest: Angel of Retribution
Quest: Icathia's Fall
Righteous Fury
Skilled Sniper
Slap Around
Sonic Boom
Stuck In Here With Me
The Brutalizer
Tormentor
Trueshot Prodigy"
Azir,"ADAPt
Aim for the Head
Big Brain
Big Dragon Energy
Blood Brother
Cerberus
Combo Master
Deathtouch
Deft
Doomsayer
Dual Wield
Energetic
Eureka
Executioner
Fallen Aegis
Fan the Hammer
Firebrand
From Beginning to End
Get Excited!
Giant Slayer
Glass Cannon
Goredrink
Hold Very Still
Ice Cold
Infernal Conduit
It's Killing Time
Jeweled Gauntlet
Keystone Conjurer
Leg Day
Light 'em Up!
Magic Missile
Magical Girl
Marksmage
Mind to Matter
Mirror Image
Mystic Punch
Numb to Pain
Ominous Pact
Phenomenal Evil
Quest: Three Sacred Treasures
Quest: Wooglet's Witchcap
Scopiest Weapons
Shrink Ray
Slow and Steady
Speed Demon
Spellwake
Symphony of War
Tap Dancer
Twice Thrice
Typhoon
Unshackled
Weighted Popoffs
Witchful Thinking
Zealot","All For You
Blunt Force
Circle of Death
Courage of the Colossus
Crack Open That Egg
Dark Blessing
First-Aid Kit
Guilty Pleasure
Holy Fire
Impassable
Mercy
Protein Shake
Quest: Angel of Retribution
Quest: Icathia's Fall
Righteous Fury
Slap Around
Sonic Boom
Stuck In Here With Me
The Brutalizer
Tormentor
Upgrade Hubris"
Bard,"Adamant
ADAPt
All For You
Banner of Command
Big Brain
Celestial Body
Circle of Death
Combo Master
Crack Open That Egg
Critical Healing
Dark Blessing
Defensive Maneuvers
Desecrator
Doomsayer
Eureka
Executioner
Feel the Burn
First-Aid Kit
From Beginning to End
Fruits of Your Labor
Giant Slayer
Glass Cannon
Hold Very Still
Holy Fire
Ice Cold
Impassable
Infernal Conduit
It's Killing Time
Jeweled Gauntlet
Keystone Conjurer
Light Warden
Magic Missile
Magical Girl
Marksmage
Mind to Matter
Mirror Image
Ominous Pact
Phenomenal Evil
Protein Shake
Quest: Angel of Retribution
Quest: Wooglet's Witchcap
Righteous Fury
Shrink Ray
Slap Around
Sonic Boom
Speed Demon
Spellwake
Spirit Link
Unshackled
Weighted Popoffs
Willing Sacrifice
Witchful Thinking","Demon's Dance
Quest: Icathia's Fall
Skilled Sniper
Stuck In Here With Me
Trueshot Prodigy"
Belveth,"Aim for the Head
Big Dragon Energy
Blade Waltz
Blood Brother
Cerberus
Clown College
Combo Master
Contract Killer
Dashing
Deathtouch
Deft
Demon's Dance
Desecrator
Despoil
Doomsayer
Dual Wield
Earthwake
Energetic
escAPADe
Executioner
Fallen Aegis
Fan the Hammer
Final Form
Firebrand
Get Excited!
Giant Slayer
Glass Cannon
Goliath
Goredrink
Hold Very Still
Infernal Soul
It's Killing Time
Jeweled Gauntlet
Kill Secured
Leg Day
Light 'em Up!
Lightning Strikes
Mirror Image
Mystic Punch
Now You See Me
Numb to Pain
Outlaw's Grit
Quest: Three Sacred Treasures
Scopiest Weapons
Self Destruct
Serve Beyond Death
Shadow Runner
Shrink Ray
Slap Around
Slow and Steady
Speed Demon
Symphony of War
Tap Dancer
The Brutalizer
Thread the Needle
Trailblazer
Twice Thrice
Typhoon
Upgrade Collector
Upgrade Hubris
Vanish
Weighted Popoffs
Wind Beneath Blade","All For You
And My Axe!
Big Brain
Circle of Death
Crack Open That Egg
Dark Blessing
Eureka
First-Aid Kit
Holy Fire
Juiced
Marksmage
Mind to Matter
Ominous Pact
Overflow
Phenomenal Evil
Protein Shake
Quest: Angel of Retribution
Quest: Wooglet's Witchcap
Righteous Fury
Skilled Sniper
Sonic Boom
Spellwake
Trueshot Prodigy
Twin Fire
Unshackled
Witchful Thinking"
Blitzcrank,"Adamant
ADAPt
Big Brain
Celestial Body
Center of the Universe
Clothesline
Combo Master
Courage of the Colossus
Critical Healing
Desecrator
Doomsayer
Dreadbringer
Eureka
Executioner
Final Form
From Beginning to End
Frost Wraith
Giant Slayer
Glass Cannon
Goliath
Guilty Pleasure
Heavy Hitter
Hold Very Still
Ice Cold
Impassable
Infernal Conduit
It's Killing Time
Jeweled Gauntlet
Keystone Conjurer
Light Warden
Magic Missile
Magical Girl
Marksmage
Mercy
Mind to Matter
Mirror Image
Mountain Soul
Ominous Pact
Perseverance
Phenomenal Evil
Quest: Icathia's Fall
Quest: Steel Your Heart
Quest: Wooglet's Witchcap
Rabble Rousing
Self Destruct
Slap Around
Slime Time
Speed Demon
Spirit Link
Tank Engine
Tormentor
Unshackled
Weighted Popoffs
Willing Sacrifice
Witchful Thinking","All For You
And My Axe!
Bodyguard
Circle of Death
Crack Open That Egg
Critical Rhythm
Dark Blessing
Dashing
Despoil
Draw Your Sword
Earthwake
First-Aid Kit
Holy Fire
Now You See Me
Outlaw's Grit
Quest: Angel of Retribution
Righteous Fury
Shadow Runner
Skilled Sniper
Sonic Boom
Trailblazer
Trueshot Prodigy
Wind Beneath Blade"
Brand,"Adamant
ADAPt
Big Brain
Combo Master
Desecrator
Doomsayer
Eureka
Executioner
From Beginning to End
Giant Slayer
Glass Cannon
Hold Very Still
Ice Cold
Infernal Conduit
It's Killing Time
Jeweled Gauntlet
Keystone Conjurer
Magic Missile
Magical Girl
Marksmage
Mind to Matter
Mirror Image
Ominous Pact
Phenomenal Evil
Quest: Wooglet's Witchcap
Speed Demon
Spellwake
Unshackled
Weighted Popoffs
Witchful Thinking","All For You
Blunt Force
Bodyguard
Circle of Death
Crack Open That Egg
Critical Rhythm
Dark Blessing
Dashing
Demon's Dance
Despoil
Draw Your Sword
Earthwake
escAPADe
First-Aid Kit
Holy Fire
Lightning Strikes
Now You See Me
Outlaw's Grit
Protein Shake
Quest: Angel of Retribution
Quest: Icathia's Fall
Righteous Fury
Shadow Runner
Sonic Boom
Stuck In Here With Me
The Brutalizer
Trailblazer
Upgrade Collector
Upgrade Hubris
Wind Beneath Blade"
Braum,"Adamant
Celestial Body
Center of the Universe
Clothesline
Courage of the Colossus
Critical Healing
Desecrator
Dreadbringer
Final Form
Frost Wraith
Goliath
Guilty Pleasure
Heavy Hitter
Impassable
Light Warden
Magical Girl
Mercy
Mountain Soul
Perseverance
Quest: Icathia's Fall
Quest: Steel Your Heart
Rabble Rousing
Self Destruct
Slap Around
Slime Time
Speed Demon
Spirit Link
Tank Engine
Tormentor
Willing Sacrifice","All For You
And My Axe!
Circle of Death
Crack Open That Egg
Critical Rhythm
Dark Blessing
Draw Your Sword
First-Aid Kit
Holy Fire
Quest: Angel of Retribution
Righteous Fury
Skilled Sniper
Sonic Boom
Spellwake
Trueshot Prodigy"
Briar,"Aim for the Head
Big Dragon Energy
Blade Waltz
Blood Brother
Cerberus
Combo Master
Deathtouch
Deft
Demon's Dance
Desecrator
Doomsayer
Dual Wield
Energetic
escAPADe
Executioner
Fallen Aegis
Fan the Hammer
Firebrand
Get Excited!
Giant Slayer
Glass Cannon
Goliath
Goredrink
Hold Very Still
Infernal Soul
Jeweled Gauntlet
Leg Day
Light 'em Up!
Lightning Strikes
Mystic Punch
Numb to Pain
Quest: Three Sacred Treasures
Scopiest Weapons
Serve Beyond Death
Shrink Ray
Slap Around
Slow and Steady
Speed Demon
Symphony of War
Tap Dancer
The Brutalizer
Thread the Needle
Twice Thrice
Typhoon
Upgrade Collector
Upgrade Hubris
Weighted Popoffs
Wind Beneath Blade
Zealot","All For You
And My Axe!
Crack Open That Egg
Dark Blessing
Juiced
Mind to Matter
Overflow
Protein Shake
Quest: Angel of Retribution
Righteous Fury
Skilled Sniper
Sonic Boom
Spellwake
Trueshot Prodigy"
Caitlyn,"Aim for the Head
Big Dragon Energy
Blood Brother
Cerberus
Critical Rhythm
Deathtouch
Deft
Doomsayer
Draw Your Sword
Dual Wield
Energetic
escAPADe
Fallen Aegis
Fan the Hammer
Firebrand
From Beginning to End
Get Excited!
Giant Slayer
Glass Cannon
Goredrink
Hold Very Still
Leg Day
Light 'em Up!
Lightning Strikes
Mystic Punch
Numb to Pain
OK Boomerang
Quest: Three Sacred Treasures
Repulsor
Scopiest Weapons
Shrink Ray
Skilled Sniper
Slow and Steady
Spellwake
Symphony of War
Tap Dancer
Trueshot Prodigy
Twice Thrice
Typhoon
Upgrade Collector","ADAPt
All For You
Big Brain
Circle of Death
Crack Open That Egg
Dark Blessing
Eureka
Final Form
First-Aid Kit
Holy Fire
Marksmage
Ominous Pact
Phenomenal Evil
Protein Shake
Quest: Angel of Retribution
Quest: Icathia's Fall
Quest: Wooglet's Witchcap
Righteous Fury
Sonic Boom
Stuck In Here With Me
Twin Fire
Unshackled
Witchful Thinking"
Camille,"Aim for the Head
Big Dragon Energy
Blade Waltz
Blood Brother
Cerberus
Combo Master
Deathtouch
Deft
Demon's Dance
Desecrator
Doomsayer
Dual Wield
Energetic
escAPADe
Executioner
Fallen Aegis
Fan the Hammer
Firebrand
Get Excited!
Giant Slayer
Glass Cannon
Goliath
Goredrink
Hold Very Still
Infernal Soul
Jeweled Gauntlet
Leg Day
Light 'em Up!
Lightning Strikes
Mystic Punch
Numb to Pain
Quest: Three Sacred Treasures
Scopiest Weapons
Serve Beyond Death
Shrink Ray
Slap Around
Slow and Steady
Speed Demon
Symphony of War
Tap Dancer
The Brutalizer
Thread the Needle
Twice Thrice
Typhoon
Upgrade Collector
Upgrade Hubris
Weighted Popoffs
Wind Beneath Blade","ADAPt
All For You
And My Axe!
Big Brain
Crack Open That Egg
Dark Blessing
Eureka
Marksmage
Ominous Pact
Phenomenal Evil
Protein Shake
Quest: Angel of Retribution
Quest: Wooglet's Witchcap
Righteous Fury
Skilled Sniper
Sonic Boom
Spellwake
Trueshot Prodigy
Twin Fire
Unshackled
Witchful Thinking"
Cassiopeia,"Adamant
ADAPt
Big Brain
Combo Master
Desecrator
Doomsayer
Eureka
Executioner
From Beginning to End
Giant Slayer
Glass Cannon
Hold Very Still
Ice Cold
Infernal Conduit
It's Killing Time
Jeweled Gauntlet
Keystone Conjurer
Magic Missile
Magical Girl
Marksmage
Mind to Matter
Mirror Image
Ominous Pact
Phenomenal Evil
Quest: Wooglet's Witchcap
Speed Demon
Spellwake
Unshackled
Weighted Popoffs
Witchful Thinking","All For You
Blunt Force
Bodyguard
Crack Open That Egg
Critical Rhythm
Dark Blessing
Dashing
Demon's Dance
Despoil
Draw Your Sword
Earthwake
escAPADe
Lightning Strikes
Now You See Me
Outlaw's Grit
Protein Shake
Quest: Angel of Retribution
Quest: Icathia's Fall
Righteous Fury
Shadow Runner
Sonic Boom
Stuck In Here With Me
The Brutalizer
Trailblazer
Upgrade Collector
Upgrade Hubris
Wind Beneath Blade"
Chogath,"Adamant
ADAPt
Big Brain
Celestial Body
Center of the Universe
Clothesline
Combo Master
Courage of the Colossus
Critical Healing
Desecrator
Doomsayer
Dreadbringer
Eureka
Executioner
Final Form
From Beginning to End
Frost Wraith
Giant Slayer
Glass Cannon
Goliath
Guilty Pleasure
Heavy Hitter
Hold Very Still
Ice Cold
Impassable
Infernal Conduit
It's Killing Time
Jeweled Gauntlet
Keystone Conjurer
Light Warden
Magic Missile
Magical Girl
Marksmage
Mercy
Mind to Matter
Mirror Image
Mountain Soul
Ominous Pact
Perseverance
Phenomenal Evil
Quest: Icathia's Fall
Quest: Steel Your Heart
Quest: Wooglet's Witchcap
Rabble Rousing
Self Destruct
Slap Around
Slime Time
Speed Demon
Spirit Link
Tank Engine
Tormentor
Unshackled
Weighted Popoffs
Willing Sacrifice
Witchful Thinking","All For You
And My Axe!
Blunt Force
Bodyguard
Circle of Death
Crack Open That Egg
Critical Rhythm
Dark Blessing
Dashing
Despoil
Draw Your Sword
Earthwake
escAPADe
First-Aid Kit
Holy Fire
Lightning Strikes
Now You See Me
Outlaw's Grit
Quest: Angel of Retribution
Righteous Fury
Shadow Runner
Sonic Boom
The Brutalizer
Trailblazer
Upgrade Collector
Upgrade Hubris
Wind Beneath Blade"
Corki,"Aim for the Head
Big Dragon Energy
Blade Waltz
Blood Brother
Cerberus
Combo Master
Critical Healing
Critical Rhythm
Deathtouch
Deft
Doomsayer
Double Tap
Draw Your Sword
Dual Wield
Energetic
escAPADe
Executioner
Fallen Aegis
Fan the Hammer
Firebrand
From Beginning to End
Get Excited!
Giant Slayer
Glass Cannon
Goliath
Goredrink
Hold Very Still
Infernal Soul
It's Critical
Jeweled Gauntlet
Juiced
Leg Day
Light 'em Up!
Lightning Strikes
Mystic Punch
Numb to Pain
OK Boomerang
Quest: Three Sacred Treasures
Repulsor
Scopiest Weapons
Serve Beyond Death
Shrink Ray
Skilled Sniper
Slow and Steady
Soul Siphon
Speed Demon
Spellwake
Symphony of War
Tank It Or Leave It
Tap Dancer
The Brutalizer
Thread the Needle
Trueshot Prodigy
Twice Thrice
Twin Fire
Typhoon
Upgrade Collector
Upgrade Hubris
Vulnerability
Weighted Popoffs
Wind Beneath Blade
Zealot","Adamant
All For You
Circle of Death
Courage of the Colossus
Crack Open That Egg
Dark Blessing
Final Form
First-Aid Kit
Guilty Pleasure
Holy Fire
Impassable
Mercy
Protein Shake
Quest: Angel of Retribution
Quest: Icathia's Fall
Righteous Fury
Sonic Boom
Stuck In Here With Me
Tormentor"
Darius,"Adamant
Blade Waltz
Celestial Body
Center of the Universe
Clothesline
Combo Master
Courage of the Colossus
Critical Healing
Demon's Dance
Desecrator
Doomsayer
Dreadbringer
Energetic
escAPADe
Executioner
Final Form
Frost Wraith
Get Excited!
Glass Cannon
Goliath
Goredrink
Guilty Pleasure
Heavy Hitter
Hold Very Still
Holy Fire
Impassable
Infernal Soul
Jeweled Gauntlet
Light Warden
Magical Girl
Mercy
Mountain Soul
Mystic Punch
Perseverance
Quest: Icathia's Fall
Quest: Steel Your Heart
Rabble Rousing
Self Destruct
Serve Beyond Death
Slap Around
Slime Time
Slow Cooker
Speed Demon
Spirit Link
Symphony of War
Tank Engine
The Brutalizer
Thread the Needle
Tormentor
Upgrade Hubris
Weighted Popoffs
Willing Sacrifice","ADAPt
All For You
And My Axe!
Big Brain
Bodyguard
Crack Open That Egg
Critical Rhythm
Dark Blessing
Dashing
Despoil
Draw Your Sword
Earthwake
Eureka
Marksmage
Now You See Me
Ominous Pact
Outlaw's Grit
Phenomenal Evil
Quest: Angel of Retribution
Quest: Wooglet's Witchcap
Righteous Fury
Shadow Runner
Skilled Sniper
Sonic Boom
Spellwake
Trailblazer
Trueshot Prodigy
Twin Fire
Unshackled
Witchful Thinking
Zealot"
Diana,"ADAPt
Big Brain
Blade Waltz
Clown College
Combo Master
Contract Killer
Dashing
Despoil
Doomsayer
Earthwake
Eureka
Executioner
Fallen Aegis
Final Form
From Beginning to End
Get Excited!
Giant Slayer
Glass Cannon
Goredrink
Hold Very Still
Ice Cold
Infernal Conduit
It's Killing Time
Jeweled Gauntlet
Keystone Conjurer
Kill Secured
Magic Missile
Magical Girl
Marksmage
Mind to Matter
Mirror Image
Now You See Me
Ominous Pact
Outlaw's Grit
Phenomenal Evil
Quest: Wooglet's Witchcap
Self Destruct
Serve Beyond Death
Shadow Runner
Speed Demon
Trailblazer
Unshackled
Vanish
Weighted Popoffs
Wind Beneath Blade
Witchful Thinking","All For You
And My Axe!
Blunt Force
Courage of the Colossus
Crack Open That Egg
Critical Rhythm
Dark Blessing
Draw Your Sword
Guilty Pleasure
Impassable
Lightning Strikes
Mercy
Protein Shake
Quest: Angel of Retribution
Righteous Fury
Slap Around
Sonic Boom
The Brutalizer
Tormentor"
DrMundo,"Celestial Body
Center of the Universe
Clothesline
Critical Healing
Dreadbringer
Final Form
Frost Wraith
Goliath
Heavy Hitter
Light Warden
Magical Girl
Mountain Soul
Perseverance
Quest: Icathia's Fall
Quest: Steel Your Heart
Rabble Rousing
Self Destruct
Slime Time
Speed Demon
Spirit Link
Tank Engine
Willing Sacrifice","ADAPt
All For You
And My Axe!
Big Brain
Bodyguard
Crack Open That Egg
Critical Rhythm
Dark Blessing
Dashing
Despoil
Draw Your Sword
Earthwake
Eureka
Juiced
Marksmage
Mind to Matter
Now You See Me
Ominous Pact
Outlaw's Grit
Overflow
Phenomenal Evil
Quest: Angel of Retribution
Quest: Wooglet's Witchcap
Righteous Fury
Shadow Runner
Sonic Boom
Spellwake
Trailblazer
Twin Fire
Unshackled
Wind Beneath Blade
Witchful Thinking
Zealot"
Draven,"Aim for the Head
Big Dragon Energy
Blade Waltz
Blood Brother
Cerberus
Combo Master
Critical Rhythm
Deathtouch
Deft
Desecrator
Doomsayer
Draw Your Sword
Dual Wield
Energetic
escAPADe
Executioner
Fallen Aegis
Fan the Hammer
Firebrand
Get Excited!
Giant Slayer
Glass Cannon
Goliath
Goredrink
Hold Very Still
Infernal Soul
Jeweled Gauntlet
Leg Day
Light 'em Up!
Lightning Strikes
Mystic Punch
Numb to Pain
Quest: Three Sacred Treasures
Scopiest Weapons
Serve Beyond Death
Shrink Ray
Slap Around
Slow and Steady
Speed Demon
Symphony of War
Tap Dancer
The Brutalizer
Thread the Needle
Twice Thrice
Typhoon
Upgrade Collector
Upgrade Hubris
Weighted Popoffs","ADAPt
All For You
Big Brain
Bodyguard
Circle of Death
Crack Open That Egg
Dark Blessing
Dashing
Despoil
Earthwake
Eureka
Final Form
First-Aid Kit
Holy Fire
Marksmage
Now You See Me
Ominous Pact
Outlaw's Grit
Phenomenal Evil
Protein Shake
Quest: Angel of Retribution
Quest: Icathia's Fall
Quest: Wooglet's Witchcap
Righteous Fury
Shadow Runner
Sonic Boom
Stuck In Here With Me
Trailblazer
Twin Fire
Unshackled
Witchful Thinking"
Ekko,"Adamant
ADAPt
Big Brain
Blade Waltz
Clown College
Combo Master
Contract Killer
Dashing
Desecrator
Despoil
Doomsayer
Earthwake
Eureka
Executioner
Fallen Aegis
Final Form
From Beginning to End
Get Excited!
Giant Slayer
Glass Cannon
Goredrink
Hold Very Still
Ice Cold
Infernal Conduit
It's Killing Time
Jeweled Gauntlet
Keystone Conjurer
Kill Secured
Magic Missile
Magical Girl
Marksmage
Mind to Matter
Mirror Image
Now You See Me
Ominous Pact
Outlaw's Grit
Phenomenal Evil
Quest: Wooglet's Witchcap
Self Destruct
Serve Beyond Death
Shadow Runner
Speed Demon
Trailblazer
Unshackled
Vanish
Weighted Popoffs
Wind Beneath Blade
Witchful Thinking","All For You
And My Axe!
Blunt Force
Circle of Death
Crack Open That Egg
Critical Rhythm
Dark Blessing
Draw Your Sword
First-Aid Kit
Holy Fire
Lightning Strikes
Protein Shake
Quest: Angel of Retribution
Righteous Fury
Skilled Sniper
Sonic Boom
The Brutalizer
Trueshot Prodigy"
Elise,"Adamant
ADAPt
Big Brain
Blade Waltz
Clown College
Combo Master
Contract Killer
Dashing
Desecrator
Despoil
Doomsayer
Earthwake
Eureka
Executioner
Fallen Aegis
From Beginning to End
Get Excited!
Giant Slayer
Glass Cannon
Goredrink
Hold Very Still
Ice Cold
Infernal Conduit
Jeweled Gauntlet
Keystone Conjurer
Kill Secured
Magic Missile
Magical Girl
Marksmage
Mind to Matter
Mirror Image
Now You See Me
Ominous Pact
Outlaw's Grit
Phenomenal Evil
Quest: Wooglet's Witchcap
Self Destruct
Serve Beyond Death
Shadow Runner
Speed Demon
Spellwake
Trailblazer
Unshackled
Vanish
Weighted Popoffs
Wind Beneath Blade
Witchful Thinking","All For You
Back To Basics
Blunt Force
Circle of Death
Crack Open That Egg
Critical Rhythm
Dark Blessing
Demon's Dance
Draw Your Sword
Fey Magic
First-Aid Kit
Holy Fire
Lightning Strikes
Protein Shake
Quest: Angel of Retribution
Quest: Icathia's Fall
Righteous Fury
Sonic Boom
Stuck In Here With Me
The Brutalizer
Ultimate Revolution
Ultimate Unstoppable"
Evelynn,"Adamant
ADAPt
Big Brain
Blade Waltz
Clown College
Combo Master
Contract Killer
Dashing
Desecrator
Despoil
Doomsayer
Earthwake
Eureka
Executioner
Fallen Aegis
Final Form
From Beginning to End
Get Excited!
Giant Slayer
Glass Cannon
Goredrink
Hold Very Still
Ice Cold
Infernal Conduit
It's Killing Time
Jeweled Gauntlet
Keystone Conjurer
Kill Secured
Magic Missile
Magical Girl
Marksmage
Mind to Matter
Mirror Image
Now You See Me
Ominous Pact
Outlaw's Grit
Phenomenal Evil
Quest: Wooglet's Witchcap
Self Destruct
Serve Beyond Death
Shadow Runner
Speed Demon
Trailblazer
Unshackled
Vanish
Weighted Popoffs
Wind Beneath Blade
Witchful Thinking","All For You
And My Axe!
Blunt Force
Circle of Death
Crack Open That Egg
Critical Rhythm
Dark Blessing
Draw Your Sword
First-Aid Kit
Holy Fire
Lightning Strikes
Protein Shake
Quest: Angel of Retribution
Righteous Fury
Skilled Sniper
Sonic Boom
The Brutalizer
Trueshot Prodigy"
Ezreal,"Aim for the Head
Big Dragon Energy
Blood Brother
Cerberus
Critical Rhythm
Deathtouch
Deft
Doomsayer
Draw Your Sword
Dual Wield
Energetic
escAPADe
Fallen Aegis
Fan the Hammer
Firebrand
From Beginning to End
Get Excited!
Giant Slayer
Glass Cannon
Goredrink
Hold Very Still
Leg Day
Light 'em Up!
Lightning Strikes
Mystic Punch
Numb to Pain
OK Boomerang
Quest: Three Sacred Treasures
Repulsor
Scopiest Weapons
Shrink Ray
Skilled Sniper
Slow and Steady
Spellwake
Symphony of War
Tap Dancer
Trueshot Prodigy
Twice Thrice
Typhoon
Upgrade Collector
Zealot","Adamant
All For You
Circle of Death
Courage of the Colossus
Crack Open That Egg
Dark Blessing
Desecrator
Final Form
First-Aid Kit
Guilty Pleasure
Holy Fire
Impassable
Mercy
Protein Shake
Quest: Angel of Retribution
Quest: Icathia's Fall
Righteous Fury
Slap Around
Sonic Boom
Stuck In Here With Me
Tormentor"
FiddleSticks,"Adamant
ADAPt
Big Brain
Combo Master
Desecrator
Doomsayer
Eureka
Executioner
From Beginning to End
Giant Slayer
Glass Cannon
Hold Very Still
Ice Cold
Infernal Conduit
It's Killing Time
Jeweled Gauntlet
Keystone Conjurer
Magic Missile
Magical Girl
Marksmage
Mind to Matter
Mirror Image
Ominous Pact
Phenomenal Evil
Quest: Wooglet's Witchcap
Speed Demon
Spellwake
Unshackled
Weighted Popoffs
Witchful Thinking","All For You
Blunt Force
Crack Open That Egg
Critical Rhythm
Dark Blessing
Demon's Dance
Draw Your Sword
escAPADe
Lightning Strikes
Protein Shake
Quest: Angel of Retribution
Quest: Icathia's Fall
Righteous Fury
Sonic Boom
Stuck In Here With Me
The Brutalizer
Upgrade Collector
Upgrade Hubris"
Fiora,"Aim for the Head
Big Dragon Energy
Blade Waltz
Blood Brother
Cerberus
Clown College
Combo Master
Contract Killer
Dashing
Deathtouch
Deft
Demon's Dance
Despoil
Doomsayer
Dual Wield
Earthwake
Energetic
escAPADe
Executioner
Fallen Aegis
Fan the Hammer
Final Form
Firebrand
Get Excited!
Giant Slayer
Glass Cannon
Goliath
Goredrink
Hold Very Still
Infernal Soul
It's Killing Time
Jeweled Gauntlet
Kill Secured
Leg Day
Light 'em Up!
Lightning Strikes
Mirror Image
Mystic Punch
Now You See Me
Numb to Pain
Outlaw's Grit
Quest: Three Sacred Treasures
Scopiest Weapons
Self Destruct
Serve Beyond Death
Shadow Runner
Shrink Ray
Slow and Steady
Speed Demon
Symphony of War
Tap Dancer
The Brutalizer
Thread the Needle
Trailblazer
Twice Thrice
Typhoon
Upgrade Collector
Upgrade Hubris
Vanish
Weighted Popoffs
Wind Beneath Blade","Adamant
All For You
And My Axe!
Big Brain
Courage of the Colossus
Crack Open That Egg
Dark Blessing
Eureka
Guilty Pleasure
Impassable
Marksmage
Mercy
Ominous Pact
Phenomenal Evil
Protein Shake
Quest: Angel of Retribution
Quest: Wooglet's Witchcap
Righteous Fury
Skilled Sniper
Sonic Boom
Spellwake
Tormentor
Trueshot Prodigy
Twin Fire
Unshackled
Witchful Thinking"
Fizz,"ADAPt
Big Brain
Blade Waltz
Clown College
Combo Master
Contract Killer
Dashing
Despoil
Doomsayer
Earthwake
escAPADe
Eureka
Executioner
Fallen Aegis
Final Form
From Beginning to End
Get Excited!
Giant Slayer
Glass Cannon
Goredrink
Hold Very Still
Ice Cold
Infernal Conduit
It's Killing Time
Jeweled Gauntlet
Keystone Conjurer
Kill Secured
Magic Missile
Magical Girl
Marksmage
Mind to Matter
Mirror Image
Now You See Me
Ominous Pact
Outlaw's Grit
Phenomenal Evil
Quest: Wooglet's Witchcap
Self Destruct
Serve Beyond Death
Shadow Runner
Speed Demon
Trailblazer
Unshackled
Upgrade Collector
Upgrade Hubris
Vanish
Weighted Popoffs
Wind Beneath Blade
Witchful Thinking","All For You
And My Axe!
Circle of Death
Courage of the Colossus
Crack Open That Egg
Critical Rhythm
Dark Blessing
Draw Your Sword
First-Aid Kit
Guilty Pleasure
Holy Fire
Impassable
Mercy
Protein Shake
Quest: Angel of Retribution
Righteous Fury
Skilled Sniper
Slap Around
Sonic Boom
Tormentor
Trueshot Prodigy"
Galio,"Adamant
ADAPt
Big Brain
Celestial Body
Center of the Universe
Clothesline
Combo Master
Courage of the Colossus
Critical Healing
Desecrator
Doomsayer
Dreadbringer
Eureka
Executioner
Final Form
From Beginning to End
Frost Wraith
Giant Slayer
Glass Cannon
Goliath
Guilty Pleasure
Heavy Hitter
Hold Very Still
Ice Cold
Impassable
Infernal Conduit
It's Killing Time
Jeweled Gauntlet
Keystone Conjurer
Light Warden
Magic Missile
Magical Girl
Marksmage
Mercy
Mind to Matter
Mirror Image
Mountain Soul
Ominous Pact
Perseverance
Phenomenal Evil
Quest: Icathia's Fall
Quest: Steel Your Heart
Quest: Wooglet's Witchcap
Rabble Rousing
Self Destruct
Slap Around
Slime Time
Speed Demon
Spirit Link
Tank Engine
Tormentor
Unshackled
Weighted Popoffs
Willing Sacrifice
Witchful Thinking","All For You
And My Axe!
Blunt Force
Circle of Death
Crack Open That Egg
Critical Rhythm
Dark Blessing
Draw Your Sword
escAPADe
First-Aid Kit
Holy Fire
Lightning Strikes
Quest: Angel of Retribution
Righteous Fury
Sonic Boom
The Brutalizer
Upgrade Collector
Upgrade Hubris"
Gangplank,"Blade Waltz
Combo Master
Demon's Dance
Doomsayer
Energetic
escAPADe
Executioner
From Beginning to End
Get Excited!
Giant Slayer
Glass Cannon
Goliath
Goredrink
Hold Very Still
Infernal Soul
Jeweled Gauntlet
Mystic Punch
OK Boomerang
Repulsor
Serve Beyond Death
Skilled Sniper
Speed Demon
Symphony of War
The Brutalizer
Thread the Needle
Trueshot Prodigy
Upgrade Hubris
Weighted Popoffs","Adamant
All For You
And My Axe!
Bodyguard
Circle of Death
Courage of the Colossus
Crack Open That Egg
Critical Rhythm
Dark Blessing
Dashing
Despoil
Draw Your Sword
Earthwake
First-Aid Kit
Guilty Pleasure
Holy Fire
Impassable
Mercy
Now You See Me
Outlaw's Grit
Protein Shake
Quest: Angel of Retribution
Righteous Fury
Shadow Runner
Sonic Boom
Tormentor
Trailblazer"
Garen,"Aim for the Head
Big Dragon Energy
Blade Waltz
Blood Brother
Celestial Body
Center of the Universe
Cerberus
Clothesline
Combo Master
Critical Healing
Deathtouch
Deft
Demon's Dance
Doomsayer
Dreadbringer
Dual Wield
Energetic
escAPADe
Executioner
Fallen Aegis
Fan the Hammer
Final Form
Firebrand
Frost Wraith
Get Excited!
Giant Slayer
Glass Cannon
Goliath
Goredrink
Heavy Hitter
Hold Very Still
Infernal Soul
Jeweled Gauntlet
Leg Day
Light 'em Up!
Light Warden
Lightning Strikes
Magical Girl
Mountain Soul
Mystic Punch
Numb to Pain
Perseverance
Quest: Icathia's Fall
Quest: Steel Your Heart
Quest: Three Sacred Treasures
Rabble Rousing
Scopiest Weapons
Self Destruct
Serve Beyond Death
Shrink Ray
Slime Time
Slow and Steady
Speed Demon
Spirit Link
Symphony of War
Tank Engine
Tap Dancer
The Brutalizer
Thread the Needle
Twice Thrice
Typhoon
Upgrade Collector
Upgrade Hubris
Weighted Popoffs
Willing Sacrifice","ADAPt
All For You
And My Axe!
Big Brain
Bodyguard
Circle of Death
Crack Open That Egg
Dark Blessing
Dashing
Despoil
Earthwake
Eureka
First-Aid Kit
Holy Fire
Juiced
Marksmage
Mind to Matter
Now You See Me
Ominous Pact
Outlaw's Grit
Overflow
Phenomenal Evil
Quest: Angel of Retribution
Quest: Wooglet's Witchcap
Righteous Fury
Shadow Runner
Skilled Sniper
Sonic Boom
Spellwake
Trailblazer
Trueshot Prodigy
Twin Fire
Unshackled
Witchful Thinking"
Gnar,"Adamant
Aim for the Head
Big Dragon Energy
Blade Waltz
Blood Brother
Celestial Body
Center of the Universe
Cerberus
Clothesline
Combo Master
Courage of the Colossus
Critical Healing
Critical Rhythm
Deathtouch
Deft
Desecrator
Doomsayer
Draw Your Sword
Dreadbringer
Dual Wield
Energetic
escAPADe
Executioner
Fallen Aegis
Fan the Hammer
Firebrand
Frost Wraith
Get Excited!
Giant Slayer
Glass Cannon
Goliath
Goredrink
Guilty Pleasure
Heavy Hitter
Hold Very Still
Impassable
Infernal Soul
Jeweled Gauntlet
Leg Day
Light 'em Up!
Light Warden
Lightning Strikes
Magical Girl
Mercy
Mountain Soul
Mystic Punch
Numb to Pain
Perseverance
Quest: Steel Your Heart
Quest: Three Sacred Treasures
Rabble Rousing
Scopiest Weapons
Self Destruct
Serve Beyond Death
Shrink Ray
Slap Around
Slime Time
Slow and Steady
Speed Demon
Spirit Link
Symphony of War
Tank Engine
Tap Dancer
The Brutalizer
Thread the Needle
Tormentor
Twice Thrice
Typhoon
Upgrade Collector
Upgrade Hubris
Weighted Popoffs
Willing Sacrifice
Wind Beneath Blade
Zealot","All For You
Circle of Death
Crack Open That Egg
Dark Blessing
First-Aid Kit
Holy Fire
Juiced
Mind to Matter
Overflow
Quest: Angel of Retribution
Righteous Fury
Sonic Boom
Stuck In Here With Me"
Gragas,"Adamant
ADAPt
Big Brain
Celestial Body
Center of the Universe
Clothesline
Combo Master
Courage of the Colossus
Critical Healing
Desecrator
Doomsayer
Dreadbringer
Eureka
Executioner
Final Form
From Beginning to End
Frost Wraith
Giant Slayer
Glass Cannon
Goliath
Guilty Pleasure
Heavy Hitter
Hold Very Still
Ice Cold
Impassable
Infernal Conduit
It's Killing Time
Jeweled Gauntlet
Keystone Conjurer
Light Warden
Magic Missile
Magical Girl
Marksmage
Mercy
Mind to Matter
Mirror Image
Mountain Soul
Ominous Pact
Perseverance
Phenomenal Evil
Quest: Icathia's Fall
Quest: Steel Your Heart
Quest: Wooglet's Witchcap
Rabble Rousing
Self Destruct
Slap Around
Slime Time
Speed Demon
Spirit Link
Tank Engine
Tormentor
Unshackled
Weighted Popoffs
Willing Sacrifice
Witchful Thinking","All For You
And My Axe!
Blunt Force
Crack Open That Egg
Critical Rhythm
Dark Blessing
Draw Your Sword
escAPADe
Lightning Strikes
Quest: Angel of Retribution
Righteous Fury
Sonic Boom
The Brutalizer
Upgrade Collector
Upgrade Hubris"
Graves,"Aim for the Head
Big Dragon Energy
Blade Waltz
Blood Brother
Cerberus
Clown College
Combo Master
Contract Killer
Critical Rhythm
Dashing
Deathtouch
Deft
Despoil
Doomsayer
Draw Your Sword
Dual Wield
Earthwake
Energetic
escAPADe
Executioner
Fallen Aegis
Fan the Hammer
Firebrand
Get Excited!
Giant Slayer
Glass Cannon
Goliath
Goredrink
Hold Very Still
Infernal Soul
It's Killing Time
Jeweled Gauntlet
Kill Secured
Leg Day
Light 'em Up!
Lightning Strikes
Mirror Image
Mystic Punch
Now You See Me
Numb to Pain
Outlaw's Grit
Quest: Three Sacred Treasures
Scopiest Weapons
Self Destruct
Serve Beyond Death
Shadow Runner
Shrink Ray
Slow and Steady
Speed Demon
Symphony of War
Tap Dancer
The Brutalizer
Thread the Needle
Trailblazer
Twice Thrice
Typhoon
Upgrade Collector
Upgrade Hubris
Vanish
Weighted Popoffs
Wind Beneath Blade","Adamant
All For You
Big Brain
Circle of Death
Courage of the Colossus
Crack Open That Egg
Dark Blessing
Eureka
First-Aid Kit
Guilty Pleasure
Holy Fire
Impassable
Marksmage
Mercy
Ominous Pact
Phenomenal Evil
Protein Shake
Quest: Angel of Retribution
Quest: Icathia's Fall
Quest: Wooglet's Witchcap
Righteous Fury
Sonic Boom
Stuck In Here With Me
Tormentor
Twin Fire
Unshackled
Witchful Thinking"
Gwen,"ADAPt
Aim for the Head
Big Brain
Big Dragon Energy
Blade Waltz
Blood Brother
Cerberus
Clown College
Combo Master
Contract Killer
Dashing
Deathtouch
Deft
Demon's Dance
Despoil
Doomsayer
Dual Wield
Earthwake
Energetic
Eureka
Executioner
Fallen Aegis
Fan the Hammer
Final Form
Firebrand
From Beginning to End
Get Excited!
Giant Slayer
Glass Cannon
Goredrink
Hold Very Still
Ice Cold
Infernal Conduit
It's Killing Time
Jeweled Gauntlet
Keystone Conjurer
Kill Secured
Leg Day
Light 'em Up!
Magic Missile
Magical Girl
Marksmage
Mind to Matter
Mirror Image
Mystic Punch
Now You See Me
Numb to Pain
Ominous Pact
Outlaw's Grit
Phenomenal Evil
Quest: Three Sacred Treasures
Quest: Wooglet's Witchcap
Scopiest Weapons
Self Destruct
Serve Beyond Death
Shadow Runner
Shrink Ray
Slow and Steady
Speed Demon
Symphony of War
Tap Dancer
Trailblazer
Twice Thrice
Typhoon
Unshackled
Vanish
Weighted Popoffs
Wind Beneath Blade
Witchful Thinking
Zealot","All For You
And My Axe!
Blunt Force
Courage of the Colossus
Crack Open That Egg
Dark Blessing
Guilty Pleasure
Impassable
Mercy
Protein Shake
Quest: Angel of Retribution
Righteous Fury
Skilled Sniper
Slap Around
Sonic Boom
The Brutalizer
Tormentor
Trueshot Prodigy"
Hecarim,"Adamant
Blade Waltz
Celestial Body
Center of the Universe
Clothesline
Combo Master
Courage of the Colossus
Critical Healing
Demon's Dance
Desecrator
Doomsayer
Dreadbringer
Energetic
escAPADe
Executioner
Final Form
Frost Wraith
Get Excited!
Glass Cannon
Goliath
Goredrink
Guilty Pleasure
Heavy Hitter
Hold Very Still
Impassable
Infernal Soul
Jeweled Gauntlet
Light Warden
Magical Girl
Mercy
Mountain Soul
Mystic Punch
Perseverance
Quest: Icathia's Fall
Quest: Steel Your Heart
Rabble Rousing
Self Destruct
Serve Beyond Death
Slap Around
Slime Time
Speed Demon
Spirit Link
Symphony of War
Tank Engine
The Brutalizer
Thread the Needle
Tormentor
Upgrade Hubris
Weighted Popoffs
Willing Sacrifice
Wind Beneath Blade","ADAPt
All For You
And My Axe!
Big Brain
Crack Open That Egg
Critical Rhythm
Dark Blessing
Draw Your Sword
Eureka
Marksmage
Ominous Pact
Phenomenal Evil
Quest: Angel of Retribution
Quest: Wooglet's Witchcap
Righteous Fury
Skilled Sniper
Sonic Boom
Spellwake
Trueshot Prodigy
Twin Fire
Unshackled
Witchful Thinking
Zealot"
Heimerdinger,"Adamant
ADAPt
Big Brain
Combo Master
Desecrator
Doomsayer
Eureka
Executioner
From Beginning to End
Giant Slayer
Glass Cannon
Hold Very Still
Ice Cold
Infernal Conduit
It's Killing Time
Jeweled Gauntlet
Keystone Conjurer
Magic Missile
Magical Girl
Marksmage
Mind to Matter
Mirror Image
OK Boomerang
Ominous Pact
Phenomenal Evil
Quest: Wooglet's Witchcap
Repulsor
Skilled Sniper
Speed Demon
Spellwake
Trueshot Prodigy
Unshackled
Weighted Popoffs
Witchful Thinking","All For You
Blunt Force
Bodyguard
Circle of Death
Crack Open That Egg
Critical Rhythm
Dark Blessing
Dashing
Demon's Dance
Despoil
Draw Your Sword
Earthwake
escAPADe
First-Aid Kit
Holy Fire
Lightning Strikes
Now You See Me
Outlaw's Grit
Protein Shake
Quest: Angel of Retribution
Quest: Icathia's Fall
Righteous Fury
Shadow Runner
Sonic Boom
Stuck In Here With Me
The Brutalizer
Trailblazer
Upgrade Collector
Upgrade Hubris
Wind Beneath Blade"
Hwei,"Adamant
ADAPt
Big Brain
Combo Master
Desecrator
Doomsayer
Eureka
Executioner
From Beginning to End
Giant Slayer
Glass Cannon
Hold Very Still
Ice Cold
Infernal Conduit
It's Killing Time
Jeweled Gauntlet
Keystone Conjurer
Magic Missile
Magical Girl
Marksmage
Mind to Matter
Mirror Image
OK Boomerang
Ominous Pact
Phenomenal Evil
Quest: Wooglet's Witchcap
Repulsor
Skilled Sniper
Speed Demon
Spellwake
Trueshot Prodigy
Unshackled
Weighted Popoffs
Witchful Thinking","Blunt Force
Bodyguard
Critical Rhythm
Dashing
Demon's Dance
Despoil
Draw Your Sword
Earthwake
escAPADe
Lightning Strikes
Now You See Me
Outlaw's Grit
Quest: Icathia's Fall
Shadow Runner
Stuck In Here With Me
The Brutalizer
Trailblazer
Upgrade Collector
Upgrade Hubris
Wind Beneath Blade"
Illaoi,"Blade Waltz
Celestial Body
Center of the Universe
Clothesline
Combo Master
Critical Healing
Demon's Dance
Doomsayer
Dreadbringer
Energetic
escAPADe
Executioner
Final Form
Frost Wraith
Get Excited!
Glass Cannon
Goliath
Goredrink
Heavy Hitter
Hold Very Still
Infernal Soul
Jeweled Gauntlet
Light Warden
Magical Girl
Mountain Soul
Mystic Punch
Perseverance
Quest: Icathia's Fall
Quest: Steel Your Heart
Rabble Rousing
Self Destruct
Serve Beyond Death
Slime Time
Speed Demon
Spirit Link
Symphony of War
Tank Engine
The Brutalizer
Thread the Needle
Upgrade Hubris
Weighted Popoffs
Willing Sacrifice
Wind Beneath Blade","ADAPt
All For You
And My Axe!
Big Brain
Crack Open That Egg
Critical Rhythm
Dark Blessing
Draw Your Sword
Eureka
Marksmage
Ominous Pact
Phenomenal Evil
Quest: Angel of Retribution
Quest: Wooglet's Witchcap
Righteous Fury
Sonic Boom
Spellwake
Twin Fire
Unshackled
Witchful Thinking
Zealot"
Irelia,"ADAPt
Aim for the Head
Big Dragon Energy
Blade Waltz
Blood Brother
Cerberus
Clown College
Combo Master
Contract Killer
Dashing
Deathtouch
Deft
Demon's Dance
Desecrator
Despoil
Doomsayer
Dual Wield
Earthwake
Energetic
escAPADe
Executioner
Fallen Aegis
Fan the Hammer
Final Form
Firebrand
Get Excited!
Giant Slayer
Glass Cannon
Goliath
Goredrink
Hold Very Still
Infernal Soul
It's Killing Time
Jeweled Gauntlet
Kill Secured
Leg Day
Light 'em Up!
Lightning Strikes
Mirror Image
Mystic Punch
Now You See Me
Numb to Pain
Outlaw's Grit
Quest: Three Sacred Treasures
Scopiest Weapons
Self Destruct
Serve Beyond Death
Shadow Runner
Shrink Ray
Slap Around
Slow and Steady
Speed Demon
Symphony of War
Tap Dancer
The Brutalizer
Thread the Needle
Trailblazer
Twice Thrice
Typhoon
Upgrade Collector
Upgrade Hubris
Vanish
Weighted Popoffs
Wind Beneath Blade
Zealot","All For You
And My Axe!
Circle of Death
Crack Open That Egg
Dark Blessing
First-Aid Kit
Holy Fire
Protein Shake
Quest: Angel of Retribution
Righteous Fury
Skilled Sniper
Sonic Boom
Spellwake
Trueshot Prodigy"
Ivern,"Adamant
ADAPt
All For You
Banner of Command
Big Brain
Celestial Body
Circle of Death
Combo Master
Crack Open That Egg
Critical Healing
Dark Blessing
Defensive Maneuvers
Desecrator
Doomsayer
Eureka
Executioner
Feel the Burn
First-Aid Kit
From Beginning to End
Fruits of Your Labor
Giant Slayer
Glass Cannon
Hold Very Still
Holy Fire
Ice Cold
Impassable
Infernal Conduit
It's Killing Time
Jeweled Gauntlet
Keystone Conjurer
Light Warden
Magic Missile
Magical Girl
Marksmage
Mind to Matter
Mirror Image
Ominous Pact
Phenomenal Evil
Protein Shake
Quest: Angel of Retribution
Quest: Wooglet's Witchcap
Righteous Fury
Shrink Ray
Slap Around
Sonic Boom
Speed Demon
Spellwake
Spirit Link
Unshackled
Weighted Popoffs
Willing Sacrifice
Witchful Thinking","Bodyguard
Dashing
Demon's Dance
Despoil
Earthwake
Now You See Me
Outlaw's Grit
Quest: Icathia's Fall
Shadow Runner
Stuck In Here With Me
Trailblazer
Wind Beneath Blade"
Janna,"Adamant
ADAPt
All For You
Banner of Command
Big Brain
Celestial Body
Circle of Death
Combo Master
Crack Open That Egg
Critical Healing
Dark Blessing
Defensive Maneuvers
Desecrator
Doomsayer
Eureka
Executioner
Feel the Burn
First-Aid Kit
From Beginning to End
Fruits of Your Labor
Giant Slayer
Glass Cannon
Hold Very Still
Holy Fire
Ice Cold
Impassable
Infernal Conduit
It's Killing Time
Jeweled Gauntlet
Keystone Conjurer
Light Warden
Magic Missile
Magical Girl
Marksmage
Mind to Matter
Mirror Image
Ominous Pact
Phenomenal Evil
Protein Shake
Quest: Angel of Retribution
Quest: Wooglet's Witchcap
Righteous Fury
Shrink Ray
Slap Around
Sonic Boom
Speed Demon
Spellwake
Spirit Link
Unshackled
Weighted Popoffs
Willing Sacrifice
Witchful Thinking","Blunt Force
Bodyguard
Critical Rhythm
Dashing
Demon's Dance
Despoil
Draw Your Sword
Earthwake
escAPADe
Lightning Strikes
Now You See Me
Outlaw's Grit
Quest: Icathia's Fall
Shadow Runner
Stuck In Here With Me
The Brutalizer
Trailblazer
Upgrade Collector
Upgrade Hubris
Wind Beneath Blade"
JarvanIV,"Adamant
Blade Waltz
Celestial Body
Center of the Universe
Clothesline
Combo Master
Courage of the Colossus
Critical Healing
Demon's Dance
Desecrator
Doomsayer
Dreadbringer
Energetic
escAPADe
Executioner
Final Form
Frost Wraith
Get Excited!
Glass Cannon
Goliath
Goredrink
Guilty Pleasure
Heavy Hitter
Hold Very Still
Impassable
Infernal Soul
Jeweled Gauntlet
Light Warden
Magical Girl
Mercy
Mountain Soul
Mystic Punch
Perseverance
Quest: Icathia's Fall
Quest: Steel Your Heart
Rabble Rousing
Self Destruct
Serve Beyond Death
Slap Around
Slime Time
Speed Demon
Spirit Link
Symphony of War
Tank Engine
The Brutalizer
Thread the Needle
Tormentor
Upgrade Hubris
Weighted Popoffs
Willing Sacrifice
Wind Beneath Blade","ADAPt
All For You
And My Axe!
Big Brain
Crack Open That Egg
Critical Rhythm
Dark Blessing
Draw Your Sword
Eureka
Marksmage
Ominous Pact
Phenomenal Evil
Quest: Angel of Retribution
Quest: Wooglet's Witchcap
Righteous Fury
Sonic Boom
Spellwake
Twin Fire
Unshackled
Witchful Thinking
Zealot"
Jax,"Aim for the Head
Big Dragon Energy
Blade Waltz
Blood Brother
Cerberus
Combo Master
Deathtouch
Deft
Demon's Dance
Desecrator
Doomsayer
Dual Wield
Energetic
escAPADe
Executioner
Fallen Aegis
Fan the Hammer
Firebrand
Get Excited!
Giant Slayer
Glass Cannon
Goliath
Goredrink
Hold Very Still
Infernal Soul
Jeweled Gauntlet
Leg Day
Light 'em Up!
Lightning Strikes
Mystic Punch
Numb to Pain
Quest: Three Sacred Treasures
Scopiest Weapons
Serve Beyond Death
Shrink Ray
Slap Around
Slow and Steady
Speed Demon
Symphony of War
Tap Dancer
The Brutalizer
Thread the Needle
Twice Thrice
Typhoon
Upgrade Collector
Upgrade Hubris
Weighted Popoffs
Wind Beneath Blade
Zealot","All For You
And My Axe!
Circle of Death
Crack Open That Egg
Dark Blessing
First-Aid Kit
Holy Fire
Protein Shake
Quest: Angel of Retribution
Righteous Fury
Skilled Sniper
Sonic Boom
Spellwake
Trueshot Prodigy"
Jayce,"Blade Waltz
Combo Master
Demon's Dance
Desecrator
Doomsayer
Energetic
escAPADe
Executioner
From Beginning to End
Get Excited!
Giant Slayer
Glass Cannon
Goliath
Goredrink
Hold Very Still
Infernal Soul
Jeweled Gauntlet
Mystic Punch
OK Boomerang
Repulsor
Serve Beyond Death
Skilled Sniper
Slap Around
Speed Demon
Spellwake
Symphony of War
The Brutalizer
Thread the Needle
Trueshot Prodigy
Upgrade Hubris
Weighted Popoffs
Wind Beneath Blade","ADAPt
All For You
Back To Basics
Big Brain
Circle of Death
Crack Open That Egg
Dark Blessing
Eureka
Fey Magic
First-Aid Kit
Holy Fire
It's Killing Time
Marksmage
Ominous Pact
Phenomenal Evil
Protein Shake
Quest: Angel of Retribution
Quest: Wooglet's Witchcap
Righteous Fury
Sonic Boom
Twin Fire
Ultimate Revolution
Ultimate Unstoppable
Unshackled
Witchful Thinking
Zealot"
Jhin,"Aim for the Head
Big Dragon Energy
Blade Waltz
Blood Brother
Cerberus
Combo Master
Critical Rhythm
Deathtouch
Deft
Desecrator
Doomsayer
Draw Your Sword
Dual Wield
Energetic
escAPADe
Executioner
Fallen Aegis
Fan the Hammer
Firebrand
From Beginning to End
Get Excited!
Giant Slayer
Glass Cannon
Goliath
Goredrink
Hold Very Still
Infernal Soul
Jeweled Gauntlet
Leg Day
Light 'em Up!
Lightning Strikes
Mystic Punch
Numb to Pain
OK Boomerang
Quest: Three Sacred Treasures
Repulsor
Scopiest Weapons
Serve Beyond Death
Shrink Ray
Skilled Sniper
Slap Around
Slow and Steady
Speed Demon
Spellwake
Symphony of War
Tap Dancer
The Brutalizer
Thread the Needle
Trueshot Prodigy
Twice Thrice
Typhoon
Upgrade Collector
Upgrade Hubris
Weighted Popoffs
Zealot","All For You
Bodyguard
Circle of Death
Crack Open That Egg
Dark Blessing
Dashing
Despoil
Earthwake
Final Form
First-Aid Kit
Holy Fire
Now You See Me
Outlaw's Grit
Protein Shake
Quest: Angel of Retribution
Quest: Icathia's Fall
Righteous Fury
Shadow Runner
Sonic Boom
Stuck In Here With Me
Trailblazer"
Jinx,"Aim for the Head
Big Dragon Energy
Blood Brother
Cerberus
Critical Rhythm
Deathtouch
Deft
Draw Your Sword
Dual Wield
Energetic
escAPADe
Fallen Aegis
Fan the Hammer
Firebrand
Get Excited!
Giant Slayer
Glass Cannon
Goredrink
Hold Very Still
Leg Day
Light 'em Up!
Lightning Strikes
Mystic Punch
Numb to Pain
Quest: Three Sacred Treasures
Scopiest Weapons
Shrink Ray
Slow and Steady
Symphony of War
Tap Dancer
Twice Thrice
Typhoon
Upgrade Collector","ADAPt
All For You
Big Brain
Bodyguard
Circle of Death
Crack Open That Egg
Dark Blessing
Dashing
Despoil
Earthwake
Eureka
Final Form
First-Aid Kit
Holy Fire
Marksmage
Now You See Me
Ominous Pact
Outlaw's Grit
Phenomenal Evil
Protein Shake
Quest: Angel of Retribution
Quest: Icathia's Fall
Quest: Wooglet's Witchcap
Righteous Fury
Shadow Runner
Sonic Boom
Stuck In Here With Me
Trailblazer
Twin Fire
Unshackled
Wind Beneath Blade
Witchful Thinking"
KSante,"Adamant
Blade Waltz
Celestial Body
Center of the Universe
Clothesline
Clown College
Contract Killer
Courage of the Colossus
Critical Healing
Dashing
Desecrator
Despoil
Doomsayer
Dreadbringer
Earthwake
escAPADe
Executioner
Fallen Aegis
Final Form
Frost Wraith
Get Excited!
Giant Slayer
Glass Cannon
Goliath
Goredrink
Guilty Pleasure
Heavy Hitter
Hold Very Still
Impassable
It's Killing Time
Jeweled Gauntlet
Kill Secured
Light Warden
Magical Girl
Mercy
Mirror Image
Mountain Soul
Now You See Me
Outlaw's Grit
Perseverance
Protein Shake
Quest: Icathia's Fall
Quest: Steel Your Heart
Rabble Rousing
Self Destruct
Serve Beyond Death
Shadow Runner
Slap Around
Slime Time
Speed Demon
Spirit Link
Tank Engine
Tormentor
Trailblazer
Upgrade Collector
Upgrade Hubris
Vanish
Willing Sacrifice
Wind Beneath Blade","And My Axe!
Big Brain
Critical Rhythm
Draw Your Sword
Eureka
Marksmage
Ominous Pact
Phenomenal Evil
Quest: Wooglet's Witchcap
Skilled Sniper
Spellwake
Trueshot Prodigy
Twin Fire
Unshackled
Witchful Thinking
Zealot"
Kaisa,"Aim for the Head
Big Dragon Energy
Blade Waltz
Blood Brother
Cerberus
Combo Master
Critical Rhythm
Deathtouch
Deft
Doomsayer
Draw Your Sword
Dual Wield
Energetic
escAPADe
Executioner
Fallen Aegis
Fan the Hammer
Firebrand
Get Excited!
Giant Slayer
Glass Cannon
Goliath
Goredrink
Hold Very Still
Infernal Soul
Jeweled Gauntlet
Leg Day
Light 'em Up!
Lightning Strikes
Mystic Punch
Numb to Pain
Quest: Three Sacred Treasures
Scopiest Weapons
Serve Beyond Death
Shrink Ray
Slow and Steady
Speed Demon
Symphony of War
Tap Dancer
The Brutalizer
Thread the Needle
Twice Thrice
Typhoon
Upgrade Collector
Upgrade Hubris
Weighted Popoffs
Zealot","Adamant
All For You
Bodyguard
Circle of Death
Courage of the Colossus
Crack Open That Egg
Dark Blessing
Dashing
Despoil
Earthwake
Final Form
First-Aid Kit
Guilty Pleasure
Holy Fire
Impassable
Mercy
Now You See Me
Outlaw's Grit
Protein Shake
Quest: Angel of Retribution
Quest: Icathia's Fall
Righteous Fury
Shadow Runner
Sonic Boom
Stuck In Here With Me
Tormentor
Trailblazer"
Kalista,"Aim for the Head
Big Dragon Energy
Blade Waltz
Blood Brother
Cerberus
Clown College
Contract Killer
Critical Rhythm
Dashing
Deathtouch
Deft
Despoil
Doomsayer
Draw Your Sword
Dual Wield
Earthwake
Energetic
escAPADe
Executioner
Fallen Aegis
Fan the Hammer
Firebrand
Get Excited!
Giant Slayer
Glass Cannon
Goredrink
Hold Very Still
It's Killing Time
Jeweled Gauntlet
Kill Secured
Leg Day
Light 'em Up!
Lightning Strikes
Mirror Image
Mystic Punch
Now You See Me
Numb to Pain
Outlaw's Grit
Quest: Three Sacred Treasures
Scopiest Weapons
Self Destruct
Serve Beyond Death
Shadow Runner
Shrink Ray
Slow and Steady
Symphony of War
Tap Dancer
Trailblazer
Twice Thrice
Typhoon
Upgrade Collector
Upgrade Hubris
Vanish
Wind Beneath Blade","Adamant
All For You
Big Brain
Circle of Death
Courage of the Colossus
Crack Open That Egg
Dark Blessing
Desecrator
Eureka
First-Aid Kit
Guilty Pleasure
Holy Fire
Impassable
Marksmage
Mercy
Ominous Pact
Phenomenal Evil
Protein Shake
Quest: Angel of Retribution
Quest: Icathia's Fall
Quest: Wooglet's Witchcap
Righteous Fury
Slap Around
Sonic Boom
Stuck In Here With Me
Tormentor
Twin Fire
Unshackled
Witchful Thinking"
Karma,"Adamant
ADAPt
All For You
Banner of Command
Big Brain
Celestial Body
Circle of Death
Combo Master
Crack Open That Egg
Critical Healing
Dark Blessing
Defensive Maneuvers
Desecrator
Doomsayer
Eureka
Executioner
Feel the Burn
First-Aid Kit
From Beginning to End
Fruits of Your Labor
Giant Slayer
Glass Cannon
Hold Very Still
Holy Fire
Ice Cold
Impassable
Infernal Conduit
It's Killing Time
Jeweled Gauntlet
Keystone Conjurer
Light Warden
Magic Missile
Magical Girl
Marksmage
Mind to Matter
Mirror Image
Ominous Pact
Phenomenal Evil
Protein Shake
Quest: Angel of Retribution
Quest: Wooglet's Witchcap
Righteous Fury
Shrink Ray
Slap Around
Sonic Boom
Speed Demon
Spellwake
Spirit Link
Unshackled
Weighted Popoffs
Willing Sacrifice
Witchful Thinking","Blunt Force
Bodyguard
Critical Rhythm
Dashing
Demon's Dance
Despoil
Draw Your Sword
Earthwake
escAPADe
Lightning Strikes
Now You See Me
Outlaw's Grit
Quest: Icathia's Fall
Shadow Runner
Stuck In Here With Me
The Brutalizer
Trailblazer
Upgrade Collector
Upgrade Hubris
Wind Beneath Blade"
Karthus,"ADAPt
Big Brain
Combo Master
Doomsayer
Eureka
Executioner
From Beginning to End
Giant Slayer
Glass Cannon
Hold Very Still
Ice Cold
Infernal Conduit
It's Killing Time
Jeweled Gauntlet
Keystone Conjurer
Magic Missile
Magical Girl
Marksmage
Mind to Matter
Mirror Image
Ominous Pact
Phenomenal Evil
Quest: Wooglet's Witchcap
Speed Demon
Spellwake
Unshackled
Weighted Popoffs
Witchful Thinking","All For You
Blunt Force
Bodyguard
Circle of Death
Courage of the Colossus
Crack Open That Egg
Critical Rhythm
Dark Blessing
Dashing
Demon's Dance
Despoil
Draw Your Sword
Earthwake
escAPADe
First-Aid Kit
Guilty Pleasure
Holy Fire
Impassable
Lightning Strikes
Mercy
Now You See Me
Outlaw's Grit
Protein Shake
Quest: Angel of Retribution
Quest: Icathia's Fall
Righteous Fury
Shadow Runner
Slap Around
Sonic Boom
Stuck In Here With Me
The Brutalizer
Tormentor
Trailblazer
Upgrade Collector
Upgrade Hubris
Wind Beneath Blade"
Kassadin,"ADAPt
Big Brain
Blade Waltz
Clown College
Combo Master
Contract Killer
Dashing
Despoil
Doomsayer
Earthwake
Eureka
Executioner
Fallen Aegis
Final Form
From Beginning to End
Get Excited!
Giant Slayer
Glass Cannon
Goredrink
Hold Very Still
Ice Cold
Infernal Conduit
It's Killing Time
Jeweled Gauntlet
Keystone Conjurer
Kill Secured
Magic Missile
Magical Girl
Marksmage
Mind to Matter
Mirror Image
Now You See Me
Ominous Pact
Outlaw's Grit
Phenomenal Evil
Quest: Wooglet's Witchcap
Self Destruct
Serve Beyond Death
Shadow Runner
Speed Demon
Trailblazer
Unshackled
Vanish
Weighted Popoffs
Wind Beneath Blade
Witchful Thinking","All For You
And My Axe!
Blunt Force
Circle of Death
Courage of the Colossus
Crack Open That Egg
Critical Rhythm
Dark Blessing
Draw Your Sword
First-Aid Kit
Guilty Pleasure
Holy Fire
Impassable
Lightning Strikes
Mercy
Protein Shake
Quest: Angel of Retribution
Righteous Fury
Skilled Sniper
Slap Around
Sonic Boom
The Brutalizer
Tormentor
Trueshot Prodigy"
Katarina,"ADAPt
Big Brain
Blade Waltz
Clown College
Combo Master
Contract Killer
Dashing
Demon's Dance
Despoil
Doomsayer
Earthwake
Energetic
escAPADe
Eureka
Executioner
Fallen Aegis
Final Form
From Beginning to End
Get Excited!
Giant Slayer
Glass Cannon
Goliath
Goredrink
Hold Very Still
Ice Cold
Infernal Conduit
Infernal Soul
It's Killing Time
Jeweled Gauntlet
Keystone Conjurer
Kill Secured
Magic Missile
Magical Girl
Marksmage
Mirror Image
Mystic Punch
Now You See Me
Ominous Pact
Outlaw's Grit
Phenomenal Evil
Quest: Wooglet's Witchcap
Self Destruct
Serve Beyond Death
Shadow Runner
Speed Demon
Symphony of War
The Brutalizer
Thread the Needle
Trailblazer
Unshackled
Upgrade Collector
Upgrade Hubris
Vanish
Weighted Popoffs
Wind Beneath Blade
Witchful Thinking","All For You
And My Axe!
Circle of Death
Courage of the Colossus
Crack Open That Egg
Critical Rhythm
Dark Blessing
Draw Your Sword
First-Aid Kit
Guilty Pleasure
Holy Fire
Impassable
Juiced
Mercy
Overflow
Protein Shake
Quest: Angel of Retribution
Righteous Fury
Skilled Sniper
Sonic Boom
Tormentor
Trueshot Prodigy"
Kayle,"ADAPt
Aim for the Head
Big Brain
Big Dragon Energy
Blood Brother
Cerberus
Combo Master
Critical Rhythm
Deathtouch
Deft
Demon's Dance
Doomsayer
Draw Your Sword
Dual Wield
Energetic
escAPADe
Eureka
Executioner
Fallen Aegis
Fan the Hammer
Final Form
Firebrand
From Beginning to End
Get Excited!
Giant Slayer
Glass Cannon
Goredrink
Hold Very Still
Ice Cold
Infernal Conduit
It's Killing Time
Jeweled Gauntlet
Keystone Conjurer
Leg Day
Light 'em Up!
Lightning Strikes
Magic Missile
Magical Girl
Marksmage
Mind to Matter
Mirror Image
Mystic Punch
Numb to Pain
Ominous Pact
Phenomenal Evil
Quest: Three Sacred Treasures
Quest: Wooglet's Witchcap
Scopiest Weapons
Shrink Ray
Slow and Steady
Speed Demon
Spellwake
Symphony of War
Tap Dancer
Twice Thrice
Typhoon
Unshackled
Upgrade Collector
Weighted Popoffs
Witchful Thinking
Zealot","Bodyguard
Courage of the Colossus
Dashing
Despoil
Earthwake
Guilty Pleasure
Impassable
Mercy
Now You See Me
Outlaw's Grit
Shadow Runner
Slap Around
Tormentor
Trailblazer
Wind Beneath Blade"
Kayn,"Blade Waltz
Clown College
Combo Master
Contract Killer
Dashing
Demon's Dance
Desecrator
Despoil
Doomsayer
Earthwake
Energetic
escAPADe
Executioner
Fallen Aegis
Final Form
Get Excited!
Giant Slayer
Glass Cannon
Goliath
Goredrink
Hold Very Still
Infernal Soul
It's Killing Time
Jeweled Gauntlet
Kill Secured
Mirror Image
Mystic Punch
Now You See Me
Outlaw's Grit
Self Destruct
Serve Beyond Death
Shadow Runner
Slap Around
Speed Demon
Symphony of War
The Brutalizer
Thread the Needle
Trailblazer
Upgrade Collector
Upgrade Hubris
Vanish
Weighted Popoffs
Wind Beneath Blade","All For You
And My Axe!
Big Brain
Crack Open That Egg
Critical Rhythm
Dark Blessing
Draw Your Sword
Eureka
Marksmage
Ominous Pact
Phenomenal Evil
Protein Shake
Quest: Angel of Retribution
Quest: Wooglet's Witchcap
Righteous Fury
Sonic Boom
Spellwake
Twin Fire
Unshackled
Witchful Thinking
Zealot"
Kennen,"Adamant
ADAPt
Big Brain
Combo Master
Desecrator
Doomsayer
Eureka
Executioner
From Beginning to End
Giant Slayer
Glass Cannon
Hold Very Still
Ice Cold
Infernal Conduit
It's Killing Time
Jeweled Gauntlet
Keystone Conjurer
Magic Missile
Magical Girl
Marksmage
Mirror Image
Ominous Pact
Phenomenal Evil
Quest: Wooglet's Witchcap
Speed Demon
Spellwake
Unshackled
Weighted Popoffs
Witchful Thinking","All For You
Bodyguard
Circle of Death
Crack Open That Egg
Dark Blessing
Dashing
Demon's Dance
Despoil
Earthwake
First-Aid Kit
Holy Fire
Juiced
Now You See Me
Outlaw's Grit
Overflow
Protein Shake
Quest: Angel of Retribution
Quest: Icathia's Fall
Righteous Fury
Shadow Runner
Sonic Boom
Stuck In Here With Me
Trailblazer
Wind Beneath Blade"
Khazix,"Blade Waltz
Clown College
Combo Master
Contract Killer
Dashing
Demon's Dance
Despoil
Doomsayer
Earthwake
Energetic
escAPADe
Executioner
Fallen Aegis
Final Form
Get Excited!
Giant Slayer
Glass Cannon
Goliath
Goredrink
Hold Very Still
Infernal Soul
It's Killing Time
Jeweled Gauntlet
Kill Secured
Mirror Image
Mystic Punch
Now You See Me
Outlaw's Grit
Self Destruct
Serve Beyond Death
Shadow Runner
Speed Demon
Symphony of War
The Brutalizer
Thread the Needle
Trailblazer
Upgrade Collector
Upgrade Hubris
Vanish
Weighted Popoffs
Wind Beneath Blade","Adamant
All For You
And My Axe!
Big Brain
Circle of Death
Courage of the Colossus
Crack Open That Egg
Critical Rhythm
Dark Blessing
Draw Your Sword
Eureka
First-Aid Kit
Guilty Pleasure
Holy Fire
Impassable
Marksmage
Mercy
Ominous Pact
Phenomenal Evil
Protein Shake
Quest: Angel of Retribution
Quest: Wooglet's Witchcap
Righteous Fury
Sonic Boom
Spellwake
Tormentor
Twin Fire
Unshackled
Witchful Thinking
Zealot"
Kindred,"Aim for the Head
Big Dragon Energy
Blade Waltz
Blood Brother
Cerberus
Clown College
Contract Killer
Critical Rhythm
Dashing
Deathtouch
Deft
Despoil
Doomsayer
Draw Your Sword
Dual Wield
Earthwake
Energetic
escAPADe
Executioner
Fallen Aegis
Fan the Hammer
Firebrand
Get Excited!
Giant Slayer
Glass Cannon
Goredrink
Hold Very Still
It's Killing Time
Jeweled Gauntlet
Kill Secured
Leg Day
Light 'em Up!
Lightning Strikes
Mirror Image
Mystic Punch
Now You See Me
Numb to Pain
Outlaw's Grit
Quest: Three Sacred Treasures
Scopiest Weapons
Self Destruct
Serve Beyond Death
Shadow Runner
Shrink Ray
Slow and Steady
Symphony of War
Tap Dancer
Trailblazer
Twice Thrice
Typhoon
Upgrade Collector
Upgrade Hubris
Vanish
Wind Beneath Blade","Adamant
All For You
Big Brain
Circle of Death
Courage of the Colossus
Crack Open That Egg
Dark Blessing
Desecrator
Eureka
First-Aid Kit
Guilty Pleasure
Holy Fire
Impassable
Marksmage
Mercy
Ominous Pact
Phenomenal Evil
Protein Shake
Quest: Angel of Retribution
Quest: Icathia's Fall
Quest: Wooglet's Witchcap
Righteous Fury
Slap Around
Sonic Boom
Stuck In Here With Me
Tormentor
Twin Fire
Unshackled
Witchful Thinking"
Kled,"Adamant
Aim for the Head
Big Dragon Energy
Blade Waltz
Blood Brother
Celestial Body
Center of the Universe
Cerberus
Clothesline
Clown College
Combo Master
Contract Killer
Courage of the Colossus
Critical Healing
Dashing
Deathtouch
Deft
Demon's Dance
Desecrator
Despoil
Doomsayer
Dreadbringer
Dual Wield
Earthwake
Energetic
escAPADe
Executioner
Fallen Aegis
Fan the Hammer
Final Form
Firebrand
Frost Wraith
Get Excited!
Giant Slayer
Glass Cannon
Goliath
Goredrink
Guilty Pleasure
Heavy Hitter
Hold Very Still
Impassable
Infernal Soul
It's Killing Time
Jeweled Gauntlet
Kill Secured
Leg Day
Light 'em Up!
Light Warden
Lightning Strikes
Magical Girl
Mercy
Mirror Image
Mountain Soul
Mystic Punch
Now You See Me
Numb to Pain
Outlaw's Grit
Perseverance
Quest: Icathia's Fall
Quest: Steel Your Heart
Quest: Three Sacred Treasures
Rabble Rousing
Scopiest Weapons
Self Destruct
Serve Beyond Death
Shadow Runner
Shrink Ray
Slap Around
Slime Time
Slow and Steady
Speed Demon
Spirit Link
Symphony of War
Tank Engine
Tap Dancer
The Brutalizer
Thread the Needle
Tormentor
Trailblazer
Twice Thrice
Typhoon
Upgrade Collector
Upgrade Hubris
Vanish
Weighted Popoffs
Willing Sacrifice
Wind Beneath Blade","All For You
And My Axe!
Big Brain
Circle of Death
Crack Open That Egg
Dark Blessing
Eureka
First-Aid Kit
Holy Fire
Juiced
Marksmage
Mind to Matter
Ominous Pact
Overflow
Phenomenal Evil
Quest: Angel of Retribution
Quest: Wooglet's Witchcap
Righteous Fury
Skilled Sniper
Sonic Boom
Spellwake
Trueshot Prodigy
Twin Fire
Unshackled
Witchful Thinking"
KogMaw,"ADAPt
Aim for the Head
Big Brain
Big Dragon Energy
Blood Brother
Cerberus
Combo Master
Critical Rhythm
Deathtouch
Deft
Doomsayer
Draw Your Sword
Dual Wield
Energetic
escAPADe
Eureka
Executioner
Fallen Aegis
Fan the Hammer
Firebrand
From Beginning to End
Get Excited!
Giant Slayer
Glass Cannon
Goredrink
Hold Very Still
Ice Cold
Infernal Conduit
It's Killing Time
Jeweled Gauntlet
Keystone Conjurer
Leg Day
Light 'em Up!
Lightning Strikes
Magic Missile
Magical Girl
Marksmage
Mind to Matter
Mirror Image
Mystic Punch
Numb to Pain
OK Boomerang
Ominous Pact
Phenomenal Evil
Quest: Three Sacred Treasures
Quest: Wooglet's Witchcap
Repulsor
Scopiest Weapons
Shrink Ray
Skilled Sniper
Slow and Steady
Speed Demon
Spellwake
Symphony of War
Tap Dancer
Trueshot Prodigy
Twice Thrice
Typhoon
Unshackled
Upgrade Collector
Weighted Popoffs
Witchful Thinking
Zealot","All For You
Bodyguard
Circle of Death
Courage of the Colossus
Crack Open That Egg
Dark Blessing
Dashing
Despoil
Earthwake
First-Aid Kit
Guilty Pleasure
Holy Fire
Impassable
Mercy
Now You See Me
Outlaw's Grit
Protein Shake
Quest: Angel of Retribution
Quest: Icathia's Fall
Righteous Fury
Shadow Runner
Slap Around
Sonic Boom
Stuck In Here With Me
Tormentor
Trailblazer
Wind Beneath Blade"
LeeSin,"Blade Waltz
Clown College
Combo Master
Contract Killer
Dashing
Demon's Dance
Despoil
Doomsayer
Earthwake
Energetic
escAPADe
Executioner
Fallen Aegis
Final Form
Get Excited!
Giant Slayer
Glass Cannon
Goliath
Goredrink
Hold Very Still
Infernal Soul
It's Killing Time
Jeweled Gauntlet
Kill Secured
Mirror Image
Mystic Punch
Now You See Me
Outlaw's Grit
Self Destruct
Serve Beyond Death
Shadow Runner
Speed Demon
Symphony of War
The Brutalizer
Thread the Needle
Trailblazer
Upgrade Collector
Upgrade Hubris
Vanish
Weighted Popoffs
Wind Beneath Blade","Adamant
And My Axe!
Big Brain
Courage of the Colossus
Critical Rhythm
Draw Your Sword
Eureka
Guilty Pleasure
Impassable
Juiced
Marksmage
Mercy
Mind to Matter
Ominous Pact
Overflow
Phenomenal Evil
Quest: Wooglet's Witchcap
Skilled Sniper
Spellwake
Tormentor
Trueshot Prodigy
Twin Fire
Unshackled
Witchful Thinking
Zealot"
Leona,"Adamant
Celestial Body
Center of the Universe
Clothesline
Courage of the Colossus
Critical Healing
Desecrator
Dreadbringer
Final Form
Frost Wraith
Goliath
Guilty Pleasure
Heavy Hitter
Impassable
Light Warden
Magical Girl
Mercy
Mountain Soul
Perseverance
Quest: Icathia's Fall
Quest: Steel Your Heart
Rabble Rousing
Self Destruct
Slap Around
Slime Time
Speed Demon
Spirit Link
Tank Engine
Tormentor
Willing Sacrifice","All For You
And My Axe!
Blunt Force
Circle of Death
Crack Open That Egg
Critical Rhythm
Dark Blessing
Draw Your Sword
escAPADe
First-Aid Kit
Holy Fire
Lightning Strikes
Quest: Angel of Retribution
Righteous Fury
Skilled Sniper
Sonic Boom
Spellwake
The Brutalizer
Trueshot Prodigy
Upgrade Collector
Upgrade Hubris"
Lillia,"ADAPt
Big Brain
Combo Master
Doomsayer
Eureka
Executioner
Final Form
From Beginning to End
Giant Slayer
Glass Cannon
Hold Very Still
Ice Cold
Infernal Conduit
It's Killing Time
Jeweled Gauntlet
Keystone Conjurer
Magic Missile
Magical Girl
Marksmage
Mind to Matter
Mirror Image
Ominous Pact
Phenomenal Evil
Quest: Wooglet's Witchcap
Speed Demon
Unshackled
Weighted Popoffs
Witchful Thinking","All For You
And My Axe!
Blunt Force
Bodyguard
Courage of the Colossus
Crack Open That Egg
Critical Rhythm
Dark Blessing
Dashing
Despoil
Draw Your Sword
Earthwake
escAPADe
Guilty Pleasure
Impassable
Lightning Strikes
Mercy
Now You See Me
Outlaw's Grit
Protein Shake
Quest: Angel of Retribution
Righteous Fury
Shadow Runner
Slap Around
Sonic Boom
The Brutalizer
Tormentor
Trailblazer
Upgrade Collector
Upgrade Hubris
Wind Beneath Blade"
Lissandra,"Adamant
ADAPt
Big Brain
Combo Master
Desecrator
Doomsayer
Eureka
Executioner
From Beginning to End
Giant Slayer
Glass Cannon
Hold Very Still
Ice Cold
Infernal Conduit
It's Killing Time
Jeweled Gauntlet
Keystone Conjurer
Magic Missile
Magical Girl
Marksmage
Mind to Matter
Mirror Image
Ominous Pact
Phenomenal Evil
Quest: Wooglet's Witchcap
Speed Demon
Spellwake
Unshackled
Weighted Popoffs
Witchful Thinking","All For You
Blunt Force
Circle of Death
Crack Open That Egg
Critical Rhythm
Dark Blessing
Demon's Dance
Draw Your Sword
escAPADe
First-Aid Kit
Holy Fire
Lightning Strikes
Protein Shake
Quest: Angel of Retribution
Quest: Icathia's Fall
Righteous Fury
Sonic Boom
Stuck In Here With Me
The Brutalizer
Upgrade Collector
Upgrade Hubris"
Lucian,"ADAPt
Aim for the Head
Big Dragon Energy
Blade Waltz
Blood Brother
Cerberus
Clown College
Combo Master
Contract Killer
Critical Rhythm
Dashing
Deathtouch
Deft
Despoil
Doomsayer
Draw Your Sword
Dual Wield
Earthwake
Energetic
escAPADe
Executioner
Fallen Aegis
Fan the Hammer
Firebrand
Get Excited!
Giant Slayer
Glass Cannon
Goliath
Goredrink
Hold Very Still
Infernal Soul
It's Killing Time
Jeweled Gauntlet
Kill Secured
Leg Day
Light 'em Up!
Lightning Strikes
Mirror Image
Mystic Punch
Now You See Me
Numb to Pain
Outlaw's Grit
Quest: Three Sacred Treasures
Scopiest Weapons
Self Destruct
Serve Beyond Death
Shadow Runner
Shrink Ray
Slow and Steady
Speed Demon
Symphony of War
Tap Dancer
The Brutalizer
Thread the Needle
Trailblazer
Twice Thrice
Typhoon
Upgrade Collector
Upgrade Hubris
Vanish
Weighted Popoffs
Wind Beneath Blade
Zealot","Adamant
All For You
Circle of Death
Courage of the Colossus
Crack Open That Egg
Dark Blessing
First-Aid Kit
Guilty Pleasure
Holy Fire
Impassable
Mercy
Protein Shake
Quest: Angel of Retribution
Quest: Icathia's Fall
Righteous Fury
Sonic Boom
Stuck In Here With Me
Tormentor"
Lulu,"ADAPt
All For You
Banner of Command
Big Brain
Celestial Body
Circle of Death
Combo Master
Crack Open That Egg
Critical Healing
Dark Blessing
Defensive Maneuvers
Doomsayer
Eureka
Executioner
Feel the Burn
First-Aid Kit
From Beginning to End
Fruits of Your Labor
Giant Slayer
Glass Cannon
Hold Very Still
Holy Fire
Ice Cold
Infernal Conduit
It's Killing Time
Jeweled Gauntlet
Keystone Conjurer
Light Warden
Magic Missile
Magical Girl
Marksmage
Mind to Matter
Mirror Image
Ominous Pact
Phenomenal Evil
Protein Shake
Quest: Angel of Retribution
Quest: Wooglet's Witchcap
Righteous Fury
Shrink Ray
Sonic Boom
Speed Demon
Spellwake
Spirit Link
Unshackled
Weighted Popoffs
Willing Sacrifice
Witchful Thinking","Blunt Force
Bodyguard
Courage of the Colossus
Critical Rhythm
Dashing
Demon's Dance
Despoil
Draw Your Sword
Earthwake
escAPADe
Guilty Pleasure
Lightning Strikes
Mercy
Now You See Me
Outlaw's Grit
Quest: Icathia's Fall
Shadow Runner
Stuck In Here With Me
The Brutalizer
Tormentor
Trailblazer
Upgrade Collector
Upgrade Hubris
Wind Beneath Blade"
Lux,"Adamant
ADAPt
Big Brain
Combo Master
Desecrator
Doomsayer
Eureka
Executioner
From Beginning to End
Giant Slayer
Glass Cannon
Hold Very Still
Ice Cold
Infernal Conduit
It's Killing Time
Jeweled Gauntlet
Keystone Conjurer
Magic Missile
Magical Girl
Marksmage
Mind to Matter
Mirror Image
OK Boomerang
Ominous Pact
Phenomenal Evil
Quest: Wooglet's Witchcap
Repulsor
Skilled Sniper
Speed Demon
Spellwake
Trueshot Prodigy
Unshackled
Weighted Popoffs
Witchful Thinking","Blunt Force
Bodyguard
Circle of Death
Crack Open That Egg
Critical Rhythm
Dark Blessing
Dashing
Demon's Dance
Despoil
Draw Your Sword
Earthwake
escAPADe
First-Aid Kit
Holy Fire
Lightning Strikes
Now You See Me
Outlaw's Grit
Quest: Icathia's Fall
Righteous Fury
Shadow Runner
Stuck In Here With Me
The Brutalizer
Trailblazer
Upgrade Collector
Upgrade Hubris
Wind Beneath Blade"
Malphite,"Adamant
ADAPt
Big Brain
Celestial Body
Center of the Universe
Clothesline
Combo Master
Courage of the Colossus
Critical Healing
Desecrator
Doomsayer
Dreadbringer
Eureka
Executioner
Final Form
From Beginning to End
Frost Wraith
Giant Slayer
Glass Cannon
Goliath
Guilty Pleasure
Heavy Hitter
Hold Very Still
Ice Cold
Impassable
Infernal Conduit
It's Killing Time
Jeweled Gauntlet
Keystone Conjurer
Light Warden
Magic Missile
Magical Girl
Marksmage
Mercy
Mind to Matter
Mirror Image
Mountain Soul
Ominous Pact
Perseverance
Phenomenal Evil
Quest: Icathia's Fall
Quest: Steel Your Heart
Quest: Wooglet's Witchcap
Rabble Rousing
Self Destruct
Slap Around
Slime Time
Speed Demon
Spirit Link
Tank Engine
Tormentor
Unshackled
Weighted Popoffs
Willing Sacrifice
Witchful Thinking","All For You
And My Axe!
Blunt Force
Circle of Death
Crack Open That Egg
Critical Rhythm
Dark Blessing
Draw Your Sword
escAPADe
First-Aid Kit
Holy Fire
Lightning Strikes
Quest: Angel of Retribution
Righteous Fury
Sonic Boom
The Brutalizer
Upgrade Collector
Upgrade Hubris"
Malzahar,"ADAPt
Big Brain
Combo Master
Doomsayer
Eureka
Executioner
From Beginning to End
Giant Slayer
Glass Cannon
Hold Very Still
Ice Cold
Infernal Conduit
It's Killing Time
Jeweled Gauntlet
Keystone Conjurer
Magic Missile
Magical Girl
Marksmage
Mind to Matter
Mirror Image
Ominous Pact
Phenomenal Evil
Quest: Wooglet's Witchcap
Speed Demon
Spellwake
Unshackled
Weighted Popoffs
Witchful Thinking","All For You
Bodyguard
Circle of Death
Courage of the Colossus
Crack Open That Egg
Dark Blessing
Dashing
Demon's Dance
Despoil
Earthwake
First-Aid Kit
Guilty Pleasure
Holy Fire
Impassable
Mercy
Now You See Me
Outlaw's Grit
Protein Shake
Quest: Angel of Retribution
Quest: Icathia's Fall
Righteous Fury
Shadow Runner
Slap Around
Sonic Boom
Stuck In Here With Me
Tormentor
Trailblazer
Wind Beneath Blade"
Maokai,"Adamant
ADAPt
Big Brain
Celestial Body
Center of the Universe
Clothesline
Combo Master
Courage of the Colossus
Critical Healing
Desecrator
Doomsayer
Dreadbringer
Eureka
Executioner
Final Form
From Beginning to End
Frost Wraith
Giant Slayer
Glass Cannon
Goliath
Guilty Pleasure
Heavy Hitter
Hold Very Still
Ice Cold
Impassable
Infernal Conduit
It's Killing Time
Jeweled Gauntlet
Keystone Conjurer
Light Warden
Magic Missile
Magical Girl
Marksmage
Mercy
Mind to Matter
Mirror Image
Mountain Soul
OK Boomerang
Ominous Pact
Perseverance
Phenomenal Evil
Quest: Icathia's Fall
Quest: Steel Your Heart
Quest: Wooglet's Witchcap
Rabble Rousing
Repulsor
Self Destruct
Skilled Sniper
Slap Around
Slime Time
Speed Demon
Spirit Link
Tank Engine
Tormentor
Trueshot Prodigy
Unshackled
Weighted Popoffs
Willing Sacrifice
Witchful Thinking","All For You
And My Axe!
Blunt Force
Crack Open That Egg
Critical Rhythm
Dark Blessing
Draw Your Sword
escAPADe
Lightning Strikes
Quest: Angel of Retribution
Righteous Fury
Sonic Boom
The Brutalizer
Upgrade Collector
Upgrade Hubris"
MasterYi,"ADAPt
Aim for the Head
Big Dragon Energy
Blade Waltz
Blood Brother
Cerberus
Clown College
Combo Master
Contract Killer
Dashing
Deathtouch
Deft
Demon's Dance
Despoil
Doomsayer
Dual Wield
Earthwake
Energetic
escAPADe
Executioner
Fallen Aegis
Fan the Hammer
Final Form
Firebrand
Get Excited!
Giant Slayer
Glass Cannon
Goliath
Goredrink
Hold Very Still
Infernal Soul
It's Killing Time
Jeweled Gauntlet
Kill Secured
Leg Day
Light 'em Up!
Lightning Strikes
Mirror Image
Mystic Punch
Now You See Me
Numb to Pain
Outlaw's Grit
Quest: Three Sacred Treasures
Scopiest Weapons
Self Destruct
Serve Beyond Death
Shadow Runner
Shrink Ray
Slow and Steady
Speed Demon
Symphony of War
Tap Dancer
The Brutalizer
Thread the Needle
Trailblazer
Twice Thrice
Typhoon
Upgrade Collector
Upgrade Hubris
Vanish
Weighted Popoffs
Wind Beneath Blade
Zealot","Adamant
All For You
And My Axe!
Courage of the Colossus
Crack Open That Egg
Dark Blessing
Guilty Pleasure
Impassable
Mercy
Protein Shake
Quest: Angel of Retribution
Righteous Fury
Skilled Sniper
Sonic Boom
Spellwake
Tormentor
Trueshot Prodigy"
Milio,"Adamant
ADAPt
All For You
Banner of Command
Big Brain
Celestial Body
Circle of Death
Combo Master
Crack Open That Egg
Critical Healing
Dark Blessing
Defensive Maneuvers
Desecrator
Doomsayer
Eureka
Executioner
Feel the Burn
First-Aid Kit
From Beginning to End
Fruits of Your Labor
Giant Slayer
Glass Cannon
Hold Very Still
Holy Fire
Ice Cold
Impassable
Infernal Conduit
It's Killing Time
Jeweled Gauntlet
Keystone Conjurer
Light Warden
Magic Missile
Magical Girl
Marksmage
Mind to Matter
Mirror Image
Ominous Pact
Phenomenal Evil
Protein Shake
Quest: Angel of Retribution
Quest: Wooglet's Witchcap
Righteous Fury
Shrink Ray
Slap Around
Sonic Boom
Speed Demon
Spellwake
Spirit Link
Unshackled
Weighted Popoffs
Willing Sacrifice
Witchful Thinking","Blunt Force
Bodyguard
Critical Rhythm
Dashing
Demon's Dance
Despoil
Draw Your Sword
Earthwake
escAPADe
Lightning Strikes
Now You See Me
Outlaw's Grit
Quest: Icathia's Fall
Shadow Runner
Stuck In Here With Me
The Brutalizer
Trailblazer
Upgrade Collector
Upgrade Hubris
Wind Beneath Blade"
MissFortune,"ADAPt
Aim for the Head
Big Brain
Big Dragon Energy
Blade Waltz
Blood Brother
Cerberus
Combo Master
Critical Rhythm
Deathtouch
Deft
Doomsayer
Draw Your Sword
Dual Wield
Energetic
escAPADe
Eureka
Executioner
Fallen Aegis
Fan the Hammer
Firebrand
From Beginning to End
Get Excited!
Giant Slayer
Glass Cannon
Goliath
Goredrink
Hold Very Still
Ice Cold
Infernal Conduit
Infernal Soul
It's Killing Time
Jeweled Gauntlet
Keystone Conjurer
Leg Day
Light 'em Up!
Lightning Strikes
Magic Missile
Magical Girl
Marksmage
Mind to Matter
Mirror Image
Mystic Punch
Numb to Pain
OK Boomerang
Ominous Pact
Phenomenal Evil
Quest: Three Sacred Treasures
Quest: Wooglet's Witchcap
Repulsor
Scopiest Weapons
Serve Beyond Death
Shrink Ray
Skilled Sniper
Slow and Steady
Speed Demon
Spellwake
Symphony of War
Tap Dancer
The Brutalizer
Thread the Needle
Trueshot Prodigy
Twice Thrice
Typhoon
Unshackled
Upgrade Collector
Upgrade Hubris
Weighted Popoffs
Witchful Thinking
Zealot","All For You
Bodyguard
Circle of Death
Courage of the Colossus
Crack Open That Egg
Dark Blessing
Dashing
Despoil
Earthwake
First-Aid Kit
Guilty Pleasure
Holy Fire
Impassable
Mercy
Now You See Me
Outlaw's Grit
Protein Shake
Quest: Angel of Retribution
Quest: Icathia's Fall
Righteous Fury
Shadow Runner
Sonic Boom
Stuck In Here With Me
Tormentor
Trailblazer"
MonkeyKing,"Adamant
Blade Waltz
Celestial Body
Center of the Universe
Clothesline
Combo Master
Courage of the Colossus
Critical Healing
Demon's Dance
Desecrator
Doomsayer
Dreadbringer
Energetic
escAPADe
Executioner
Final Form
Frost Wraith
Get Excited!
Glass Cannon
Goliath
Goredrink
Guilty Pleasure
Heavy Hitter
Hold Very Still
Impassable
Infernal Soul
Jeweled Gauntlet
Light Warden
Magical Girl
Mercy
Mountain Soul
Mystic Punch
Perseverance
Quest: Icathia's Fall
Quest: Steel Your Heart
Rabble Rousing
Self Destruct
Serve Beyond Death
Slap Around
Slime Time
Speed Demon
Spirit Link
Symphony of War
Tank Engine
The Brutalizer
Thread the Needle
Tormentor
Upgrade Hubris
Weighted Popoffs
Willing Sacrifice
Wind Beneath Blade","ADAPt
All For You
And My Axe!
Big Brain
Circle of Death
Crack Open That Egg
Critical Rhythm
Dark Blessing
Draw Your Sword
Eureka
First-Aid Kit
Holy Fire
Marksmage
Ominous Pact
Phenomenal Evil
Quest: Angel of Retribution
Quest: Wooglet's Witchcap
Righteous Fury
Skilled Sniper
Sonic Boom
Spellwake
Trueshot Prodigy
Twin Fire
Unshackled
Witchful Thinking
Zealot"
Mordekaiser,"Adamant
ADAPt
Big Brain
Celestial Body
Center of the Universe
Clothesline
Combo Master
Courage of the Colossus
Critical Healing
Desecrator
Doomsayer
Dreadbringer
Eureka
Executioner
Final Form
From Beginning to End
Frost Wraith
Giant Slayer
Glass Cannon
Goliath
Guilty Pleasure
Heavy Hitter
Hold Very Still
Ice Cold
Impassable
Infernal Conduit
It's Killing Time
Jeweled Gauntlet
Keystone Conjurer
Light Warden
Magic Missile
Magical Girl
Marksmage
Mercy
Mirror Image
Mountain Soul
Ominous Pact
Perseverance
Phenomenal Evil
Quest: Icathia's Fall
Quest: Steel Your Heart
Quest: Wooglet's Witchcap
Rabble Rousing
Self Destruct
Slap Around
Slime Time
Speed Demon
Spirit Link
Tank Engine
Tormentor
Unshackled
Weighted Popoffs
Willing Sacrifice
Witchful Thinking","All For You
And My Axe!
Blunt Force
Bodyguard
Crack Open That Egg
Critical Rhythm
Dark Blessing
Dashing
Despoil
Draw Your Sword
Earthwake
escAPADe
Juiced
Lightning Strikes
Now You See Me
Outlaw's Grit
Overflow
Quest: Angel of Retribution
Righteous Fury
Shadow Runner
Skilled Sniper
Sonic Boom
The Brutalizer
Trailblazer
Trueshot Prodigy
Upgrade Collector
Upgrade Hubris
Wind Beneath Blade"
Morgana,"Adamant
ADAPt
All For You
Banner of Command
Big Brain
Celestial Body
Circle of Death
Combo Master
Crack Open That Egg
Critical Healing
Dark Blessing
Defensive Maneuvers
Desecrator
Doomsayer
Eureka
Executioner
Feel the Burn
First-Aid Kit
From Beginning to End
Fruits of Your Labor
Giant Slayer
Glass Cannon
Hold Very Still
Holy Fire
Ice Cold
Impassable
Infernal Conduit
It's Killing Time
Jeweled Gauntlet
Keystone Conjurer
Light Warden
Magic Missile
Magical Girl
Marksmage
Mind to Matter
Mirror Image
OK Boomerang
Ominous Pact
Phenomenal Evil
Protein Shake
Quest: Angel of Retribution
Quest: Wooglet's Witchcap
Repulsor
Righteous Fury
Shrink Ray
Skilled Sniper
Slap Around
Sonic Boom
Speed Demon
Spellwake
Spirit Link
Trueshot Prodigy
Unshackled
Weighted Popoffs
Willing Sacrifice
Witchful Thinking","Blunt Force
Bodyguard
Critical Rhythm
Dashing
Demon's Dance
Despoil
Draw Your Sword
Earthwake
escAPADe
Lightning Strikes
Now You See Me
Outlaw's Grit
Quest: Icathia's Fall
Shadow Runner
Stuck In Here With Me
The Brutalizer
Trailblazer
Upgrade Collector
Upgrade Hubris
Wind Beneath Blade"
Naafiri,"Blade Waltz
Clown College
Combo Master
Contract Killer
Dashing
Demon's Dance
Despoil
Doomsayer
Earthwake
Energetic
escAPADe
Executioner
Fallen Aegis
Final Form
Get Excited!
Giant Slayer
Glass Cannon
Goliath
Goredrink
Hold Very Still
Infernal Soul
It's Killing Time
Jeweled Gauntlet
Kill Secured
Mirror Image
Mystic Punch
Now You See Me
Outlaw's Grit
Self Destruct
Serve Beyond Death
Shadow Runner
Speed Demon
Symphony of War
The Brutalizer
Thread the Needle
Trailblazer
Upgrade Collector
Upgrade Hubris
Vanish
Weighted Popoffs
Wind Beneath Blade","Adamant
All For You
And My Axe!
Big Brain
Circle of Death
Courage of the Colossus
Crack Open That Egg
Critical Rhythm
Dark Blessing
Draw Your Sword
Eureka
First-Aid Kit
Guilty Pleasure
Holy Fire
Impassable
Marksmage
Mercy
Ominous Pact
Phenomenal Evil
Protein Shake
Quest: Angel of Retribution
Quest: Wooglet's Witchcap
Righteous Fury
Sonic Boom
Spellwake
Tormentor
Twin Fire
Unshackled
Witchful Thinking
Zealot"
Nami,"Adamant
ADAPt
All For You
Banner of Command
Big Brain
Celestial Body
Circle of Death
Combo Master
Crack Open That Egg
Critical Healing
Dark Blessing
Defensive Maneuvers
Desecrator
Doomsayer
Eureka
Executioner
Feel the Burn
First-Aid Kit
From Beginning to End
Fruits of Your Labor
Giant Slayer
Glass Cannon
Hold Very Still
Holy Fire
Ice Cold
Impassable
Infernal Conduit
It's Killing Time
Jeweled Gauntlet
Keystone Conjurer
Light Warden
Magic Missile
Magical Girl
Marksmage
Mind to Matter
Mirror Image
Ominous Pact
Phenomenal Evil
Protein Shake
Quest: Angel of Retribution
Quest: Wooglet's Witchcap
Righteous Fury
Shrink Ray
Slap Around
Sonic Boom
Speed Demon
Spellwake
Spirit Link
Unshackled
Weighted Popoffs
Willing Sacrifice
Witchful Thinking","Blunt Force
Bodyguard
Critical Rhythm
Dashing
Demon's Dance
Despoil
Draw Your Sword
Earthwake
escAPADe
Lightning Strikes
Now You See Me
Outlaw's Grit
Quest: Icathia's Fall
Shadow Runner
Stuck In Here With Me
The Brutalizer
Trailblazer
Upgrade Collector
Upgrade Hubris
Wind Beneath Blade"
Nasus,"ADAPt
Big Brain
Blade Waltz
Celestial Body
Center of the Universe
Clothesline
Combo Master
Critical Healing
Demon's Dance
Doomsayer
Dreadbringer
Energetic
escAPADe
Eureka
Executioner
Final Form
From Beginning to End
Frost Wraith
Get Excited!
Giant Slayer
Glass Cannon
Goliath
Goredrink
Heavy Hitter
Hold Very Still
Ice Cold
Infernal Conduit
Infernal Soul
It's Killing Time
Jeweled Gauntlet
Keystone Conjurer
Light Warden
Magic Missile
Magical Girl
Marksmage
Mind to Matter
Mirror Image
Mountain Soul
Mystic Punch
Ominous Pact
Perseverance
Phenomenal Evil
Quest: Icathia's Fall
Quest: Steel Your Heart
Quest: Wooglet's Witchcap
Rabble Rousing
Self Destruct
Serve Beyond Death
Slime Time
Speed Demon
Spirit Link
Symphony of War
Tank Engine
The Brutalizer
Thread the Needle
Unshackled
Upgrade Hubris
Weighted Popoffs
Willing Sacrifice
Witchful Thinking","All For You
And My Axe!
Bodyguard
Circle of Death
Crack Open That Egg
Critical Rhythm
Dark Blessing
Dashing
Despoil
Draw Your Sword
Earthwake
First-Aid Kit
Holy Fire
Now You See Me
Outlaw's Grit
Quest: Angel of Retribution
Righteous Fury
Shadow Runner
Sonic Boom
Trailblazer"
Nautilus,"Adamant
ADAPt
Big Brain
Celestial Body
Center of the Universe
Clothesline
Combo Master
Courage of the Colossus
Critical Healing
Desecrator
Doomsayer
Dreadbringer
Eureka
Executioner
Final Form
From Beginning to End
Frost Wraith
Giant Slayer
Glass Cannon
Goliath
Guilty Pleasure
Heavy Hitter
Hold Very Still
Ice Cold
Impassable
Infernal Conduit
It's Killing Time
Jeweled Gauntlet
Keystone Conjurer
Light Warden
Magic Missile
Magical Girl
Marksmage
Mercy
Mind to Matter
Mirror Image
Mountain Soul
Ominous Pact
Perseverance
Phenomenal Evil
Quest: Icathia's Fall
Quest: Steel Your Heart
Quest: Wooglet's Witchcap
Rabble Rousing
Self Destruct
Slap Around
Slime Time
Speed Demon
Spirit Link
Tank Engine
Tormentor
Unshackled
Weighted Popoffs
Willing Sacrifice
Witchful Thinking","All For You
And My Axe!
Blunt Force
Crack Open That Egg
Critical Rhythm
Dark Blessing
Draw Your Sword
escAPADe
Lightning Strikes
Quest: Angel of Retribution
Righteous Fury
Skilled Sniper
Sonic Boom
The Brutalizer
Trueshot Prodigy
Upgrade Collector
Upgrade Hubris"
Neeko,"Adamant
ADAPt
Aim for the Head
Big Brain
Big Dragon Energy
Blood Brother
Cerberus
Combo Master
Critical Rhythm
Deathtouch
Deft
Desecrator
Doomsayer
Draw Your Sword
Dual Wield
Energetic
escAPADe
Eureka
Executioner
Fallen Aegis
Fan the Hammer
Firebrand
From Beginning to End
Get Excited!
Giant Slayer
Glass Cannon
Goredrink
Hold Very Still
Ice Cold
Infernal Conduit
It's Killing Time
Jeweled Gauntlet
Keystone Conjurer
Leg Day
Light 'em Up!
Lightning Strikes
Magic Missile
Magical Girl
Marksmage
Mind to Matter
Mirror Image
Mystic Punch
Numb to Pain
Ominous Pact
Phenomenal Evil
Quest: Three Sacred Treasures
Quest: Wooglet's Witchcap
Scopiest Weapons
Shrink Ray
Slow and Steady
Speed Demon
Spellwake
Symphony of War
Tap Dancer
Twice Thrice
Typhoon
Unshackled
Upgrade Collector
Weighted Popoffs
Witchful Thinking
Zealot","All For You
Bodyguard
Circle of Death
Crack Open That Egg
Dark Blessing
Dashing
Despoil
Earthwake
First-Aid Kit
Holy Fire
Now You See Me
Outlaw's Grit
Protein Shake
Quest: Angel of Retribution
Quest: Icathia's Fall
Righteous Fury
Shadow Runner
Sonic Boom
Stuck In Here With Me
Trailblazer
Wind Beneath Blade"
Nidalee,"ADAPt
Big Brain
Combo Master
Doomsayer
Eureka
Executioner
Final Form
From Beginning to End
Giant Slayer
Glass Cannon
Hold Very Still
Ice Cold
Infernal Conduit
Jeweled Gauntlet
Keystone Conjurer
Magic Missile
Magical Girl
Marksmage
Mind to Matter
Mirror Image
OK Boomerang
Ominous Pact
Phenomenal Evil
Quest: Wooglet's Witchcap
Repulsor
Skilled Sniper
Speed Demon
Spellwake
Trueshot Prodigy
Unshackled
Weighted Popoffs
Witchful Thinking","Back To Basics
Courage of the Colossus
Fey Magic
Guilty Pleasure
Impassable
Mercy
Slap Around
Tormentor
Ultimate Revolution
Ultimate Unstoppable"
Nilah,"Aim for the Head
Big Dragon Energy
Blade Waltz
Blood Brother
Cerberus
Clown College
Contract Killer
Dashing
Deathtouch
Deft
Demon's Dance
Despoil
Doomsayer
Dual Wield
Earthwake
Energetic
escAPADe
Executioner
Fallen Aegis
Fan the Hammer
Final Form
Firebrand
Get Excited!
Giant Slayer
Glass Cannon
Goredrink
Hold Very Still
It's Killing Time
Jeweled Gauntlet
Kill Secured
Leg Day
Light 'em Up!
Lightning Strikes
Mirror Image
Mystic Punch
Now You See Me
Numb to Pain
Outlaw's Grit
Quest: Three Sacred Treasures
Scopiest Weapons
Self Destruct
Serve Beyond Death
Shadow Runner
Shrink Ray
Slow and Steady
Symphony of War
Tap Dancer
Trailblazer
Twice Thrice
Typhoon
Upgrade Collector
Upgrade Hubris
Vanish
Wind Beneath Blade","Adamant
All For You
And My Axe!
Big Brain
Courage of the Colossus
Crack Open That Egg
Dark Blessing
Desecrator
Eureka
Guilty Pleasure
Impassable
Marksmage
Mercy
Ominous Pact
Phenomenal Evil
Protein Shake
Quest: Angel of Retribution
Quest: Wooglet's Witchcap
Righteous Fury
Skilled Sniper
Slap Around
Sonic Boom
Spellwake
Tormentor
Trueshot Prodigy
Twin Fire
Unshackled
Witchful Thinking"
Nocturne,"Aim for the Head
Big Dragon Energy
Blade Waltz
Blood Brother
Cerberus
Combo Master
Deathtouch
Deft
Demon's Dance
Desecrator
Doomsayer
Dual Wield
Energetic
escAPADe
Executioner
Fallen Aegis
Fan the Hammer
Firebrand
Get Excited!
Giant Slayer
Glass Cannon
Goliath
Goredrink
Hold Very Still
Infernal Soul
Jeweled Gauntlet
Leg Day
Light 'em Up!
Lightning Strikes
Mystic Punch
Numb to Pain
Quest: Three Sacred Treasures
Scopiest Weapons
Serve Beyond Death
Shrink Ray
Slap Around
Slow and Steady
Speed Demon
Symphony of War
Tap Dancer
The Brutalizer
Thread the Needle
Twice Thrice
Typhoon
Upgrade Collector
Upgrade Hubris
Weighted Popoffs","ADAPt
All For You
And My Axe!
Big Brain
Bodyguard
Circle of Death
Crack Open That Egg
Dark Blessing
Dashing
Despoil
Earthwake
Eureka
First-Aid Kit
Holy Fire
Marksmage
Now You See Me
Ominous Pact
Outlaw's Grit
Phenomenal Evil
Protein Shake
Quest: Angel of Retribution
Quest: Wooglet's Witchcap
Righteous Fury
Shadow Runner
Sonic Boom
Spellwake
Trailblazer
Twin Fire
Unshackled
Witchful Thinking"
Nunu,"Adamant
ADAPt
Big Brain
Celestial Body
Center of the Universe
Clothesline
Combo Master
Courage of the Colossus
Critical Healing
Desecrator
Doomsayer
Dreadbringer
Eureka
Executioner
Final Form
From Beginning to End
Frost Wraith
Giant Slayer
Glass Cannon
Goliath
Guilty Pleasure
Heavy Hitter
Hold Very Still
Ice Cold
Impassable
Infernal Conduit
It's Killing Time
Jeweled Gauntlet
Keystone Conjurer
Light Warden
Magic Missile
Magical Girl
Marksmage
Mercy
Mind to Matter
Mirror Image
Mountain Soul
Ominous Pact
Perseverance
Phenomenal Evil
Quest: Icathia's Fall
Quest: Steel Your Heart
Quest: Wooglet's Witchcap
Rabble Rousing
Self Destruct
Slap Around
Slime Time
Speed Demon
Spirit Link
Tank Engine
Tormentor
Unshackled
Weighted Popoffs
Willing Sacrifice
Witchful Thinking","All For You
And My Axe!
Blunt Force
Bodyguard
Crack Open That Egg
Critical Rhythm
Dark Blessing
Dashing
Despoil
Draw Your Sword
Earthwake
escAPADe
Lightning Strikes
Now You See Me
Outlaw's Grit
Quest: Angel of Retribution
Righteous Fury
Shadow Runner
Skilled Sniper
Sonic Boom
The Brutalizer
Trailblazer
Trueshot Prodigy
Upgrade Collector
Upgrade Hubris
Wind Beneath Blade"
Olaf,"Aim for the Head
Big Dragon Energy
Blade Waltz
Blood Brother
Celestial Body
Center of the Universe
Cerberus
Clothesline
Combo Master
Critical Healing
Deathtouch
Deft
Demon's Dance
Doomsayer
Dreadbringer
Dual Wield
Energetic
escAPADe
Executioner
Fallen Aegis
Fan the Hammer
Final Form
Firebrand
Frost Wraith
Get Excited!
Giant Slayer
Glass Cannon
Goliath
Goredrink
Heavy Hitter
Hold Very Still
Infernal Soul
Jeweled Gauntlet
Leg Day
Light 'em Up!
Light Warden
Lightning Strikes
Magical Girl
Mountain Soul
Mystic Punch
Numb to Pain
Perseverance
Quest: Icathia's Fall
Quest: Steel Your Heart
Quest: Three Sacred Treasures
Rabble Rousing
Scopiest Weapons
Self Destruct
Serve Beyond Death
Shrink Ray
Slime Time
Slow and Steady
Speed Demon
Spirit Link
Symphony of War
Tank Engine
Tap Dancer
The Brutalizer
Thread the Needle
Twice Thrice
Typhoon
Upgrade Collector
Upgrade Hubris
Weighted Popoffs
Willing Sacrifice","ADAPt
All For You
And My Axe!
Big Brain
Bodyguard
Circle of Death
Crack Open That Egg
Dark Blessing
Dashing
Despoil
Earthwake
Eureka
First-Aid Kit
Holy Fire
Marksmage
Now You See Me
Ominous Pact
Outlaw's Grit
Phenomenal Evil
Quest: Angel of Retribution
Quest: Wooglet's Witchcap
Righteous Fury
Shadow Runner
Sonic Boom
Spellwake
Trailblazer
Twin Fire
Unshackled
Witchful Thinking"
Orianna,"ADAPt
Big Brain
Combo Master
Doomsayer
Eureka
Executioner
From Beginning to End
Giant Slayer
Glass Cannon
Hold Very Still
Ice Cold
Infernal Conduit
It's Killing Time
Jeweled Gauntlet
Keystone Conjurer
Magic Missile
Magical Girl
Marksmage
Mind to Matter
Mirror Image
Ominous Pact
Phenomenal Evil
Quest: Wooglet's Witchcap
Speed Demon
Spellwake
Unshackled
Weighted Popoffs
Witchful Thinking","Blunt Force
Bodyguard
Courage of the Colossus
Critical Rhythm
Dashing
Demon's Dance
Despoil
Draw Your Sword
Earthwake
escAPADe
Guilty Pleasure
Impassable
Lightning Strikes
Mercy
Now You See Me
Outlaw's Grit
Quest: Icathia's Fall
Shadow Runner
Slap Around
Stuck In Here With Me
The Brutalizer
Tormentor
Trailblazer
Upgrade Collector
Upgrade Hubris
Wind Beneath Blade"
Ornn,"Adamant
Celestial Body
Center of the Universe
Clothesline
Courage of the Colossus
Critical Healing
Desecrator
Dreadbringer
Final Form
Frost Wraith
Goliath
Guilty Pleasure
Heavy Hitter
Impassable
Light Warden
Magical Girl
Mercy
Mountain Soul
Perseverance
Quest: Icathia's Fall
Quest: Steel Your Heart
Rabble Rousing
Self Destruct
Slap Around
Slime Time
Speed Demon
Spirit Link
Tank Engine
Tormentor
Willing Sacrifice","All For You
And My Axe!
Circle of Death
Crack Open That Egg
Critical Rhythm
Dark Blessing
Draw Your Sword
First-Aid Kit
Holy Fire
Quest: Angel of Retribution
Righteous Fury
Sonic Boom
Spellwake"
Pantheon,"ADAPt
Blade Waltz
Clown College
Combo Master
Contract Killer
Dashing
Demon's Dance
Desecrator
Despoil
Doomsayer
Earthwake
Energetic
escAPADe
Executioner
Fallen Aegis
Final Form
Get Excited!
Giant Slayer
Glass Cannon
Goliath
Goredrink
Hold Very Still
Infernal Soul
It's Killing Time
Jeweled Gauntlet
Kill Secured
Mirror Image
Mystic Punch
Now You See Me
Outlaw's Grit
Self Destruct
Serve Beyond Death
Shadow Runner
Slap Around
Speed Demon
Symphony of War
The Brutalizer
Thread the Needle
Trailblazer
Upgrade Collector
Upgrade Hubris
Vanish
Weighted Popoffs
Wind Beneath Blade","All For You
And My Axe!
Circle of Death
Crack Open That Egg
Critical Rhythm
Dark Blessing
Draw Your Sword
First-Aid Kit
Holy Fire
Protein Shake
Quest: Angel of Retribution
Righteous Fury
Sonic Boom
Spellwake"
Poppy,"Adamant
Blade Waltz
Celestial Body
Center of the Universe
Clothesline
Combo Master
Courage of the Colossus
Critical Healing
Demon's Dance
Desecrator
Doomsayer
Dreadbringer
Energetic
escAPADe
Executioner
Final Form
Frost Wraith
Get Excited!
Glass Cannon
Goliath
Goredrink
Guilty Pleasure
Heavy Hitter
Hold Very Still
Impassable
Infernal Soul
Jeweled Gauntlet
Light Warden
Magical Girl
Mercy
Mountain Soul
Mystic Punch
Perseverance
Quest: Icathia's Fall
Quest: Steel Your Heart
Rabble Rousing
Self Destruct
Serve Beyond Death
Slap Around
Slime Time
Speed Demon
Spirit Link
Symphony of War
Tank Engine
The Brutalizer
Thread the Needle
Tormentor
Upgrade Hubris
Weighted Popoffs
Willing Sacrifice
Wind Beneath Blade","ADAPt
All For You
And My Axe!
Big Brain
Circle of Death
Crack Open That Egg
Critical Rhythm
Dark Blessing
Draw Your Sword
Eureka
First-Aid Kit
Holy Fire
Marksmage
Ominous Pact
Phenomenal Evil
Quest: Angel of Retribution
Quest: Wooglet's Witchcap
Righteous Fury
Sonic Boom
Spellwake
Twin Fire
Unshackled
Witchful Thinking
Zealot"
Pyke,"Blade Waltz
Clown College
Combo Master
Contract Killer
Dashing
Demon's Dance
Desecrator
Despoil
Doomsayer
Earthwake
Energetic
escAPADe
Executioner
Fallen Aegis
Final Form
Get Excited!
Giant Slayer
Glass Cannon
Goliath
Goredrink
Hold Very Still
Infernal Soul
It's Killing Time
Jeweled Gauntlet
Kill Secured
Mirror Image
Mystic Punch
Now You See Me
Outlaw's Grit
Self Destruct
Serve Beyond Death
Shadow Runner
Slap Around
Speed Demon
Symphony of War
The Brutalizer
Thread the Needle
Trailblazer
Upgrade Collector
Upgrade Hubris
Vanish
Weighted Popoffs
Wind Beneath Blade","All For You
And My Axe!
Big Brain
Circle of Death
Crack Open That Egg
Critical Rhythm
Dark Blessing
Draw Your Sword
Eureka
First-Aid Kit
Holy Fire
Marksmage
Ominous Pact
Phenomenal Evil
Protein Shake
Quest: Angel of Retribution
Quest: Wooglet's Witchcap
Righteous Fury
Sonic Boom
Spellwake
Twin Fire
Unshackled
Witchful Thinking
Zealot"
Qiyana,"Blade Waltz
Clown College
Combo Master
Contract Killer
Dashing
Demon's Dance
Desecrator
Despoil
Doomsayer
Earthwake
Energetic
escAPADe
Executioner
Fallen Aegis
Final Form
Get Excited!
Giant Slayer
Glass Cannon
Goliath
Goredrink
Hold Very Still
Infernal Soul
It's Killing Time
Jeweled Gauntlet
Kill Secured
Mirror Image
Mystic Punch
Now You See Me
Outlaw's Grit
Self Destruct
Serve Beyond Death
Shadow Runner
Slap Around
Speed Demon
Symphony of War
The Brutalizer
Thread the Needle
Trailblazer
Upgrade Collector
Upgrade Hubris
Vanish
Weighted Popoffs
Wind Beneath Blade","All For You
And My Axe!
Big Brain
Circle of Death
Crack Open That Egg
Critical Rhythm
Dark Blessing
Draw Your Sword
Eureka
First-Aid Kit
Holy Fire
Marksmage
Ominous Pact
Phenomenal Evil
Protein Shake
Quest: Angel of Retribution
Quest: Wooglet's Witchcap
Righteous Fury
Skilled Sniper
Sonic Boom
Spellwake
Trueshot Prodigy
Twin Fire
Unshackled
Witchful Thinking
Zealot"
Quinn,"Aim for the Head
Big Dragon Energy
Blood Brother
Cerberus
Critical Rhythm
Deathtouch
Deft
Draw Your Sword
Dual Wield
Energetic
escAPADe
Fallen Aegis
Fan the Hammer
Firebrand
Get Excited!
Giant Slayer
Glass Cannon
Goredrink
Hold Very Still
Leg Day
Light 'em Up!
Lightning Strikes
Mystic Punch
Numb to Pain
Quest: Three Sacred Treasures
Scopiest Weapons
Shrink Ray
Slow and Steady
Symphony of War
Tap Dancer
Twice Thrice
Typhoon
Upgrade Collector","ADAPt
All For You
Big Brain
Circle of Death
Crack Open That Egg
Dark Blessing
Eureka
Final Form
First-Aid Kit
Holy Fire
Marksmage
Ominous Pact
Phenomenal Evil
Protein Shake
Quest: Angel of Retribution
Quest: Icathia's Fall
Quest: Wooglet's Witchcap
Righteous Fury
Sonic Boom
Stuck In Here With Me
Twin Fire
Unshackled
Witchful Thinking"
Rakan,"Adamant
ADAPt
All For You
Banner of Command
Big Brain
Blade Waltz
Celestial Body
Center of the Universe
Circle of Death
Clothesline
Clown College
Combo Master
Contract Killer
Courage of the Colossus
Crack Open That Egg
Critical Healing
Dark Blessing
Dashing
Defensive Maneuvers
Desecrator
Despoil
Doomsayer
Dreadbringer
Earthwake
Eureka
Executioner
Fallen Aegis
Feel the Burn
Final Form
First-Aid Kit
From Beginning to End
Frost Wraith
Fruits of Your Labor
Get Excited!
Giant Slayer
Glass Cannon
Goliath
Goredrink
Guilty Pleasure
Heavy Hitter
Hold Very Still
Holy Fire
Ice Cold
Impassable
Infernal Conduit
It's Killing Time
Jeweled Gauntlet
Keystone Conjurer
Kill Secured
Light Warden
Magic Missile
Magical Girl
Marksmage
Mercy
Mind to Matter
Mirror Image
Mountain Soul
Now You See Me
Ominous Pact
Outlaw's Grit
Perseverance
Phenomenal Evil
Protein Shake
Quest: Angel of Retribution
Quest: Icathia's Fall
Quest: Steel Your Heart
Quest: Wooglet's Witchcap
Rabble Rousing
Righteous Fury
Self Destruct
Serve Beyond Death
Shadow Runner
Shrink Ray
Slap Around
Slime Time
Sonic Boom
Speed Demon
Spirit Link
Tank Engine
Tormentor
Trailblazer
Unshackled
Vanish
Weighted Popoffs
Willing Sacrifice
Wind Beneath Blade
Witchful Thinking","And My Axe!
Blunt Force
Critical Rhythm
Draw Your Sword
Lightning Strikes
Skilled Sniper
The Brutalizer
Trueshot Prodigy"
Rammus,"Adamant
Celestial Body
Center of the Universe
Clothesline
Courage of the Colossus
Critical Healing
Desecrator
Dreadbringer
Final Form
Frost Wraith
Goliath
Guilty Pleasure
Heavy Hitter
Impassable
Light Warden
Magical Girl
Mercy
Mountain Soul
Perseverance
Quest: Icathia's Fall
Quest: Steel Your Heart
Rabble Rousing
Self Destruct
Slap Around
Slime Time
Speed Demon
Spirit Link
Tank Engine
Tormentor
Willing Sacrifice","All For You
And My Axe!
Blunt Force
Circle of Death
Crack Open That Egg
Critical Rhythm
Dark Blessing
Draw Your Sword
escAPADe
First-Aid Kit
Holy Fire
Lightning Strikes
Quest: Angel of Retribution
Righteous Fury
Skilled Sniper
Sonic Boom
Spellwake
The Brutalizer
Trueshot Prodigy
Upgrade Collector
Upgrade Hubris"
RekSai,"ADAPt
Aim for the Head
Big Dragon Energy
Blade Waltz
Blood Brother
Cerberus
Clown College
Combo Master
Contract Killer
Dashing
Deathtouch
Deft
Demon's Dance
Desecrator
Despoil
Doomsayer
Dual Wield
Earthwake
Energetic
escAPADe
Executioner
Fallen Aegis
Fan the Hammer
Final Form
Firebrand
Get Excited!
Giant Slayer
Glass Cannon
Goliath
Goredrink
Hold Very Still
Infernal Soul
It's Killing Time
Jeweled Gauntlet
Kill Secured
Leg Day
Light 'em Up!
Lightning Strikes
Mirror Image
Mystic Punch
Now You See Me
Numb to Pain
Outlaw's Grit
Quest: Three Sacred Treasures
Scopiest Weapons
Self Destruct
Serve Beyond Death
Shadow Runner
Shrink Ray
Slap Around
Slow and Steady
Speed Demon
Symphony of War
Tap Dancer
The Brutalizer
Thread the Needle
Trailblazer
Twice Thrice
Typhoon
Upgrade Collector
Upgrade Hubris
Vanish
Weighted Popoffs
Wind Beneath Blade
Zealot","All For You
And My Axe!
Circle of Death
Crack Open That Egg
Dark Blessing
First-Aid Kit
Holy Fire
Juiced
Mind to Matter
Overflow
Protein Shake
Quest: Angel of Retribution
Righteous Fury
Sonic Boom
Spellwake"
Rell,"Adamant
Celestial Body
Center of the Universe
Clothesline
Courage of the Colossus
Critical Healing
Desecrator
Dreadbringer
Final Form
Frost Wraith
Goliath
Guilty Pleasure
Heavy Hitter
Impassable
Light Warden
Magical Girl
Mercy
Mountain Soul
Perseverance
Quest: Icathia's Fall
Quest: Steel Your Heart
Rabble Rousing
Self Destruct
Slap Around
Slime Time
Speed Demon
Spirit Link
Tank Engine
Tormentor
Willing Sacrifice","All For You
And My Axe!
Blunt Force
Circle of Death
Crack Open That Egg
Critical Rhythm
Dark Blessing
Draw Your Sword
escAPADe
First-Aid Kit
Holy Fire
Lightning Strikes
Quest: Angel of Retribution
Righteous Fury
Skilled Sniper
Sonic Boom
Spellwake
The Brutalizer
Trueshot Prodigy
Upgrade Collector
Upgrade Hubris"
Renata,"Adamant
ADAPt
All For You
Banner of Command
Big Brain
Celestial Body
Circle of Death
Combo Master
Crack Open That Egg
Critical Healing
Dark Blessing
Defensive Maneuvers
Desecrator
Doomsayer
Eureka
Executioner
Feel the Burn
First-Aid Kit
From Beginning to End
Fruits of Your Labor
Giant Slayer
Glass Cannon
Hold Very Still
Holy Fire
Ice Cold
Impassable
Infernal Conduit
It's Killing Time
Jeweled Gauntlet
Keystone Conjurer
Light Warden
Magic Missile
Magical Girl
Marksmage
Mind to Matter
Mirror Image
Ominous Pact
Phenomenal Evil
Protein Shake
Quest: Angel of Retribution
Quest: Wooglet's Witchcap
Righteous Fury
Shrink Ray
Slap Around
Sonic Boom
Speed Demon
Spellwake
Spirit Link
Unshackled
Weighted Popoffs
Willing Sacrifice
Witchful Thinking","Blunt Force
Bodyguard
Critical Rhythm
Dashing
Demon's Dance
Despoil
Draw Your Sword
Earthwake
escAPADe
Lightning Strikes
Now You See Me
Outlaw's Grit
Quest: Icathia's Fall
Shadow Runner
Stuck In Here With Me
The Brutalizer
Trailblazer
Upgrade Collector
Upgrade Hubris
Wind Beneath Blade"
Renekton,"Adamant
Aim for the Head
Big Dragon Energy
Blade Waltz
Blood Brother
Celestial Body
Center of the Universe
Cerberus
Clothesline
Clown College
Combo Master
Contract Killer
Courage of the Colossus
Critical Healing
Dashing
Deathtouch
Deft
Demon's Dance
Desecrator
Despoil
Doomsayer
Dreadbringer
Dual Wield
Earthwake
Energetic
escAPADe
Executioner
Fallen Aegis
Fan the Hammer
Final Form
Firebrand
Frost Wraith
Get Excited!
Giant Slayer
Glass Cannon
Goliath
Goredrink
Guilty Pleasure
Heavy Hitter
Hold Very Still
Impassable
Infernal Soul
It's Killing Time
Jeweled Gauntlet
Kill Secured
Leg Day
Light 'em Up!
Light Warden
Lightning Strikes
Magical Girl
Mercy
Mirror Image
Mountain Soul
Mystic Punch
Now You See Me
Numb to Pain
Outlaw's Grit
Perseverance
Quest: Icathia's Fall
Quest: Steel Your Heart
Quest: Three Sacred Treasures
Rabble Rousing
Scopiest Weapons
Self Destruct
Serve Beyond Death
Shadow Runner
Shrink Ray
Slap Around
Slime Time
Slow and Steady
Speed Demon
Spirit Link
Symphony of War
Tank Engine
Tap Dancer
The Brutalizer
Thread the Needle
Tormentor
Trailblazer
Twice Thrice
Typhoon
Upgrade Collector
Upgrade Hubris
Vanish
Weighted Popoffs
Willing Sacrifice
Wind Beneath Blade","All For You
And My Axe!
Big Brain
Crack Open That Egg
Dark Blessing
Eureka
Juiced
Marksmage
Mind to Matter
Ominous Pact
Overflow
Phenomenal Evil
Quest: Angel of Retribution
Quest: Wooglet's Witchcap
Righteous Fury
Skilled Sniper
Sonic Boom
Spellwake
Trueshot Prodigy
Twin Fire
Unshackled
Witchful Thinking"
Rengar,"ADAPt
Aim for the Head
Big Dragon Energy
Blade Waltz
Blood Brother
Cerberus
Clown College
Combo Master
Contract Killer
Dashing
Deathtouch
Deft
Demon's Dance
Desecrator
Despoil
Doomsayer
Dual Wield
Earthwake
Energetic
escAPADe
Executioner
Fallen Aegis
Fan the Hammer
Final Form
Firebrand
Get Excited!
Giant Slayer
Glass Cannon
Goliath
Goredrink
Hold Very Still
Infernal Soul
It's Killing Time
Jeweled Gauntlet
Kill Secured
Leg Day
Light 'em Up!
Lightning Strikes
Mirror Image
Mystic Punch
Now You See Me
Numb to Pain
Outlaw's Grit
Quest: Three Sacred Treasures
Scopiest Weapons
Self Destruct
Serve Beyond Death
Shadow Runner
Shrink Ray
Slap Around
Slow and Steady
Speed Demon
Symphony of War
Tap Dancer
The Brutalizer
Thread the Needle
Trailblazer
Twice Thrice
Typhoon
Upgrade Collector
Upgrade Hubris
Vanish
Weighted Popoffs
Wind Beneath Blade
Zealot","All For You
And My Axe!
Crack Open That Egg
Dark Blessing
Juiced
Mind to Matter
Overflow
Protein Shake
Quest: Angel of Retribution
Righteous Fury
Sonic Boom
Spellwake"
Riven,"Blade Waltz
Clown College
Combo Master
Contract Killer
Dashing
Demon's Dance
Desecrator
Despoil
Doomsayer
Earthwake
Energetic
escAPADe
Executioner
Fallen Aegis
Final Form
Get Excited!
Giant Slayer
Glass Cannon
Goliath
Goredrink
Hold Very Still
Infernal Soul
It's Killing Time
Jeweled Gauntlet
Kill Secured
Mirror Image
Mystic Punch
Now You See Me
Outlaw's Grit
Self Destruct
Serve Beyond Death
Shadow Runner
Slap Around
Speed Demon
Symphony of War
The Brutalizer
Thread the Needle
Trailblazer
Upgrade Collector
Upgrade Hubris
Vanish
Weighted Popoffs
Wind Beneath Blade","All For You
And My Axe!
Big Brain
Crack Open That Egg
Critical Rhythm
Dark Blessing
Draw Your Sword
Eureka
Juiced
Marksmage
Mind to Matter
Ominous Pact
Overflow
Phenomenal Evil
Protein Shake
Quest: Angel of Retribution
Quest: Wooglet's Witchcap
Righteous Fury
Skilled Sniper
Sonic Boom
Spellwake
Trueshot Prodigy
Twin Fire
Unshackled
Witchful Thinking
Zealot"
Rumble,"ADAPt
Big Brain
Combo Master
Doomsayer
Eureka
Executioner
Final Form
From Beginning to End
Giant Slayer
Glass Cannon
Hold Very Still
Ice Cold
Infernal Conduit
It's Killing Time
Jeweled Gauntlet
Keystone Conjurer
Magic Missile
Magical Girl
Marksmage
Mirror Image
Ominous Pact
Phenomenal Evil
Quest: Wooglet's Witchcap
Speed Demon
Unshackled
Weighted Popoffs
Witchful Thinking","All For You
And My Axe!
Blunt Force
Bodyguard
Courage of the Colossus
Crack Open That Egg
Critical Rhythm
Dark Blessing
Dashing
Despoil
Draw Your Sword
Earthwake
escAPADe
Guilty Pleasure
Impassable
Juiced
Lightning Strikes
Mercy
Now You See Me
Outlaw's Grit
Overflow
Protein Shake
Quest: Angel of Retribution
Righteous Fury
Shadow Runner
Slap Around
Sonic Boom
The Brutalizer
Tormentor
Trailblazer
Upgrade Collector
Upgrade Hubris
Wind Beneath Blade"
Ryze,"Adamant
ADAPt
Big Brain
Combo Master
Desecrator
Doomsayer
Eureka
Executioner
From Beginning to End
Giant Slayer
Glass Cannon
Hold Very Still
Ice Cold
Infernal Conduit
It's Killing Time
Jeweled Gauntlet
Keystone Conjurer
Magic Missile
Magical Girl
Marksmage
Mind to Matter
Mirror Image
Ominous Pact
Phenomenal Evil
Quest: Wooglet's Witchcap
Speed Demon
Spellwake
Unshackled
Weighted Popoffs
Witchful Thinking","All For You
Blunt Force
Bodyguard
Circle of Death
Crack Open That Egg
Critical Rhythm
Dark Blessing
Dashing
Demon's Dance
Despoil
Draw Your Sword
Earthwake
escAPADe
First-Aid Kit
Holy Fire
Lightning Strikes
Now You See Me
Outlaw's Grit
Protein Shake
Quest: Angel of Retribution
Quest: Icathia's Fall
Righteous Fury
Shadow Runner
Sonic Boom
Stuck In Here With Me
The Brutalizer
Trailblazer
Upgrade Collector
Upgrade Hubris
Wind Beneath Blade"
Samira,"Aim for the Head
Big Dragon Energy
Blade Waltz
Blood Brother
Cerberus
Clown College
Contract Killer
Critical Rhythm
Dashing
Deathtouch
Deft
Demon's Dance
Despoil
Doomsayer
Draw Your Sword
Dual Wield
Earthwake
Energetic
escAPADe
Executioner
Fallen Aegis
Fan the Hammer
Final Form
Firebrand
Get Excited!
Giant Slayer
Glass Cannon
Goredrink
Hold Very Still
It's Killing Time
Jeweled Gauntlet
Kill Secured
Leg Day
Light 'em Up!
Lightning Strikes
Mirror Image
Mystic Punch
Now You See Me
Numb to Pain
Outlaw's Grit
Quest: Three Sacred Treasures
Scopiest Weapons
Self Destruct
Serve Beyond Death
Shadow Runner
Shrink Ray
Slow and Steady
Symphony of War
Tap Dancer
Trailblazer
Twice Thrice
Typhoon
Upgrade Collector
Upgrade Hubris
Vanish
Wind Beneath Blade","Adamant
All For You
Big Brain
Circle of Death
Courage of the Colossus
Crack Open That Egg
Dark Blessing
Desecrator
Eureka
First-Aid Kit
Guilty Pleasure
Holy Fire
Impassable
Marksmage
Mercy
Ominous Pact
Phenomenal Evil
Protein Shake
Quest: Angel of Retribution
Quest: Wooglet's Witchcap
Righteous Fury
Slap Around
Sonic Boom
Tormentor
Twin Fire
Unshackled
Witchful Thinking"
Sejuani,"Adamant
Celestial Body
Center of the Universe
Clothesline
Courage of the Colossus
Critical Healing
Desecrator
Dreadbringer
Final Form
Frost Wraith
Goliath
Guilty Pleasure
Heavy Hitter
Impassable
Light Warden
Magical Girl
Mercy
Mountain Soul
Perseverance
Quest: Icathia's Fall
Quest: Steel Your Heart
Rabble Rousing
Self Destruct
Slap Around
Slime Time
Speed Demon
Spirit Link
Tank Engine
Tormentor
Willing Sacrifice","All For You
And My Axe!
Blunt Force
Circle of Death
Crack Open That Egg
Critical Rhythm
Dark Blessing
Draw Your Sword
escAPADe
First-Aid Kit
Holy Fire
Lightning Strikes
Quest: Angel of Retribution
Righteous Fury
Skilled Sniper
Sonic Boom
Spellwake
The Brutalizer
Trueshot Prodigy
Upgrade Collector
Upgrade Hubris"
Senna,"Adamant
Aim for the Head
All For You
Banner of Command
Big Dragon Energy
Blade Waltz
Blood Brother
Celestial Body
Cerberus
Circle of Death
Combo Master
Crack Open That Egg
Critical Healing
Critical Rhythm
Dark Blessing
Deathtouch
Defensive Maneuvers
Deft
Desecrator
Doomsayer
Double Tap
Draw Your Sword
Dual Wield
Energetic
escAPADe
Executioner
Fallen Aegis
Fan the Hammer
Feel the Burn
Firebrand
First-Aid Kit
From Beginning to End
Fruits of Your Labor
Get Excited!
Giant Slayer
Glass Cannon
Goliath
Goredrink
Hold Very Still
Holy Fire
Ice Cold
Impassable
Infernal Soul
It's Critical
Jeweled Gauntlet
Juiced
Keystone Conjurer
Leg Day
Light 'em Up!
Light Warden
Lightning Strikes
Magical Girl
Mystic Punch
Numb to Pain
OK Boomerang
Ominous Pact
Protein Shake
Quest: Angel of Retribution
Quest: Three Sacred Treasures
Repulsor
Righteous Fury
Scopiest Weapons
Serve Beyond Death
Shrink Ray
Skilled Sniper
Slap Around
Slow and Steady
Sonic Boom
Soul Siphon
Speed Demon
Spellwake
Spirit Link
Symphony of War
Tank It Or Leave It
Tap Dancer
The Brutalizer
Thread the Needle
Trueshot Prodigy
Twice Thrice
Twin Fire
Typhoon
Upgrade Collector
Upgrade Hubris
Vulnerability
Weighted Popoffs
Willing Sacrifice
Zealot","Bodyguard
Dashing
Despoil
Earthwake
Final Form
Now You See Me
Outlaw's Grit
Quest: Icathia's Fall
Shadow Runner
Stuck In Here With Me
Trailblazer"
Seraphine,"Adamant
ADAPt
All For You
Banner of Command
Big Brain
Celestial Body
Circle of Death
Combo Master
Crack Open That Egg
Critical Healing
Dark Blessing
Defensive Maneuvers
Desecrator
Doomsayer
Eureka
Executioner
Feel the Burn
First-Aid Kit
From Beginning to End
Fruits of Your Labor
Giant Slayer
Glass Cannon
Hold Very Still
Holy Fire
Ice Cold
Impassable
Infernal Conduit
It's Killing Time
Jeweled Gauntlet
Keystone Conjurer
Light Warden
Magic Missile
Magical Girl
Marksmage
Mind to Matter
Mirror Image
Ominous Pact
Phenomenal Evil
Protein Shake
Quest: Angel of Retribution
Quest: Wooglet's Witchcap
Righteous Fury
Shrink Ray
Slap Around
Sonic Boom
Speed Demon
Spellwake
Spirit Link
Unshackled
Weighted Popoffs
Willing Sacrifice
Witchful Thinking","Blunt Force
Bodyguard
Critical Rhythm
Dashing
Demon's Dance
Despoil
Draw Your Sword
Earthwake
escAPADe
Lightning Strikes
Now You See Me
Outlaw's Grit
Quest: Icathia's Fall
Shadow Runner
Stuck In Here With Me
The Brutalizer
Trailblazer
Upgrade Collector
Upgrade Hubris
Wind Beneath Blade"
Sett,"Adamant
Aim for the Head
Big Dragon Energy
Blade Waltz
Blood Brother
Celestial Body
Center of the Universe
Cerberus
Clothesline
Combo Master
Courage of the Colossus
Critical Healing
Deathtouch
Deft
Demon's Dance
Desecrator
Doomsayer
Dreadbringer
Dual Wield
Energetic
escAPADe
Executioner
Fallen Aegis
Fan the Hammer
Final Form
Firebrand
Frost Wraith
Get Excited!
Giant Slayer
Glass Cannon
Goliath
Goredrink
Guilty Pleasure
Heavy Hitter
Hold Very Still
Impassable
Infernal Soul
Jeweled Gauntlet
Leg Day
Light 'em Up!
Light Warden
Lightning Strikes
Magical Girl
Mercy
Mountain Soul
Mystic Punch
Numb to Pain
Perseverance
Quest: Icathia's Fall
Quest: Steel Your Heart
Quest: Three Sacred Treasures
Rabble Rousing
Scopiest Weapons
Self Destruct
Serve Beyond Death
Shrink Ray
Slap Around
Slime Time
Slow and Steady
Speed Demon
Spirit Link
Symphony of War
Tank Engine
Tap Dancer
The Brutalizer
Thread the Needle
Tormentor
Twice Thrice
Typhoon
Upgrade Collector
Upgrade Hubris
Weighted Popoffs
Willing Sacrifice
Wind Beneath Blade","ADAPt
All For You
And My Axe!
Big Brain
Crack Open That Egg
Dark Blessing
Eureka
Juiced
Marksmage
Mind to Matter
Ominous Pact
Overflow
Phenomenal Evil
Quest: Angel of Retribution
Quest: Wooglet's Witchcap
Righteous Fury
Skilled Sniper
Sonic Boom
Spellwake
Trueshot Prodigy
Twin Fire
Unshackled
Witchful Thinking"
Shaco,"Adamant
ADAPt
Big Brain
Blade Waltz
Clown College
Combo Master
Contract Killer
Dashing
Desecrator
Despoil
Doomsayer
Earthwake
escAPADe
Eureka
Executioner
Fallen Aegis
Final Form
From Beginning to End
Get Excited!
Giant Slayer
Glass Cannon
Goredrink
Hold Very Still
Ice Cold
Infernal Conduit
It's Killing Time
Jeweled Gauntlet
Keystone Conjurer
Kill Secured
Magic Missile
Magical Girl
Marksmage
Mind to Matter
Mirror Image
Now You See Me
Ominous Pact
Outlaw's Grit
Phenomenal Evil
Quest: Wooglet's Witchcap
Self Destruct
Serve Beyond Death
Shadow Runner
Speed Demon
Trailblazer
Unshackled
Upgrade Collector
Upgrade Hubris
Vanish
Weighted Popoffs
Wind Beneath Blade
Witchful Thinking","All For You
And My Axe!
Circle of Death
Crack Open That Egg
Critical Rhythm
Dark Blessing
Draw Your Sword
First-Aid Kit
Holy Fire
Protein Shake
Quest: Angel of Retribution
Righteous Fury
Sonic Boom"
Shen,"Adamant
Aim for the Head
Big Dragon Energy
Blood Brother
Celestial Body
Center of the Universe
Cerberus
Clothesline
Courage of the Colossus
Critical Healing
Deathtouch
Deft
Demon's Dance
Desecrator
Dreadbringer
Dual Wield
Energetic
escAPADe
Fallen Aegis
Fan the Hammer
Final Form
Firebrand
Frost Wraith
Get Excited!
Giant Slayer
Glass Cannon
Goliath
Goredrink
Guilty Pleasure
Heavy Hitter
Hold Very Still
Impassable
Leg Day
Light 'em Up!
Light Warden
Lightning Strikes
Magical Girl
Mercy
Mountain Soul
Mystic Punch
Numb to Pain
Perseverance
Quest: Icathia's Fall
Quest: Steel Your Heart
Quest: Three Sacred Treasures
Rabble Rousing
Scopiest Weapons
Self Destruct
Shrink Ray
Slap Around
Slime Time
Slow and Steady
Speed Demon
Spirit Link
Symphony of War
Tank Engine
Tap Dancer
Tormentor
Twice Thrice
Typhoon
Upgrade Collector
Willing Sacrifice
Zealot","All For You
And My Axe!
Crack Open That Egg
Dark Blessing
Juiced
Mind to Matter
Overflow
Quest: Angel of Retribution
Righteous Fury
Skilled Sniper
Sonic Boom
Spellwake
Trueshot Prodigy"
Shyvana,"ADAPt
Big Brain
Blade Waltz
Celestial Body
Center of the Universe
Clothesline
Combo Master
Critical Healing
Demon's Dance
Doomsayer
Dreadbringer
Energetic
escAPADe
Eureka
Executioner
Final Form
From Beginning to End
Frost Wraith
Get Excited!
Giant Slayer
Glass Cannon
Goliath
Goredrink
Heavy Hitter
Hold Very Still
Ice Cold
Infernal Conduit
Infernal Soul
It's Killing Time
Jeweled Gauntlet
Keystone Conjurer
Light Warden
Magic Missile
Magical Girl
Marksmage
Mirror Image
Mountain Soul
Mystic Punch
Ominous Pact
Perseverance
Phenomenal Evil
Quest: Icathia's Fall
Quest: Steel Your Heart
Quest: Wooglet's Witchcap
Rabble Rousing
Self Destruct
Serve Beyond Death
Slime Time
Speed Demon
Spirit Link
Symphony of War
Tank Engine
The Brutalizer
Thread the Needle
Unshackled
Upgrade Hubris
Weighted Popoffs
Willing Sacrifice
Wind Beneath Blade
Witchful Thinking","All For You
And My Axe!
Circle of Death
Crack Open That Egg
Critical Rhythm
Dark Blessing
Draw Your Sword
First-Aid Kit
Holy Fire
Juiced
Overflow
Quest: Angel of Retribution
Righteous Fury
Sonic Boom"
Singed,"Adamant
ADAPt
Big Brain
Celestial Body
Center of the Universe
Clothesline
Combo Master
Courage of the Colossus
Critical Healing
Desecrator
Doomsayer
Dreadbringer
Eureka
Executioner
Final Form
From Beginning to End
Frost Wraith
Giant Slayer
Glass Cannon
Goliath
Guilty Pleasure
Heavy Hitter
Hold Very Still
Ice Cold
Impassable
Infernal Conduit
It's Killing Time
Jeweled Gauntlet
Keystone Conjurer
Light Warden
Magic Missile
Magical Girl
Marksmage
Mercy
Mind to Matter
Mirror Image
Mountain Soul
Ominous Pact
Perseverance
Phenomenal Evil
Quest: Icathia's Fall
Quest: Steel Your Heart
Quest: Wooglet's Witchcap
Rabble Rousing
Self Destruct
Slap Around
Slime Time
Speed Demon
Spirit Link
Tank Engine
Tormentor
Unshackled
Weighted Popoffs
Willing Sacrifice
Witchful Thinking","All For You
And My Axe!
Blunt Force
Bodyguard
Circle of Death
Crack Open That Egg
Critical Rhythm
Dark Blessing
Dashing
Despoil
Draw Your Sword
Earthwake
escAPADe
First-Aid Kit
Holy Fire
Lightning Strikes
Now You See Me
Outlaw's Grit
Quest: Angel of Retribution
Righteous Fury
Shadow Runner
Sonic Boom
The Brutalizer
Trailblazer
Upgrade Collector
Upgrade Hubris
Wind Beneath Blade"
Sion,"Adamant
Blade Waltz
Celestial Body
Center of the Universe
Clothesline
Combo Master
Courage of the Colossus
Critical Healing
Demon's Dance
Desecrator
Doomsayer
Dreadbringer
Energetic
escAPADe
Executioner
Final Form
Frost Wraith
Get Excited!
Glass Cannon
Goliath
Goredrink
Guilty Pleasure
Heavy Hitter
Hold Very Still
Impassable
Infernal Soul
Jeweled Gauntlet
Light Warden
Magical Girl
Mercy
Mountain Soul
Mystic Punch
Perseverance
Quest: Icathia's Fall
Quest: Steel Your Heart
Rabble Rousing
Self Destruct
Serve Beyond Death
Slap Around
Slime Time
Speed Demon
Spirit Link
Symphony of War
Tank Engine
The Brutalizer
Thread the Needle
Tormentor
Upgrade Hubris
Weighted Popoffs
Willing Sacrifice","ADAPt
All For You
And My Axe!
Big Brain
Bodyguard
Crack Open That Egg
Critical Rhythm
Dark Blessing
Dashing
Despoil
Draw Your Sword
Earthwake
Eureka
Marksmage
Now You See Me
Ominous Pact
Outlaw's Grit
Phenomenal Evil
Quest: Angel of Retribution
Quest: Wooglet's Witchcap
Righteous Fury
Shadow Runner
Skilled Sniper
Sonic Boom
Spellwake
Trailblazer
Trueshot Prodigy
Twin Fire
Unshackled
Witchful Thinking
Zealot"
Sivir,"Aim for the Head
Big Dragon Energy
Blood Brother
Cerberus
Critical Rhythm
Deathtouch
Deft
Doomsayer
Draw Your Sword
Dual Wield
Energetic
escAPADe
Fallen Aegis
Fan the Hammer
Firebrand
From Beginning to End
Get Excited!
Giant Slayer
Glass Cannon
Goredrink
Hold Very Still
Leg Day
Light 'em Up!
Lightning Strikes
Mystic Punch
Numb to Pain
OK Boomerang
Quest: Three Sacred Treasures
Repulsor
Scopiest Weapons
Shrink Ray
Skilled Sniper
Slow and Steady
Spellwake
Symphony of War
Tap Dancer
Trueshot Prodigy
Twice Thrice
Typhoon
Upgrade Collector","Adamant
ADAPt
All For You
Big Brain
Bodyguard
Circle of Death
Courage of the Colossus
Crack Open That Egg
Dark Blessing
Dashing
Desecrator
Despoil
Earthwake
Eureka
Final Form
First-Aid Kit
Guilty Pleasure
Holy Fire
Impassable
Marksmage
Mercy
Now You See Me
Ominous Pact
Outlaw's Grit
Phenomenal Evil
Protein Shake
Quest: Angel of Retribution
Quest: Icathia's Fall
Quest: Wooglet's Witchcap
Righteous Fury
Shadow Runner
Slap Around
Sonic Boom
Stuck In Here With Me
Tormentor
Trailblazer
Twin Fire
Unshackled
Wind Beneath Blade
Witchful Thinking"
Skarner,"Adamant
Blade Waltz
Celestial Body
Center of the Universe
Clothesline
Combo Master
Courage of the Colossus
Critical Healing
Demon's Dance
Desecrator
Doomsayer
Dreadbringer
Energetic
escAPADe
Executioner
Final Form
Frost Wraith
Get Excited!
Glass Cannon
Goliath
Goredrink
Guilty Pleasure
Heavy Hitter
Hold Very Still
Impassable
Infernal Soul
Jeweled Gauntlet
Light Warden
Magical Girl
Mercy
Mountain Soul
Mystic Punch
Perseverance
Quest: Icathia's Fall
Quest: Steel Your Heart
Rabble Rousing
Self Destruct
Serve Beyond Death
Slap Around
Slime Time
Speed Demon
Spirit Link
Symphony of War
Tank Engine
The Brutalizer
Thread the Needle
Tormentor
Upgrade Hubris
Weighted Popoffs
Willing Sacrifice","All For You
And My Axe!
Bodyguard
Crack Open That Egg
Critical Rhythm
Dark Blessing
Dashing
Despoil
Draw Your Sword
Earthwake
Now You See Me
Outlaw's Grit
Quest: Angel of Retribution
Righteous Fury
Shadow Runner
Sonic Boom
Spellwake
Trailblazer"
Smolder,"Aim for the Head
Big Dragon Energy
Blade Waltz
Blood Brother
Cerberus
Combo Master
Critical Healing
Critical Rhythm
Deathtouch
Deft
Doomsayer
Double Tap
Draw Your Sword
Dual Wield
Energetic
escAPADe
Executioner
Fallen Aegis
Fan the Hammer
Firebrand
From Beginning to End
Get Excited!
Giant Slayer
Glass Cannon
Goliath
Goredrink
Hold Very Still
Infernal Soul
It's Critical
Jeweled Gauntlet
Juiced
Leg Day
Light 'em Up!
Lightning Strikes
Mystic Punch
Numb to Pain
OK Boomerang
Quest: Three Sacred Treasures
Repulsor
Scopiest Weapons
Serve Beyond Death
Shrink Ray
Skilled Sniper
Slow and Steady
Soul Siphon
Speed Demon
Spellwake
Symphony of War
Tank It Or Leave It
Tap Dancer
The Brutalizer
Thread the Needle
Trueshot Prodigy
Twice Thrice
Twin Fire
Typhoon
Upgrade Collector
Upgrade Hubris
Vulnerability
Weighted Popoffs
Zealot","Adamant
All For You
Bodyguard
Circle of Death
Courage of the Colossus
Crack Open That Egg
Dark Blessing
Dashing
Despoil
Earthwake
Final Form
First-Aid Kit
Guilty Pleasure
Holy Fire
Impassable
Mercy
Now You See Me
Outlaw's Grit
Protein Shake
Quest: Angel of Retribution
Quest: Icathia's Fall
Righteous Fury
Shadow Runner
Sonic Boom
Stuck In Here With Me
Tormentor
Trailblazer"
Sona,"ADAPt
All For You
Banner of Command
Big Brain
Celestial Body
Circle of Death
Combo Master
Crack Open That Egg
Critical Healing
Dark Blessing
Defensive Maneuvers
Doomsayer
Eureka
Executioner
Feel the Burn
First-Aid Kit
From Beginning to End
Fruits of Your Labor
Giant Slayer
Glass Cannon
Hold Very Still
Holy Fire
Ice Cold
Infernal Conduit
It's Killing Time
Jeweled Gauntlet
Keystone Conjurer
Light Warden
Magic Missile
Magical Girl
Marksmage
Mind to Matter
Mirror Image
Ominous Pact
Phenomenal Evil
Protein Shake
Quest: Angel of Retribution
Quest: Wooglet's Witchcap
Righteous Fury
Shrink Ray
Sonic Boom
Speed Demon
Spellwake
Spirit Link
Unshackled
Weighted Popoffs
Willing Sacrifice
Witchful Thinking","Blunt Force
Bodyguard
Courage of the Colossus
Critical Rhythm
Dashing
Demon's Dance
Despoil
Draw Your Sword
Earthwake
escAPADe
Guilty Pleasure
Lightning Strikes
Mercy
Now You See Me
Outlaw's Grit
Quest: Icathia's Fall
Shadow Runner
Stuck In Here With Me
The Brutalizer
Tormentor
Trailblazer
Upgrade Collector
Upgrade Hubris
Wind Beneath Blade"
Soraka,"Adamant
ADAPt
All For You
Banner of Command
Big Brain
Celestial Body
Circle of Death
Combo Master
Crack Open That Egg
Critical Healing
Dark Blessing
Defensive Maneuvers
Desecrator
Doomsayer
Eureka
Executioner
Feel the Burn
First-Aid Kit
From Beginning to End
Fruits of Your Labor
Giant Slayer
Glass Cannon
Hold Very Still
Holy Fire
Ice Cold
Impassable
Infernal Conduit
It's Killing Time
Jeweled Gauntlet
Keystone Conjurer
Light Warden
Magic Missile
Magical Girl
Marksmage
Mind to Matter
Mirror Image
Ominous Pact
Phenomenal Evil
Protein Shake
Quest: Angel of Retribution
Quest: Wooglet's Witchcap
Righteous Fury
Shrink Ray
Slap Around
Sonic Boom
Speed Demon
Spellwake
Spirit Link
Unshackled
Weighted Popoffs
Willing Sacrifice
Witchful Thinking","Blunt Force
Bodyguard
Critical Rhythm
Dashing
Demon's Dance
Despoil
Draw Your Sword
Earthwake
escAPADe
Lightning Strikes
Now You See Me
Outlaw's Grit
Quest: Icathia's Fall
Shadow Runner
Stuck In Here With Me
The Brutalizer
Trailblazer
Upgrade Collector
Upgrade Hubris
Wind Beneath Blade"
Swain,"Adamant
ADAPt
Big Brain
Celestial Body
Center of the Universe
Clothesline
Combo Master
Courage of the Colossus
Critical Healing
Desecrator
Doomsayer
Dreadbringer
Eureka
Executioner
From Beginning to End
Frost Wraith
Giant Slayer
Glass Cannon
Goliath
Guilty Pleasure
Heavy Hitter
Hold Very Still
Ice Cold
Impassable
Infernal Conduit
It's Killing Time
Jeweled Gauntlet
Keystone Conjurer
Light Warden
Magic Missile
Magical Girl
Marksmage
Mercy
Mind to Matter
Mirror Image
Mountain Soul
Ominous Pact
Perseverance
Phenomenal Evil
Quest: Steel Your Heart
Quest: Wooglet's Witchcap
Rabble Rousing
Self Destruct
Slap Around
Slime Time
Speed Demon
Spellwake
Spirit Link
Tank Engine
Tormentor
Unshackled
Weighted Popoffs
Willing Sacrifice
Witchful Thinking","All For You
Blunt Force
Bodyguard
Crack Open That Egg
Critical Rhythm
Dark Blessing
Dashing
Demon's Dance
Despoil
Draw Your Sword
Earthwake
escAPADe
Lightning Strikes
Now You See Me
Outlaw's Grit
Quest: Angel of Retribution
Righteous Fury
Shadow Runner
Sonic Boom
Stuck In Here With Me
The Brutalizer
Trailblazer
Upgrade Collector
Upgrade Hubris
Wind Beneath Blade"
Sylas,"Adamant
ADAPt
Big Brain
Blade Waltz
Clown College
Combo Master
Contract Killer
Dashing
Desecrator
Despoil
Doomsayer
Earthwake
Eureka
Executioner
Fallen Aegis
Final Form
From Beginning to End
Get Excited!
Giant Slayer
Glass Cannon
Goredrink
Hold Very Still
Ice Cold
Infernal Conduit
It's Killing Time
Jeweled Gauntlet
Keystone Conjurer
Kill Secured
Magic Missile
Magical Girl
Marksmage
Mind to Matter
Mirror Image
Now You See Me
Ominous Pact
Outlaw's Grit
Phenomenal Evil
Quest: Wooglet's Witchcap
Self Destruct
Serve Beyond Death
Shadow Runner
Speed Demon
Trailblazer
Unshackled
Vanish
Weighted Popoffs
Wind Beneath Blade
Witchful Thinking","All For You
And My Axe!
Blunt Force
Crack Open That Egg
Critical Rhythm
Dark Blessing
Draw Your Sword
Lightning Strikes
Protein Shake
Quest: Angel of Retribution
Righteous Fury
Sonic Boom
The Brutalizer"
Syndra,"Adamant
ADAPt
Big Brain
Combo Master
Desecrator
Doomsayer
Eureka
Executioner
From Beginning to End
Giant Slayer
Glass Cannon
Hold Very Still
Ice Cold
Infernal Conduit
It's Killing Time
Jeweled Gauntlet
Keystone Conjurer
Magic Missile
Magical Girl
Marksmage
Mind to Matter
Mirror Image
Ominous Pact
Phenomenal Evil
Quest: Wooglet's Witchcap
Speed Demon
Spellwake
Unshackled
Weighted Popoffs
Witchful Thinking","All For You
Blunt Force
Bodyguard
Circle of Death
Crack Open That Egg
Critical Rhythm
Dark Blessing
Dashing
Demon's Dance
Despoil
Draw Your Sword
Earthwake
escAPADe
First-Aid Kit
Holy Fire
Lightning Strikes
Now You See Me
Outlaw's Grit
Protein Shake
Quest: Angel of Retribution
Quest: Icathia's Fall
Righteous Fury
Shadow Runner
Sonic Boom
Stuck In Here With Me
The Brutalizer
Trailblazer
Upgrade Collector
Upgrade Hubris
Wind Beneath Blade"
TahmKench,"Adamant
ADAPt
Big Brain
Celestial Body
Center of the Universe
Clothesline
Combo Master
Courage of the Colossus
Critical Healing
Desecrator
Doomsayer
Dreadbringer
Eureka
Executioner
Final Form
From Beginning to End
Frost Wraith
Giant Slayer
Glass Cannon
Goliath
Guilty Pleasure
Heavy Hitter
Hold Very Still
Ice Cold
Impassable
Infernal Conduit
It's Killing Time
Jeweled Gauntlet
Keystone Conjurer
Light Warden
Magic Missile
Magical Girl
Marksmage
Mercy
Mind to Matter
Mirror Image
Mountain Soul
Ominous Pact
Perseverance
Phenomenal Evil
Quest: Icathia's Fall
Quest: Steel Your Heart
Quest: Wooglet's Witchcap
Rabble Rousing
Self Destruct
Slap Around
Slime Time
Speed Demon
Spirit Link
Tank Engine
Tormentor
Unshackled
Weighted Popoffs
Willing Sacrifice
Witchful Thinking","All For You
And My Axe!
Blunt Force
Crack Open That Egg
Critical Rhythm
Dark Blessing
Draw Your Sword
escAPADe
Lightning Strikes
Quest: Angel of Retribution
Righteous Fury
Sonic Boom
The Brutalizer
Upgrade Collector
Upgrade Hubris"
Taliyah,"Adamant
ADAPt
Big Brain
Combo Master
Desecrator
Doomsayer
Eureka
Executioner
From Beginning to End
Giant Slayer
Glass Cannon
Hold Very Still
Ice Cold
Infernal Conduit
It's Killing Time
Jeweled Gauntlet
Keystone Conjurer
Magic Missile
Magical Girl
Marksmage
Mind to Matter
Mirror Image
Ominous Pact
Phenomenal Evil
Quest: Wooglet's Witchcap
Speed Demon
Spellwake
Unshackled
Weighted Popoffs
Witchful Thinking","All For You
Blunt Force
Bodyguard
Circle of Death
Crack Open That Egg
Critical Rhythm
Dark Blessing
Dashing
Demon's Dance
Despoil
Draw Your Sword
Earthwake
escAPADe
First-Aid Kit
Holy Fire
Lightning Strikes
Now You See Me
Outlaw's Grit
Protein Shake
Quest: Angel of Retribution
Quest: Icathia's Fall
Righteous Fury
Shadow Runner
Sonic Boom
Stuck In Here With Me
The Brutalizer
Trailblazer
Upgrade Collector
Upgrade Hubris
Wind Beneath Blade"
Talon,"Blade Waltz
Clown College
Combo Master
Contract Killer
Dashing
Demon's Dance
Despoil
Doomsayer
Earthwake
Energetic
escAPADe
Executioner
Fallen Aegis
Final Form
Get Excited!
Giant Slayer
Glass Cannon
Goliath
Goredrink
Hold Very Still
Infernal Soul
It's Killing Time
Jeweled Gauntlet
Kill Secured
Mirror Image
Mystic Punch
Now You See Me
Outlaw's Grit
Quest: Icathia's Fall
Self Destruct
Serve Beyond Death
Shadow Runner
Slow Cooker
Speed Demon
Symphony of War
The Brutalizer
Thread the Needle
Trailblazer
Upgrade Collector
Upgrade Hubris
Vanish
Weighted Popoffs
Wind Beneath Blade","Adamant
All For You
And My Axe!
Big Brain
Circle of Death
Courage of the Colossus
Crack Open That Egg
Critical Rhythm
Dark Blessing
Draw Your Sword
Eureka
First-Aid Kit
Guilty Pleasure
Impassable
Marksmage
Mercy
Ominous Pact
Phenomenal Evil
Protein Shake
Quest: Angel of Retribution
Quest: Wooglet's Witchcap
Righteous Fury
Sonic Boom
Spellwake
Twin Fire
Unshackled
Witchful Thinking
Zealot"
Taric,"Adamant
All For You
Banner of Command
Celestial Body
Center of the Universe
Circle of Death
Clothesline
Courage of the Colossus
Crack Open That Egg
Critical Healing
Dark Blessing
Defensive Maneuvers
Desecrator
Dreadbringer
Feel the Burn
Final Form
First-Aid Kit
Frost Wraith
Fruits of Your Labor
Goliath
Guilty Pleasure
Heavy Hitter
Holy Fire
Ice Cold
Impassable
Keystone Conjurer
Light Warden
Magical Girl
Mercy
Mountain Soul
Ominous Pact
Perseverance
Protein Shake
Quest: Angel of Retribution
Quest: Icathia's Fall
Quest: Steel Your Heart
Rabble Rousing
Righteous Fury
Self Destruct
Shrink Ray
Slap Around
Slime Time
Sonic Boom
Speed Demon
Spirit Link
Tank Engine
Tormentor
Willing Sacrifice","And My Axe!
Bodyguard
Critical Rhythm
Dashing
Despoil
Draw Your Sword
Earthwake
Now You See Me
Outlaw's Grit
Shadow Runner
Skilled Sniper
Spellwake
Trailblazer
Trueshot Prodigy
Wind Beneath Blade"
Teemo,"ADAPt
Aim for the Head
Big Brain
Big Dragon Energy
Blood Brother
Cerberus
Combo Master
Critical Rhythm
Deathtouch
Deft
Doomsayer
Draw Your Sword
Dual Wield
Energetic
escAPADe
Eureka
Executioner
Fallen Aegis
Fan the Hammer
Firebrand
From Beginning to End
Get Excited!
Giant Slayer
Glass Cannon
Goredrink
Hold Very Still
Ice Cold
Infernal Conduit
It's Killing Time
Jeweled Gauntlet
Keystone Conjurer
Leg Day
Light 'em Up!
Lightning Strikes
Magic Missile
Magical Girl
Marksmage
Mind to Matter
Mirror Image
Mystic Punch
Numb to Pain
OK Boomerang
Ominous Pact
Phenomenal Evil
Quest: Three Sacred Treasures
Quest: Wooglet's Witchcap
Repulsor
Scopiest Weapons
Shrink Ray
Skilled Sniper
Slow and Steady
Speed Demon
Spellwake
Symphony of War
Tap Dancer
Trueshot Prodigy
Twice Thrice
Typhoon
Unshackled
Upgrade Collector
Weighted Popoffs
Witchful Thinking
Zealot","All For You
Bodyguard
Circle of Death
Courage of the Colossus
Crack Open That Egg
Dark Blessing
Dashing
Despoil
Earthwake
First-Aid Kit
Guilty Pleasure
Holy Fire
Impassable
Mercy
Now You See Me
Outlaw's Grit
Protein Shake
Quest: Angel of Retribution
Quest: Icathia's Fall
Righteous Fury
Shadow Runner
Slap Around
Sonic Boom
Stuck In Here With Me
Tormentor
Trailblazer
Wind Beneath Blade"
Thresh,"Adamant
ADAPt
Big Brain
Celestial Body
Center of the Universe
Clothesline
Combo Master
Courage of the Colossus
Critical Healing
Desecrator
Doomsayer
Dreadbringer
Eureka
Executioner
Final Form
From Beginning to End
Frost Wraith
Giant Slayer
Glass Cannon
Goliath
Guilty Pleasure
Heavy Hitter
Hold Very Still
Ice Cold
Impassable
Infernal Conduit
It's Killing Time
Jeweled Gauntlet
Keystone Conjurer
Light Warden
Magic Missile
Magical Girl
Marksmage
Mercy
Mind to Matter
Mirror Image
Mountain Soul
Ominous Pact
Perseverance
Phenomenal Evil
Protein Shake
Quest: Icathia's Fall
Quest: Steel Your Heart
Quest: Wooglet's Witchcap
Rabble Rousing
Self Destruct
Slap Around
Slime Time
Speed Demon
Spirit Link
Tank Engine
Tormentor
Unshackled
Weighted Popoffs
Willing Sacrifice
Witchful Thinking","And My Axe!
Bodyguard
Critical Rhythm
Dashing
Despoil
Draw Your Sword
Earthwake
Now You See Me
Outlaw's Grit
Shadow Runner
Skilled Sniper
Trailblazer
Trueshot Prodigy
Wind Beneath Blade"
Tristana,"Aim for the Head
Big Dragon Energy
Blood Brother
Cerberus
Critical Rhythm
Deathtouch
Deft
Draw Your Sword
Dual Wield
Energetic
escAPADe
Fallen Aegis
Fan the Hammer
Firebrand
Get Excited!
Giant Slayer
Glass Cannon
Goredrink
Hold Very Still
Leg Day
Light 'em Up!
Lightning Strikes
Mystic Punch
Numb to Pain
Quest: Three Sacred Treasures
Scopiest Weapons
Shrink Ray
Slow and Steady
Symphony of War
Tap Dancer
Twice Thrice
Typhoon
Upgrade Collector
Zealot","Adamant
All For You
Circle of Death
Courage of the Colossus
Crack Open That Egg
Dark Blessing
Desecrator
Final Form
First-Aid Kit
Guilty Pleasure
Holy Fire
Impassable
Mercy
Protein Shake
Quest: Angel of Retribution
Quest: Icathia's Fall
Righteous Fury
Slap Around
Sonic Boom
Stuck In Here With Me
Tormentor"
Trundle,"Adamant
Aim for the Head
Big Dragon Energy
Blade Waltz
Blood Brother
Celestial Body
Center of the Universe
Cerberus
Clothesline
Combo Master
Courage of the Colossus
Critical Healing
Deathtouch
Deft
Demon's Dance
Desecrator
Doomsayer
Dreadbringer
Dual Wield
Energetic
escAPADe
Executioner
Fallen Aegis
Fan the Hammer
Final Form
Firebrand
Frost Wraith
Get Excited!
Giant Slayer
Glass Cannon
Goliath
Goredrink
Guilty Pleasure
Heavy Hitter
Hold Very Still
Impassable
Infernal Soul
Jeweled Gauntlet
Leg Day
Light 'em Up!
Light Warden
Lightning Strikes
Magical Girl
Mercy
Mountain Soul
Mystic Punch
Numb to Pain
Perseverance
Quest: Icathia's Fall
Quest: Steel Your Heart
Quest: Three Sacred Treasures
Rabble Rousing
Scopiest Weapons
Self Destruct
Serve Beyond Death
Shrink Ray
Slap Around
Slime Time
Slow and Steady
Speed Demon
Spirit Link
Symphony of War
Tank Engine
Tap Dancer
The Brutalizer
Thread the Needle
Tormentor
Twice Thrice
Typhoon
Upgrade Collector
Upgrade Hubris
Weighted Popoffs
Willing Sacrifice
Zealot","All For You
And My Axe!
Bodyguard
Circle of Death
Crack Open That Egg
Dark Blessing
Dashing
Despoil
Earthwake
First-Aid Kit
Holy Fire
Now You See Me
Outlaw's Grit
Quest: Angel of Retribution
Righteous Fury
Shadow Runner
Skilled Sniper
Sonic Boom
Spellwake
Trailblazer
Trueshot Prodigy"
Tryndamere,"ADAPt
Aim for the Head
Big Dragon Energy
Blade Waltz
Blood Brother
Cerberus
Clown College
Combo Master
Contract Killer
Dashing
Deathtouch
Deft
Demon's Dance
Despoil
Doomsayer
Dual Wield
Earthwake
Energetic
escAPADe
Executioner
Fallen Aegis
Fan the Hammer
Final Form
Firebrand
Get Excited!
Giant Slayer
Glass Cannon
Goliath
Goredrink
Hold Very Still
Infernal Soul
It's Killing Time
Jeweled Gauntlet
Kill Secured
Leg Day
Light 'em Up!
Lightning Strikes
Mirror Image
Mystic Punch
Now You See Me
Numb to Pain
Outlaw's Grit
Quest: Three Sacred Treasures
Scopiest Weapons
Self Destruct
Serve Beyond Death
Shadow Runner
Shrink Ray
Slow and Steady
Speed Demon
Symphony of War
Tap Dancer
The Brutalizer
Thread the Needle
Trailblazer
Twice Thrice
Typhoon
Upgrade Collector
Upgrade Hubris
Vanish
Weighted Popoffs
Wind Beneath Blade
Zealot","Adamant
All For You
And My Axe!
Courage of the Colossus
Crack Open That Egg
Dark Blessing
Guilty Pleasure
Impassable
Juiced
Mercy
Mind to Matter
Overflow
Protein Shake
Quest: Angel of Retribution
Righteous Fury
Skilled Sniper
Sonic Boom
Spellwake
Tormentor
Trueshot Prodigy"
TwistedFate,"Adamant
ADAPt
Big Brain
Combo Master
Desecrator
Doomsayer
Eureka
Executioner
From Beginning to End
Giant Slayer
Glass Cannon
Hold Very Still
Ice Cold
Infernal Conduit
It's Killing Time
Jeweled Gauntlet
Keystone Conjurer
Magic Missile
Magical Girl
Marksmage
Mind to Matter
Mirror Image
OK Boomerang
Ominous Pact
Phenomenal Evil
Quest: Wooglet's Witchcap
Repulsor
Skilled Sniper
Speed Demon
Spellwake
Trueshot Prodigy
Unshackled
Weighted Popoffs
Witchful Thinking","All For You
Bodyguard
Circle of Death
Crack Open That Egg
Dark Blessing
Dashing
Demon's Dance
Despoil
Earthwake
First-Aid Kit
Holy Fire
Now You See Me
Outlaw's Grit
Protein Shake
Quest: Angel of Retribution
Quest: Icathia's Fall
Righteous Fury
Shadow Runner
Sonic Boom
Stuck In Here With Me
Trailblazer
Wind Beneath Blade"
Twitch,"ADAPt
Aim for the Head
Big Brain
Big Dragon Energy
Blood Brother
Cerberus
Combo Master
Critical Rhythm
Deathtouch
Deft
Doomsayer
Draw Your Sword
Dual Wield
Energetic
escAPADe
Eureka
Executioner
Fallen Aegis
Fan the Hammer
Firebrand
From Beginning to End
Get Excited!
Giant Slayer
Glass Cannon
Goredrink
Hold Very Still
Ice Cold
Infernal Conduit
It's Killing Time
Jeweled Gauntlet
Keystone Conjurer
Leg Day
Light 'em Up!
Lightning Strikes
Magic Missile
Magical Girl
Marksmage
Mind to Matter
Mirror Image
Mystic Punch
Numb to Pain
OK Boomerang
Ominous Pact
Phenomenal Evil
Quest: Three Sacred Treasures
Quest: Wooglet's Witchcap
Repulsor
Scopiest Weapons
Shrink Ray
Skilled Sniper
Slow and Steady
Speed Demon
Spellwake
Symphony of War
Tap Dancer
Trueshot Prodigy
Twice Thrice
Typhoon
Unshackled
Upgrade Collector
Weighted Popoffs
Witchful Thinking
Zealot","All For You
Bodyguard
Circle of Death
Courage of the Colossus
Crack Open That Egg
Dark Blessing
Dashing
Despoil
Earthwake
First-Aid Kit
Guilty Pleasure
Holy Fire
Impassable
Mercy
Now You See Me
Outlaw's Grit
Protein Shake
Quest: Angel of Retribution
Quest: Icathia's Fall
Righteous Fury
Shadow Runner
Slap Around
Sonic Boom
Stuck In Here With Me
Tormentor
Trailblazer
Wind Beneath Blade"
Udyr,"Adamant
ADAPt
Aim for the Head
Big Brain
Big Dragon Energy
Blade Waltz
Blood Brother
Celestial Body
Center of the Universe
Cerberus
Clothesline
Combo Master
Courage of the Colossus
Critical Healing
Deathtouch
Deft
Demon's Dance
Desecrator
Doomsayer
Dreadbringer
Dual Wield
Energetic
escAPADe
Eureka
Executioner
Fallen Aegis
Fan the Hammer
Final Form
Firebrand
From Beginning to End
Frost Wraith
Get Excited!
Giant Slayer
Glass Cannon
Goliath
Goredrink
Guilty Pleasure
Heavy Hitter
Hold Very Still
Ice Cold
Impassable
Infernal Conduit
Infernal Soul
Jeweled Gauntlet
Keystone Conjurer
Leg Day
Light 'em Up!
Light Warden
Lightning Strikes
Magic Missile
Magical Girl
Marksmage
Mercy
Mind to Matter
Mirror Image
Mountain Soul
Mystic Punch
Numb to Pain
Ominous Pact
Perseverance
Phenomenal Evil
Quest: Icathia's Fall
Quest: Steel Your Heart
Quest: Three Sacred Treasures
Quest: Wooglet's Witchcap
Rabble Rousing
Scopiest Weapons
Self Destruct
Serve Beyond Death
Shrink Ray
Slap Around
Slime Time
Slow and Steady
Speed Demon
Spirit Link
Symphony of War
Tank Engine
Tap Dancer
The Brutalizer
Thread the Needle
Tormentor
Twice Thrice
Typhoon
Unshackled
Upgrade Collector
Upgrade Hubris
Weighted Popoffs
Willing Sacrifice
Witchful Thinking
Zealot","All For You
And My Axe!
Back To Basics
Bodyguard
Crack Open That Egg
Dark Blessing
Dashing
Despoil
Earthwake
Fey Magic
Now You See Me
Outlaw's Grit
Quest: Angel of Retribution
Righteous Fury
Shadow Runner
Skilled Sniper
Sonic Boom
Trailblazer
Trueshot Prodigy
Ultimate Revolution
Ultimate Unstoppable"
Urgot,"Adamant
Aim for the Head
Big Dragon Energy
Blade Waltz
Blood Brother
Celestial Body
Center of the Universe
Cerberus
Clothesline
Combo Master
Courage of the Colossus
Critical Healing
Critical Rhythm
Deathtouch
Deft
Desecrator
Doomsayer
Draw Your Sword
Dreadbringer
Dual Wield
Energetic
escAPADe
Executioner
Fallen Aegis
Fan the Hammer
Firebrand
Frost Wraith
Get Excited!
Giant Slayer
Glass Cannon
Goliath
Goredrink
Guilty Pleasure
Heavy Hitter
Hold Very Still
Impassable
Infernal Soul
Jeweled Gauntlet
Leg Day
Light 'em Up!
Light Warden
Lightning Strikes
Magical Girl
Mercy
Mountain Soul
Mystic Punch
Numb to Pain
Perseverance
Quest: Steel Your Heart
Quest: Three Sacred Treasures
Rabble Rousing
Scopiest Weapons
Self Destruct
Serve Beyond Death
Shrink Ray
Slap Around
Slime Time
Slow and Steady
Speed Demon
Spirit Link
Symphony of War
Tank Engine
Tap Dancer
The Brutalizer
Thread the Needle
Tormentor
Twice Thrice
Typhoon
Upgrade Collector
Upgrade Hubris
Weighted Popoffs
Willing Sacrifice
Wind Beneath Blade","ADAPt
All For You
Big Brain
Circle of Death
Crack Open That Egg
Dark Blessing
Eureka
First-Aid Kit
Holy Fire
Marksmage
Ominous Pact
Phenomenal Evil
Quest: Angel of Retribution
Quest: Wooglet's Witchcap
Righteous Fury
Skilled Sniper
Sonic Boom
Stuck In Here With Me
Trueshot Prodigy
Twin Fire
Unshackled
Witchful Thinking"
Varus,"Aim for the Head
Big Dragon Energy
Blade Waltz
Blood Brother
Cerberus
Combo Master
Critical Rhythm
Deathtouch
Deft
Doomsayer
Draw Your Sword
Dual Wield
Energetic
escAPADe
Executioner
Fallen Aegis
Fan the Hammer
Firebrand
From Beginning to End
Get Excited!
Giant Slayer
Glass Cannon
Goliath
Goredrink
Hold Very Still
Infernal Soul
Jeweled Gauntlet
Leg Day
Light 'em Up!
Lightning Strikes
Mystic Punch
Numb to Pain
OK Boomerang
Quest: Three Sacred Treasures
Repulsor
Scopiest Weapons
Serve Beyond Death
Shrink Ray
Skilled Sniper
Slow and Steady
Speed Demon
Spellwake
Symphony of War
Tap Dancer
The Brutalizer
Thread the Needle
Trueshot Prodigy
Twice Thrice
Typhoon
Upgrade Collector
Upgrade Hubris
Weighted Popoffs
Zealot","Adamant
All For You
Bodyguard
Circle of Death
Courage of the Colossus
Crack Open That Egg
Dark Blessing
Dashing
Despoil
Earthwake
Final Form
First-Aid Kit
Guilty Pleasure
Holy Fire
Impassable
Mercy
Now You See Me
Outlaw's Grit
Protein Shake
Quest: Angel of Retribution
Quest: Icathia's Fall
Righteous Fury
Shadow Runner
Sonic Boom
Stuck In Here With Me
Tormentor
Trailblazer"
Vayne,"Aim for the Head
Big Dragon Energy
Blade Waltz
Blood Brother
Cerberus
Clown College
Contract Killer
Critical Rhythm
Dashing
Deathtouch
Deft
Despoil
Doomsayer
Draw Your Sword
Dual Wield
Earthwake
Energetic
escAPADe
Executioner
Fallen Aegis
Fan the Hammer
Firebrand
Get Excited!
Giant Slayer
Glass Cannon
Goredrink
Hold Very Still
It's Killing Time
Jeweled Gauntlet
Kill Secured
Leg Day
Light 'em Up!
Lightning Strikes
Mirror Image
Mystic Punch
Now You See Me
Numb to Pain
Outlaw's Grit
Quest: Three Sacred Treasures
Scopiest Weapons
Self Destruct
Serve Beyond Death
Shadow Runner
Shrink Ray
Slow and Steady
Symphony of War
Tap Dancer
Trailblazer
Twice Thrice
Typhoon
Upgrade Collector
Upgrade Hubris
Vanish
Wind Beneath Blade","All For You
Big Brain
Circle of Death
Crack Open That Egg
Dark Blessing
Eureka
First-Aid Kit
Holy Fire
Marksmage
Ominous Pact
Phenomenal Evil
Protein Shake
Quest: Angel of Retribution
Quest: Icathia's Fall
Quest: Wooglet's Witchcap
Righteous Fury
Skilled Sniper
Sonic Boom
Stuck In Here With Me
Trueshot Prodigy
Twin Fire
Unshackled
Witchful Thinking"
Veigar,"Adamant
ADAPt
Big Brain
Combo Master
Desecrator
Doomsayer
Eureka
Executioner
From Beginning to End
Giant Slayer
Glass Cannon
Hold Very Still
Ice Cold
Infernal Conduit
It's Killing Time
Jeweled Gauntlet
Keystone Conjurer
Magic Missile
Magical Girl
Marksmage
Mind to Matter
Mirror Image
Ominous Pact
Phenomenal Evil
Quest: Wooglet's Witchcap
Speed Demon
Spellwake
Unshackled
Weighted Popoffs
Witchful Thinking","All For You
Blunt Force
Bodyguard
Circle of Death
Crack Open That Egg
Critical Rhythm
Dark Blessing
Dashing
Demon's Dance
Despoil
Draw Your Sword
Earthwake
escAPADe
First-Aid Kit
Holy Fire
Lightning Strikes
Now You See Me
Outlaw's Grit
Protein Shake
Quest: Angel of Retribution
Quest: Icathia's Fall
Righteous Fury
Shadow Runner
Sonic Boom
Stuck In Here With Me
The Brutalizer
Trailblazer
Upgrade Collector
Upgrade Hubris
Wind Beneath Blade"
Velkoz,"Adamant
ADAPt
Big Brain
Combo Master
Desecrator
Doomsayer
Eureka
Executioner
From Beginning to End
Giant Slayer
Glass Cannon
Hold Very Still
Ice Cold
Infernal Conduit
It's Killing Time
Jeweled Gauntlet
Keystone Conjurer
Magic Missile
Magical Girl
Marksmage
Mind to Matter
Mirror Image
OK Boomerang
Ominous Pact
Phenomenal Evil
Quest: Wooglet's Witchcap
Repulsor
Skilled Sniper
Speed Demon
Spellwake
Trueshot Prodigy
Unshackled
Weighted Popoffs
Witchful Thinking","All For You
Blunt Force
Bodyguard
Circle of Death
Crack Open That Egg
Critical Rhythm
Dark Blessing
Dashing
Demon's Dance
Despoil
Draw Your Sword
Earthwake
escAPADe
First-Aid Kit
Holy Fire
Lightning Strikes
Now You See Me
Outlaw's Grit
Protein Shake
Quest: Angel of Retribution
Quest: Icathia's Fall
Righteous Fury
Shadow Runner
Sonic Boom
Stuck In Here With Me
The Brutalizer
Trailblazer
Upgrade Collector
Upgrade Hubris
Wind Beneath Blade"
Vex,"Adamant
ADAPt
Big Brain
Combo Master
Desecrator
Doomsayer
Eureka
Executioner
From Beginning to End
Giant Slayer
Glass Cannon
Hold Very Still
Ice Cold
Infernal Conduit
It's Killing Time
Jeweled Gauntlet
Keystone Conjurer
Magic Missile
Magical Girl
Marksmage
Mind to Matter
Mirror Image
Ominous Pact
Phenomenal Evil
Quest: Wooglet's Witchcap
Speed Demon
Spellwake
Unshackled
Weighted Popoffs
Witchful Thinking","All For You
Blunt Force
Bodyguard
Crack Open That Egg
Critical Rhythm
Dark Blessing
Dashing
Demon's Dance
Despoil
Draw Your Sword
Earthwake
escAPADe
Lightning Strikes
Now You See Me
Outlaw's Grit
Protein Shake
Quest: Angel of Retribution
Quest: Icathia's Fall
Righteous Fury
Shadow Runner
Sonic Boom
Stuck In Here With Me
The Brutalizer
Trailblazer
Upgrade Collector
Upgrade Hubris
Wind Beneath Blade"
Vi,"Adamant
Aim for the Head
Big Dragon Energy
Blade Waltz
Blood Brother
Celestial Body
Center of the Universe
Cerberus
Clothesline
Clown College
Combo Master
Contract Killer
Courage of the Colossus
Critical Healing
Dashing
Deathtouch
Deft
Demon's Dance
Desecrator
Despoil
Doomsayer
Dreadbringer
Dual Wield
Earthwake
Energetic
escAPADe
Executioner
Fallen Aegis
Fan the Hammer
Final Form
Firebrand
Frost Wraith
Get Excited!
Giant Slayer
Glass Cannon
Goliath
Goredrink
Guilty Pleasure
Heavy Hitter
Hold Very Still
Impassable
Infernal Soul
It's Killing Time
Jeweled Gauntlet
Kill Secured
Leg Day
Light 'em Up!
Light Warden
Lightning Strikes
Magical Girl
Mercy
Mirror Image
Mountain Soul
Mystic Punch
Now You See Me
Numb to Pain
Outlaw's Grit
Perseverance
Quest: Icathia's Fall
Quest: Steel Your Heart
Quest: Three Sacred Treasures
Rabble Rousing
Scopiest Weapons
Self Destruct
Serve Beyond Death
Shadow Runner
Shrink Ray
Slap Around
Slime Time
Slow and Steady
Speed Demon
Spirit Link
Symphony of War
Tank Engine
Tap Dancer
The Brutalizer
Thread the Needle
Tormentor
Trailblazer
Twice Thrice
Typhoon
Upgrade Collector
Upgrade Hubris
Vanish
Weighted Popoffs
Willing Sacrifice
Wind Beneath Blade","All For You
And My Axe!
Big Brain
Crack Open That Egg
Dark Blessing
Eureka
Marksmage
Ominous Pact
Phenomenal Evil
Quest: Angel of Retribution
Quest: Wooglet's Witchcap
Righteous Fury
Skilled Sniper
Sonic Boom
Spellwake
Trueshot Prodigy
Twin Fire
Unshackled
Witchful Thinking"
Viego,"Aim for the Head
Big Dragon Energy
Blade Waltz
Blood Brother
Cerberus
Clown College
Combo Master
Contract Killer
Dashing
Deathtouch
Deft
Demon's Dance
Desecrator
Despoil
Doomsayer
Dual Wield
Earthwake
Energetic
escAPADe
Executioner
Fallen Aegis
Fan the Hammer
Final Form
Firebrand
Get Excited!
Giant Slayer
Glass Cannon
Goliath
Goredrink
Hold Very Still
Infernal Soul
It's Killing Time
Jeweled Gauntlet
Kill Secured
Leg Day
Light 'em Up!
Lightning Strikes
Mirror Image
Mystic Punch
Now You See Me
Numb to Pain
Outlaw's Grit
Quest: Three Sacred Treasures
Scopiest Weapons
Self Destruct
Serve Beyond Death
Shadow Runner
Shrink Ray
Slap Around
Slow and Steady
Speed Demon
Symphony of War
Tap Dancer
The Brutalizer
Thread the Needle
Trailblazer
Twice Thrice
Typhoon
Upgrade Collector
Upgrade Hubris
Vanish
Weighted Popoffs
Wind Beneath Blade","All For You
And My Axe!
Big Brain
Circle of Death
Crack Open That Egg
Dark Blessing
Eureka
First-Aid Kit
Holy Fire
Juiced
Marksmage
Mind to Matter
Ominous Pact
Overflow
Phenomenal Evil
Protein Shake
Quest: Angel of Retribution
Quest: Wooglet's Witchcap
Righteous Fury
Skilled Sniper
Sonic Boom
Spellwake
Trueshot Prodigy
Twin Fire
Unshackled
Witchful Thinking"
Vladimir,"ADAPt
Big Brain
Celestial Body
Center of the Universe
Clothesline
Combo Master
Critical Healing
Doomsayer
Dreadbringer
Eureka
Executioner
From Beginning to End
Frost Wraith
Giant Slayer
Glass Cannon
Goliath
Heavy Hitter
Hold Very Still
Ice Cold
Infernal Conduit
It's Killing Time
Jeweled Gauntlet
Keystone Conjurer
Light Warden
Magic Missile
Magical Girl
Marksmage
Mirror Image
Mountain Soul
Ominous Pact
Perseverance
Phenomenal Evil
Quest: Steel Your Heart
Quest: Wooglet's Witchcap
Rabble Rousing
Self Destruct
Slime Time
Speed Demon
Spellwake
Spirit Link
Tank Engine
Unshackled
Weighted Popoffs
Willing Sacrifice
Witchful Thinking","All For You
Blunt Force
Bodyguard
Crack Open That Egg
Critical Rhythm
Dark Blessing
Dashing
Demon's Dance
Despoil
Draw Your Sword
Earthwake
escAPADe
Juiced
Lightning Strikes
Now You See Me
Outlaw's Grit
Overflow
Quest: Angel of Retribution
Righteous Fury
Shadow Runner
Skilled Sniper
Sonic Boom
Stuck In Here With Me
The Brutalizer
Trailblazer
Trueshot Prodigy
Upgrade Collector
Upgrade Hubris
Wind Beneath Blade"
Volibear,"Adamant
ADAPt
Big Brain
Blade Waltz
Celestial Body
Center of the Universe
Clothesline
Combo Master
Courage of the Colossus
Critical Healing
Demon's Dance
Desecrator
Doomsayer
Dreadbringer
Energetic
escAPADe
Eureka
Executioner
Final Form
From Beginning to End
Frost Wraith
Get Excited!
Giant Slayer
Glass Cannon
Goliath
Goredrink
Guilty Pleasure
Heavy Hitter
Hold Very Still
Ice Cold
Impassable
Infernal Conduit
Infernal Soul
It's Killing Time
Jeweled Gauntlet
Keystone Conjurer
Light Warden
Magic Missile
Magical Girl
Marksmage
Mercy
Mind to Matter
Mirror Image
Mountain Soul
Mystic Punch
Ominous Pact
Perseverance
Phenomenal Evil
Quest: Icathia's Fall
Quest: Steel Your Heart
Quest: Wooglet's Witchcap
Rabble Rousing
Self Destruct
Serve Beyond Death
Slap Around
Slime Time
Speed Demon
Spirit Link
Symphony of War
Tank Engine
The Brutalizer
Thread the Needle
Tormentor
Unshackled
Upgrade Hubris
Weighted Popoffs
Willing Sacrifice
Wind Beneath Blade
Witchful Thinking","All For You
And My Axe!
Crack Open That Egg
Critical Rhythm
Dark Blessing
Draw Your Sword
Quest: Angel of Retribution
Righteous Fury
Sonic Boom"
Warwick,"Adamant
Aim for the Head
Big Dragon Energy
Blade Waltz
Blood Brother
Celestial Body
Center of the Universe
Cerberus
Clothesline
Combo Master
Courage of the Colossus
Critical Healing
Deathtouch
Deft
Demon's Dance
Desecrator
Doomsayer
Dreadbringer
Dual Wield
Energetic
escAPADe
Executioner
Fallen Aegis
Fan the Hammer
Final Form
Firebrand
Frost Wraith
Get Excited!
Giant Slayer
Glass Cannon
Goliath
Goredrink
Guilty Pleasure
Heavy Hitter
Hold Very Still
Impassable
Infernal Soul
Jeweled Gauntlet
Leg Day
Light 'em Up!
Light Warden
Lightning Strikes
Magical Girl
Mercy
Mountain Soul
Mystic Punch
Numb to Pain
Perseverance
Quest: Icathia's Fall
Quest: Steel Your Heart
Quest: Three Sacred Treasures
Rabble Rousing
Scopiest Weapons
Self Destruct
Serve Beyond Death
Shrink Ray
Slap Around
Slime Time
Slow and Steady
Speed Demon
Spirit Link
Symphony of War
Tank Engine
Tap Dancer
The Brutalizer
Thread the Needle
Tormentor
Twice Thrice
Typhoon
Upgrade Collector
Upgrade Hubris
Weighted Popoffs
Willing Sacrifice
Wind Beneath Blade
Zealot","All For You
And My Axe!
Crack Open That Egg
Dark Blessing
Quest: Angel of Retribution
Righteous Fury
Skilled Sniper
Sonic Boom
Spellwake
Trueshot Prodigy"
Xayah,"Aim for the Head
Big Dragon Energy
Blood Brother
Cerberus
Critical Rhythm
Deathtouch
Deft
Draw Your Sword
Dual Wield
Energetic
escAPADe
Fallen Aegis
Fan the Hammer
Firebrand
Get Excited!
Giant Slayer
Glass Cannon
Goredrink
Hold Very Still
Leg Day
Light 'em Up!
Lightning Strikes
Mystic Punch
Numb to Pain
Quest: Three Sacred Treasures
Scopiest Weapons
Shrink Ray
Slow and Steady
Symphony of War
Tap Dancer
Twice Thrice
Typhoon
Upgrade Collector","ADAPt
All For You
Big Brain
Bodyguard
Circle of Death
Crack Open That Egg
Dark Blessing
Dashing
Despoil
Earthwake
Eureka
Final Form
First-Aid Kit
Holy Fire
Marksmage
Now You See Me
Ominous Pact
Outlaw's Grit
Phenomenal Evil
Protein Shake
Quest: Angel of Retribution
Quest: Icathia's Fall
Quest: Wooglet's Witchcap
Righteous Fury
Shadow Runner
Sonic Boom
Stuck In Here With Me
Trailblazer
Twin Fire
Unshackled
Wind Beneath Blade
Witchful Thinking"
Xerath,"Adamant
ADAPt
Big Brain
Combo Master
Desecrator
Doomsayer
Eureka
Executioner
From Beginning to End
Giant Slayer
Glass Cannon
Hold Very Still
Ice Cold
Infernal Conduit
It's Killing Time
Jeweled Gauntlet
Keystone Conjurer
Magic Missile
Magical Girl
Marksmage
Mind to Matter
Mirror Image
OK Boomerang
Ominous Pact
Phenomenal Evil
Quest: Wooglet's Witchcap
Repulsor
Skilled Sniper
Speed Demon
Spellwake
Trueshot Prodigy
Unshackled
Weighted Popoffs
Witchful Thinking","All For You
Blunt Force
Bodyguard
Circle of Death
Crack Open That Egg
Critical Rhythm
Dark Blessing
Dashing
Demon's Dance
Despoil
Draw Your Sword
Earthwake
escAPADe
First-Aid Kit
Holy Fire
Lightning Strikes
Now You See Me
Outlaw's Grit
Protein Shake
Quest: Angel of Retribution
Quest: Icathia's Fall
Righteous Fury
Shadow Runner
Sonic Boom
Stuck In Here With Me
The Brutalizer
Trailblazer
Upgrade Collector
Upgrade Hubris
Wind Beneath Blade"
Yasuo,"Aim for the Head
Big Dragon Energy
Blade Waltz
Blood Brother
Cerberus
Clown College
Contract Killer
Dashing
Deathtouch
Deft
Demon's Dance
Despoil
Doomsayer
Dual Wield
Earthwake
Energetic
escAPADe
Executioner
Fallen Aegis
Fan the Hammer
Final Form
Firebrand
Get Excited!
Giant Slayer
Glass Cannon
Goredrink
Hold Very Still
It's Killing Time
Jeweled Gauntlet
Kill Secured
Leg Day
Light 'em Up!
Lightning Strikes
Mirror Image
Mystic Punch
Now You See Me
Numb to Pain
Outlaw's Grit
Quest: Three Sacred Treasures
Scopiest Weapons
Self Destruct
Serve Beyond Death
Shadow Runner
Shrink Ray
Slow and Steady
Symphony of War
Tap Dancer
Trailblazer
Twice Thrice
Typhoon
Upgrade Collector
Upgrade Hubris
Vanish
Wind Beneath Blade","All For You
And My Axe!
Big Brain
Circle of Death
Crack Open That Egg
Dark Blessing
Eureka
First-Aid Kit
Holy Fire
Juiced
Marksmage
Mind to Matter
Ominous Pact
Overflow
Phenomenal Evil
Protein Shake
Quest: Angel of Retribution
Quest: Wooglet's Witchcap
Righteous Fury
Skilled Sniper
Sonic Boom
Spellwake
Trueshot Prodigy
Twin Fire
Unshackled
Witchful Thinking"
Yone,"Aim for the Head
Big Dragon Energy
Blade Waltz
Blood Brother
Cerberus
Clown College
Contract Killer
Dashing
Deathtouch
Deft
Demon's Dance
Despoil
Doomsayer
Dual Wield
Earthwake
Energetic
escAPADe
Executioner
Fallen Aegis
Fan the Hammer
Final Form
Firebrand
Get Excited!
Giant Slayer
Glass Cannon
Goredrink
Hold Very Still
It's Killing Time
Jeweled Gauntlet
Kill Secured
Leg Day
Light 'em Up!
Lightning Strikes
Mirror Image
Mystic Punch
Now You See Me
Numb to Pain
Outlaw's Grit
Quest: Three Sacred Treasures
Scopiest Weapons
Self Destruct
Serve Beyond Death
Shadow Runner
Shrink Ray
Slow and Steady
Symphony of War
Tap Dancer
Trailblazer
Twice Thrice
Typhoon
Upgrade Collector
Upgrade Hubris
Vanish
Wind Beneath Blade","All For You
And My Axe!
Big Brain
Crack Open That Egg
Dark Blessing
Eureka
Juiced
Marksmage
Mind to Matter
Ominous Pact
Overflow
Phenomenal Evil
Protein Shake
Quest: Angel of Retribution
Quest: Wooglet's Witchcap
Righteous Fury
Skilled Sniper
Sonic Boom
Spellwake
Trueshot Prodigy
Twin Fire
Unshackled
Witchful Thinking"
Yorick,"Aim for the Head
Big Dragon Energy
Blade Waltz
Blood Brother
Celestial Body
Center of the Universe
Cerberus
Clothesline
Combo Master
Critical Healing
Deathtouch
Deft
Demon's Dance
Doomsayer
Dreadbringer
Dual Wield
Energetic
escAPADe
Executioner
Fallen Aegis
Fan the Hammer
Final Form
Firebrand
Frost Wraith
Get Excited!
Giant Slayer
Glass Cannon
Goliath
Goredrink
Heavy Hitter
Hold Very Still
Infernal Soul
Jeweled Gauntlet
Leg Day
Light 'em Up!
Light Warden
Lightning Strikes
Magical Girl
Mountain Soul
Mystic Punch
Numb to Pain
Perseverance
Quest: Icathia's Fall
Quest: Steel Your Heart
Quest: Three Sacred Treasures
Rabble Rousing
Scopiest Weapons
Self Destruct
Serve Beyond Death
Shrink Ray
Slime Time
Slow and Steady
Speed Demon
Spirit Link
Symphony of War
Tank Engine
Tap Dancer
The Brutalizer
Thread the Needle
Twice Thrice
Typhoon
Upgrade Collector
Upgrade Hubris
Weighted Popoffs
Willing Sacrifice","ADAPt
All For You
And My Axe!
Big Brain
Bodyguard
Crack Open That Egg
Dark Blessing
Dashing
Despoil
Earthwake
Eureka
Marksmage
Now You See Me
Ominous Pact
Outlaw's Grit
Phenomenal Evil
Quest: Angel of Retribution
Quest: Wooglet's Witchcap
Righteous Fury
Shadow Runner
Sonic Boom
Spellwake
Trailblazer
Twin Fire
Unshackled
Witchful Thinking"
Yuumi,"ADAPt
All For You
Banner of Command
Big Brain
Celestial Body
Circle of Death
Combo Master
Crack Open That Egg
Critical Healing
Dark Blessing
Defensive Maneuvers
Doomsayer
Eureka
Executioner
Feel the Burn
First-Aid Kit
From Beginning to End
Fruits of Your Labor
Giant Slayer
Glass Cannon
Hold Very Still
Holy Fire
Ice Cold
Infernal Conduit
It's Killing Time
Jeweled Gauntlet
Keystone Conjurer
Light Warden
Magic Missile
Magical Girl
Marksmage
Mind to Matter
Mirror Image
Ominous Pact
Phenomenal Evil
Protein Shake
Quest: Angel of Retribution
Quest: Wooglet's Witchcap
Righteous Fury
Shrink Ray
Sonic Boom
Speed Demon
Spellwake
Spirit Link
Unshackled
Weighted Popoffs
Willing Sacrifice
Witchful Thinking","Blunt Force
Bodyguard
Courage of the Colossus
Critical Rhythm
Dashing
Demon's Dance
Despoil
Draw Your Sword
Earthwake
escAPADe
Guilty Pleasure
Lightning Strikes
Mercy
Now You See Me
Outlaw's Grit
Quest: Icathia's Fall
Shadow Runner
Stuck In Here With Me
The Brutalizer
Tormentor
Trailblazer
Upgrade Collector
Upgrade Hubris
Wind Beneath Blade"
Zac,"Adamant
ADAPt
Big Brain
Celestial Body
Center of the Universe
Clothesline
Combo Master
Courage of the Colossus
Critical Healing
Desecrator
Doomsayer
Dreadbringer
Eureka
Executioner
Final Form
From Beginning to End
Frost Wraith
Giant Slayer
Glass Cannon
Goliath
Guilty Pleasure
Heavy Hitter
Hold Very Still
Ice Cold
Impassable
Infernal Conduit
It's Killing Time
Jeweled Gauntlet
Keystone Conjurer
Light Warden
Magic Missile
Magical Girl
Marksmage
Mercy
Mirror Image
Mountain Soul
Ominous Pact
Perseverance
Phenomenal Evil
Quest: Icathia's Fall
Quest: Steel Your Heart
Quest: Wooglet's Witchcap
Rabble Rousing
Self Destruct
Slap Around
Slime Time
Speed Demon
Spirit Link
Tank Engine
Tormentor
Unshackled
Weighted Popoffs
Willing Sacrifice
Witchful Thinking","All For You
And My Axe!
Blunt Force
Crack Open That Egg
Critical Rhythm
Dark Blessing
Draw Your Sword
escAPADe
Juiced
Lightning Strikes
Overflow
Quest: Angel of Retribution
Righteous Fury
Skilled Sniper
Sonic Boom
The Brutalizer
Trueshot Prodigy
Upgrade Collector
Upgrade Hubris"
Zed,"Blade Waltz
Clown College
Combo Master
Contract Killer
Dashing
Demon's Dance
Despoil
Doomsayer
Earthwake
Energetic
escAPADe
Executioner
Fallen Aegis
Final Form
Get Excited!
Giant Slayer
Glass Cannon
Goliath
Goredrink
Hold Very Still
Infernal Soul
It's Killing Time
Jeweled Gauntlet
Kill Secured
Mirror Image
Mystic Punch
Now You See Me
Outlaw's Grit
Self Destruct
Serve Beyond Death
Shadow Runner
Speed Demon
Symphony of War
The Brutalizer
Thread the Needle
Trailblazer
Upgrade Collector
Upgrade Hubris
Vanish
Weighted Popoffs
Wind Beneath Blade","Adamant
All For You
And My Axe!
Big Brain
Circle of Death
Courage of the Colossus
Crack Open That Egg
Critical Rhythm
Dark Blessing
Draw Your Sword
Eureka
First-Aid Kit
Guilty Pleasure
Holy Fire
Impassable
Juiced
Marksmage
Mercy
Mind to Matter
Ominous Pact
Overflow
Phenomenal Evil
Protein Shake
Quest: Angel of Retribution
Quest: Wooglet's Witchcap
Righteous Fury
Sonic Boom
Spellwake
Tormentor
Twin Fire
Unshackled
Witchful Thinking
Zealot"
Zeri,"Aim for the Head
Big Dragon Energy
Blood Brother
Cerberus
Deathtouch
Deft
Dual Wield
Energetic
escAPADe
Fallen Aegis
Fan the Hammer
Firebrand
Get Excited!
Giant Slayer
Glass Cannon
Goredrink
Hold Very Still
Leg Day
Light 'em Up!
Lightning Strikes
Mystic Punch
Numb to Pain
Quest: Three Sacred Treasures
Scopiest Weapons
Shrink Ray
Slow and Steady
Symphony of War
Tap Dancer
Twice Thrice
Typhoon
Upgrade Collector
Zealot","Adamant
All For You
And My Axe!
Circle of Death
Courage of the Colossus
Crack Open That Egg
Dark Blessing
Desecrator
Final Form
First-Aid Kit
Guilty Pleasure
Holy Fire
Impassable
Mercy
Protein Shake
Quest: Angel of Retribution
Quest: Icathia's Fall
Righteous Fury
Slap Around
Sonic Boom
Spellwake
Stuck In Here With Me
Tormentor"
Ziggs,"Adamant
ADAPt
Big Brain
Combo Master
Desecrator
Doomsayer
Eureka
Executioner
From Beginning to End
Giant Slayer
Glass Cannon
Hold Very Still
Ice Cold
Infernal Conduit
It's Killing Time
Jeweled Gauntlet
Keystone Conjurer
Magic Missile
Magical Girl
Marksmage
Mind to Matter
Mirror Image
OK Boomerang
Ominous Pact
Phenomenal Evil
Quest: Wooglet's Witchcap
Repulsor
Skilled Sniper
Speed Demon
Spellwake
Trueshot Prodigy
Unshackled
Weighted Popoffs
Witchful Thinking","All For You
Blunt Force
Bodyguard
Circle of Death
Crack Open That Egg
Critical Rhythm
Dark Blessing
Dashing
Demon's Dance
Despoil
Draw Your Sword
Earthwake
escAPADe
First-Aid Kit
Holy Fire
Lightning Strikes
Now You See Me
Outlaw's Grit
Protein Shake
Quest: Angel of Retribution
Quest: Icathia's Fall
Righteous Fury
Shadow Runner
Sonic Boom
Stuck In Here With Me
The Brutalizer
Trailblazer
Upgrade Collector
Upgrade Hubris
Wind Beneath Blade"
Zilean,"Adamant
ADAPt
Banner of Command
Big Brain
Celestial Body
Combo Master
Critical Healing
Defensive Maneuvers
Desecrator
Doomsayer
Eureka
Executioner
Feel the Burn
From Beginning to End
Fruits of Your Labor
Giant Slayer
Glass Cannon
Hold Very Still
Ice Cold
Impassable
Infernal Conduit
It's Killing Time
Jeweled Gauntlet
Keystone Conjurer
Light Warden
Magic Missile
Magical Girl
Marksmage
Mind to Matter
Mirror Image
Ominous Pact
Phenomenal Evil
Quest: Wooglet's Witchcap
Shrink Ray
Slap Around
Speed Demon
Spellwake
Spirit Link
Unshackled
Weighted Popoffs
Willing Sacrifice
Witchful Thinking","Blunt Force
Bodyguard
Critical Rhythm
Dashing
Demon's Dance
Despoil
Draw Your Sword
Earthwake
escAPADe
Lightning Strikes
Now You See Me
Outlaw's Grit
Quest: Icathia's Fall
Shadow Runner
Stuck In Here With Me
The Brutalizer
Trailblazer
Upgrade Collector
Upgrade Hubris
Wind Beneath Blade"
Zoe,"Adamant
ADAPt
Big Brain
Combo Master
Desecrator
Doomsayer
Eureka
Executioner
From Beginning to End
Giant Slayer
Glass Cannon
Hold Very Still
Ice Cold
Infernal Conduit
It's Killing Time
Jeweled Gauntlet
Keystone Conjurer
Magic Missile
Magical Girl
Marksmage
Mind to Matter
Mirror Image
Ominous Pact
Phenomenal Evil
Quest: Wooglet's Witchcap
Speed Demon
Spellwake
Unshackled
Weighted Popoffs
Witchful Thinking","All For You
Blunt Force
Circle of Death
Crack Open That Egg
Critical Rhythm
Dark Blessing
Demon's Dance
Draw Your Sword
escAPADe
First-Aid Kit
Holy Fire
Lightning Strikes
Protein Shake
Quest: Angel of Retribution
Quest: Icathia's Fall
Righteous Fury
Sonic Boom
Stuck In Here With Me
The Brutalizer
Upgrade Collector
Upgrade Hubris"
Zyra,"Adamant
ADAPt
Big Brain
Combo Master
Desecrator
Doomsayer
Eureka
Executioner
From Beginning to End
Giant Slayer
Glass Cannon
Hold Very Still
Ice Cold
Infernal Conduit
It's Killing Time
Jeweled Gauntlet
Keystone Conjurer
Magic Missile
Magical Girl
Marksmage
Mind to Matter
Mirror Image
OK Boomerang
Ominous Pact
Phenomenal Evil
Quest: Wooglet's Witchcap
Repulsor
Skilled Sniper
Speed Demon
Spellwake
Trueshot Prodigy
Unshackled
Weighted Popoffs
Witchful Thinking","All For You
Blunt Force
Bodyguard
Circle of Death
Crack Open That Egg
Critical Rhythm
Dark Blessing
Dashing
Demon's Dance
Despoil
Draw Your Sword
Earthwake
escAPADe
First-Aid Kit
Holy Fire
Lightning Strikes
Now You See Me
Outlaw's Grit
Protein Shake
Quest: Angel of Retribution
Quest: Icathia's Fall
Righteous Fury
Shadow Runner
Sonic Boom
Stuck In Here With Me
The Brutalizer
Trailblazer
Upgrade Collector
Upgrade Hubris
Wind Beneath Blade"
Ambessa,"Blade Waltz
Clown College
Combo Master
Contract Killer
Dashing
Demon's Dance
Despoil
Doomsayer
Earthwake
Energetic
escAPADe
Executioner
Fallen Aegis
Final Form
Get Excited!
Giant Slayer
Glass Cannon
Goliath
Goredrink
Hold Very Still
Infernal Soul
It's Killing Time
Jeweled Gauntlet
Kill Secured
Mirror Image
Mystic Punch
Now You See Me
Outlaw's Grit
Self Destruct
Serve Beyond Death
Shadow Runner
Speed Demon
Symphony of War
The Brutalizer
Thread the Needle
Trailblazer
Upgrade Collector
Upgrade Hubris
Vanish
Weighted Popoffs
Wind Beneath Blade","Adamant
All For You
And My Axe!
Big Brain
Courage of the Colossus
Crack Open That Egg
Critical Rhythm
Dark Blessing
Draw Your Sword
Eureka
Guilty Pleasure
Impassable
Juiced
Marksmage
Mercy
Mind to Matter
Ominous Pact
Overflow
Phenomenal Evil
Protein Shake
Quest: Angel of Retribution
Quest: Wooglet's Witchcap
Righteous Fury
Skilled Sniper
Sonic Boom
Spellwake
Tormentor
Trueshot Prodigy
Twin Fire
Unshackled
Witchful Thinking
Zealot"
Viktor,"Adamant
ADAPt
Big Brain
Combo Master
Desecrator
Doomsayer
Eureka
Executioner
From Beginning to End
Giant Slayer
Glass Cannon
Hold Very Still
Ice Cold
Infernal Conduit
It's Killing Time
Jeweled Gauntlet
Keystone Conjurer
Magic Missile
Magical Girl
Marksmage
Mind to Matter
Mirror Image
Ominous Pact
Phenomenal Evil
Quest: Wooglet's Witchcap
Speed Demon
Spellwake
Unshackled
Weighted Popoffs
Witchful Thinking","All For You
Blunt Force
Bodyguard
Circle of Death
Crack Open That Egg
Critical Rhythm
Dark Blessing
Dashing
Demon's Dance
Despoil
Draw Your Sword
Earthwake
escAPADe
First-Aid Kit
Holy Fire
Lightning Strikes
Now You See Me
Outlaw's Grit
Protein Shake
Quest: Angel of Retribution
Quest: Icathia's Fall
Righteous Fury
Shadow Runner
Sonic Boom
Stuck In Here With Me
The Brutalizer
Trailblazer
Upgrade Collector
Upgrade Hubris
Wind Beneath Blade"
Mel,"Adamant
ADAPt
Big Brain
Combo Master
Desecrator
Doomsayer
Eureka
Executioner
From Beginning to End
Giant Slayer
Glass Cannon
Hold Very Still
Ice Cold
Infernal Conduit
It's Killing Time
Jeweled Gauntlet
Keystone Conjurer
Magic Missile
Magical Girl
Marksmage
Mind to Matter
Mirror Image
OK Boomerang
Ominous Pact
Phenomenal Evil
Quest: Wooglet's Witchcap
Repulsor
Skilled Sniper
Speed Demon
Spellwake
Trueshot Prodigy
Unshackled
Weighted Popoffs
Witchful Thinking","All For You
Blunt Force
Bodyguard
Circle of Death
Crack Open That Egg
Critical Rhythm
Dark Blessing
Dashing
Demon's Dance
Despoil
Draw Your Sword
Earthwake
escAPADe
First-Aid Kit
Holy Fire
Lightning Strikes
Now You See Me
Outlaw's Grit
Protein Shake
Quest: Angel of Retribution
Quest: Icathia's Fall
Righteous Fury
Shadow Runner
Sonic Boom
Stuck In Here With Me
The Brutalizer
Trailblazer
Upgrade Collector
Upgrade Hubris
Wind Beneath Blade"
Leblanc,"Adamant
ADAPt
Big Brain
Blade Waltz
Clown College
Combo Master
Contract Killer
Dashing
Desecrator
Despoil
Doomsayer
Earthwake
Eureka
Executioner
Fallen Aegis
From Beginning to End
Get Excited!
Giant Slayer
Glass Cannon
Goredrink
Hold Very Still
Ice Cold
Infernal Conduit
It's Killing Time
Jeweled Gauntlet
Keystone Conjurer
Kill Secured
Magic Missile
Magical Girl
Marksmage
Mind to Matter
Mirror Image
Now You See Me
Ominous Pact
Outlaw's Grit
Phenomenal Evil
Quest: Wooglet's Witchcap
Self Destruct
Serve Beyond Death
Shadow Runner
Speed Demon
Spellwake
Trailblazer
Unshackled
Vanish
Weighted Popoffs
Wind Beneath Blade
Witchful Thinking","All For You
Blunt Force
Circle of Death
Crack Open That Egg
Critical Rhythm
Dark Blessing
Demon's Dance
Draw Your Sword
First-Aid Kit
Holy Fire
Lightning Strikes
Protein Shake
Quest: Angel of Retribution
Quest: Icathia's Fall
Righteous Fury
Sonic Boom
Stuck In Here With Me
The Brutalizer"
XinZhao,"Adamant
Aim for the Head
Big Dragon Energy
Blade Waltz
Blood Brother
Celestial Body
Center of the Universe
Cerberus
Clothesline
Combo Master
Courage of the Colossus
Critical Healing
Deathtouch
Deft
Demon's Dance
Desecrator
Doomsayer
Dreadbringer
Dual Wield
Energetic
escAPADe
Executioner
Fallen Aegis
Fan the Hammer
Final Form
Firebrand
Frost Wraith
Get Excited!
Giant Slayer
Glass Cannon
Goliath
Goredrink
Guilty Pleasure
Heavy Hitter
Hold Very Still
Impassable
Infernal Soul
Jeweled Gauntlet
Leg Day
Light 'em Up!
Light Warden
Lightning Strikes
Magical Girl
Mercy
Mountain Soul
Mystic Punch
Numb to Pain
Perseverance
Quest: Icathia's Fall
Quest: Steel Your Heart
Quest: Three Sacred Treasures
Rabble Rousing
Scopiest Weapons
Self Destruct
Serve Beyond Death
Shrink Ray
Slap Around
Slime Time
Slow and Steady
Speed Demon
Spirit Link
Symphony of War
Tank Engine
Tap Dancer
The Brutalizer
Thread the Needle
Tormentor
Twice Thrice
Typhoon
Upgrade Collector
Upgrade Hubris
Weighted Popoffs
Willing Sacrifice
Wind Beneath Blade
Zealot","All For You
And My Axe!
Crack Open That Egg
Dark Blessing
Quest: Angel of Retribution
Righteous Fury
Skilled Sniper
Sonic Boom
Spellwake
Trueshot Prodigy"
Yunara,"Aim for the Head
Big Dragon Energy
Blood Brother
Cerberus
Critical Healing
Critical Rhythm
Deathtouch
Deft
Double Tap
Draw Your Sword
Dual Wield
Energetic
escAPADe
Fallen Aegis
Fan the Hammer
Firebrand
Get Excited!
Giant Slayer
Glass Cannon
Goredrink
Hold Very Still
It's Critical
Jeweled Gauntlet
Juiced
Leg Day
Light 'em Up!
Lightning Strikes
Mystic Punch
Numb to Pain
Quest: Three Sacred Treasures
Scopiest Weapons
Shrink Ray
Slow and Steady
Soul Siphon
Symphony of War
Tank It Or Leave It
Tap Dancer
Twice Thrice
Twin Fire
Typhoon
Upgrade Collector
Vulnerability
Zealot","Adamant
All For You
Circle of Death
Courage of the Colossus
Crack Open That Egg
Dark Blessing
Desecrator
Final Form
First-Aid Kit
Guilty Pleasure
Holy Fire
Impassable
Mercy
Protein Shake
Quest: Angel of Retribution
Quest: Icathia's Fall
Righteous Fury
Slap Around
Sonic Boom
Stuck In Here With Me
Tormentor"
Zaahen,"Aim for the Head
Big Dragon Energy
Blade Waltz
Blood Brother
Cerberus
Combo Master
Deathtouch
Deft
Demon's Dance
Desecrator
Doomsayer
Dual Wield
Energetic
escAPADe
Executioner
Fallen Aegis
Fan the Hammer
Firebrand
Get Excited!
Giant Slayer
Glass Cannon
Goliath
Goredrink
Hold Very Still
Infernal Soul
Jeweled Gauntlet
Leg Day
Light 'em Up!
Lightning Strikes
Mystic Punch
Numb to Pain
Quest: Three Sacred Treasures
Scopiest Weapons
Serve Beyond Death
Shrink Ray
Slap Around
Slow and Steady
Speed Demon
Symphony of War
Tap Dancer
The Brutalizer
Thread the Needle
Twice Thrice
Typhoon
Upgrade Collector
Upgrade Hubris
Weighted Popoffs
Wind Beneath Blade","ADAPt
All For You
And My Axe!
Big Brain
Crack Open That Egg
Dark Blessing
Eureka
Marksmage
Ominous Pact
Phenomenal Evil
Protein Shake
Quest: Angel of Retribution
Quest: Wooglet's Witchcap
Righteous Fury
Skilled Sniper
Sonic Boom
Spellwake
Trueshot Prodigy
Twin Fire
Unshackled
Witchful Thinking"
