Champion,Included,Excluded
Aatrox,"Blade Waltz
Clown College
Dashing
Demon's Dance
Earthwake
escAPADe
Executioner
Final Form
Flashbang
Get Excited!
Giant Slayer
Glass Cannon
Goliath
Goredrink
Infernal Soul
It's Killing Time
Jeweled Gauntlet
Kill Secured
King Me
Mighty Shield
Mystic Punch
Nightstalking
Outlaw's Grit
Poro Blaster
Prom Queen
Rabble Rousing
Self Destruct
Shadow Runner
Slap Around
Speed Demon
Spiritual Purification
Swift and Safe
Symphony of War
The Brutalizer
Thread the Needle
Triggered Inferno
Upgrade Collector
Upgrade Hubris
Vampirism
Weighted Popoffs
Wind Beneath Blade","All For You
Big Brain
Circle of Death
Crack Open That Egg
Critical Missile
Critical Rhythm
Cruelty
Draw Your Sword
Empowered By The Faithful
Empyrean Promise
Eureka
FireFox
Grandma's Chili Oil
Hat on a Hat
I'm a Baby Kitty Where is Mama
Juiced
Marksmage
Mind to Matter
Ocean Soul
Ominous Pact
Phenomenal Evil
Protein Shake
Quest: Wooglet's Witchcap
ReEnergize
Skilled Sniper
Sonata
Sonic Boom
Trueshot Prodigy
Twin Fire
Upgrade Mikael's Blessing
Upgrade Sheen
Upgrade Zhonya's
Void Rift
Witchful Thinking
Zealot"
Ahri,"Adamant
ADAPt
Big Brain
Blade Waltz
Circle of Death
Clown College
Cruelty
Dashing
Earthwake
Eureka
Executioner
FireFox
Flashbang
From Beginning To End
Get Excited!
Giant Slayer
Glass Cannon
Goredrink
Grandma's Chili Oil
Hat on a Hat
Ice Cold
Infernal Conduit
It's Killing Time
Jeweled Gauntlet
Keystone Conjurer
Kill Secured
King Me
Magic Missile
Marksmage
Mighty Shield
Mind to Matter
Nightstalking
Ominous Pact
Outlaw's Grit
Overflow
Phenomenal Evil
Poro Blaster
Quest: Wooglet's Witchcap
Rabble Rousing
Self Destruct
Shadow Runner
Speed Demon
Spiritual Purification
Swift and Safe
Thread the Needle
Upgrade Zhonya's
Vampirism
Void Rift
Weighted Popoffs
Wind Beneath Blade
Witchful Thinking","All For You
Blunt Force
Crack Open That Egg
Critical Rhythm
Demon's Dance
Draw Your Sword
Dual Wield
Empowered By The Faithful
Empyrean Promise
Fan The Hammer
Gash
I'm a Baby Kitty Where is Mama
Lightning Strikes
Protein Shake
Quest: Icathia's Fall
ReEnergize
Shrink Ray
Slow And Steady
Sonata
Sonic Boom
Stuck In Here With Me
The Brutalizer
Twice Thrice
Typhoon
Upgrade Immolate
Upgrade Infinity Edge
Upgrade Mikael's Blessing
Upgrade Sheen
Upgrade Thornmail"
Akali,"ADAPt
Big Brain
Blade Waltz
Clown College
Dashing
Demon's Dance
Earthwake
escAPADe
Eureka
Executioner
Final Form
FireFox
Flashbang
From Beginning To End
Get Excited!
Giant Slayer
Glass Cannon
Goliath
Goredrink
Grandma's Chili Oil
Hat on a Hat
Ice Cold
Infernal Conduit
Infernal Soul
It's Killing Time
Jeweled Gauntlet
Keystone Conjurer
Kill Secured
King Me
Magic Missile
Marksmage
Master of Duality
Mystic Punch
Nightstalking
Ominous Pact
Outlaw's Grit
Phenomenal Evil
Poro Blaster
Prom Queen
Quest: Wooglet's Witchcap
Rabble Rousing
Self Destruct
Shadow Runner
Speed Demon
Spiritual Purification
Swift and Safe
Symphony of War
The Brutalizer
Thread the Needle
Triggered Inferno
Upgrade Collector
Upgrade Hubris
Upgrade Zhonya's
Vampirism
Void Rift
Weighted Popoffs
Wind Beneath Blade
Witchful Thinking","All For You
Courage of the Colossus
Crack Open That Egg
Critical Missile
Critical Rhythm
Draw Your Sword
Empowered By The Faithful
Empyrean Promise
First-Aid Kit
Guilty Pleasure
Holy Fire
I'm a Baby Kitty Where is Mama
Impassable
Juiced
Ocean Soul
Protein Shake
ReEnergize
Skilled Sniper
Sonata
Sonic Boom
Soul Eater
Tormentor
Trueshot Prodigy
Upgrade Mikael's Blessing
Windspeaker's Blessing"
Akshan,"Cerberus
Critical Missile
Critical Rhythm
Deft
Draw Your Sword
Dual Wield
escAPADe
Fan The Hammer
Firebrand
Get Excited!
Giant Slayer
Glass Cannon
Goredrink
Light 'Em Up!
Lightning Strikes
Mystic Punch
ReEnergize
Scoped Weapons
Scopier Weapons
Scopiest Weapons
Shrink Ray
Slow And Steady
Spiritual Purification
Symphony of War
Tap Dancer
Thread the Needle
Twice Thrice
Typhoon
Upgrade Collector
Vampirism","Adamant
ADAPt
All For You
Big Brain
Circle of Death
Courage of the Colossus
Crack Open That Egg
Cruelty
Empowered By The Faithful
Empyrean Promise
Eureka
Final Form
FireFox
First-Aid Kit
Grandma's Chili Oil
Guilty Pleasure
Hat on a Hat
Holy Fire
I'm a Baby Kitty Where is Mama
Impassable
Marksmage
Mighty Shield
Ominous Pact
Phenomenal Evil
Prom Queen
Protein Shake
Quest: Icathia's Fall
Quest: Wooglet's Witchcap
Slap Around
Sonata
Sonic Boom
Soul Eater
Stuck In Here With Me
Tormentor
Twin Fire
Upgrade Immolate
Upgrade Mikael's Blessing
Upgrade Thornmail
Upgrade Zhonya's
Void Rift
Windspeaker's Blessing
Witchful Thinking"
Alistar,"Adamant
ADAPt
Big Brain
Celestial Body
Circle of Death
Courage of the Colossus
Critical Healing
Cruelty
Dropkick
Erosion
Eureka
Executioner
Final Form
FireFox
From Beginning To End
Frost Wraith
Gash
Giant Slayer
Glass Cannon
Goliath
Grandma's Chili Oil
Guilty Pleasure
Hat on a Hat
Heavy Hitter
Ice Cold
Impassable
Infernal Conduit
It's Killing Time
Jeweled Gauntlet
Keystone Conjurer
King Me
Laser Heal
Magic Missile
Marksmage
Mighty Shield
Mind to Matter
Mountain Soul
Ominous Pact
Overflow
Perseverance
Phenomenal Evil
Poro Blaster
Prom Queen
Protein Shake
Quest: Icathia's Fall
Quest: Steel Your Heart
Quest: Wooglet's Witchcap
Rabble Rousing
Self Destruct
Slap Around
Slow Cooker
Sonata
Sonic Boom
Soul Eater
Speed Demon
Spiritual Purification
Tank Engine
Thread the Needle
Tormentor
Upgrade Immolate
Upgrade Thornmail
Upgrade Zhonya's
Vampirism
Void Rift
Weighted Popoffs
Windspeaker's Blessing
Witchful Thinking","Blunt Force
Critical Missile
Critical Rhythm
Draw Your Sword
Dual Wield
escAPADe
Fan The Hammer
Lightning Strikes
ReEnergize
Shrink Ray
Skilled Sniper
Slow And Steady
The Brutalizer
Trueshot Prodigy
Twice Thrice
Typhoon
Upgrade Collector
Upgrade Hubris
Upgrade Infinity Edge
Upgrade Sheen"
Amumu,"Adamant
ADAPt
Big Brain
Celestial Body
Courage of the Colossus
Critical Healing
Cruelty
Dropkick
Erosion
Eureka
Executioner
Final Form
FireFox
From Beginning To End
Frost Wraith
Gash
Giant Slayer
Glass Cannon
Goliath
Grandma's Chili Oil
Guilty Pleasure
Hat on a Hat
Heavy Hitter
Ice Cold
Impassable
Infernal Conduit
It's Killing Time
Jeweled Gauntlet
Keystone Conjurer
King Me
Laser Heal
Magic Missile
Marksmage
Mind to Matter
Mountain Soul
Ominous Pact
Overflow
Perseverance
Phenomenal Evil
Poro Blaster
Prom Queen
Quest: Icathia's Fall
Quest: Steel Your Heart
Quest: Wooglet's Witchcap
Rabble Rousing
Self Destruct
Slap Around
Slow Cooker
Soul Eater
Speed Demon
Spiritual Purification
Tank Engine
Thread the Needle
Tormentor
Upgrade Immolate
Upgrade Thornmail
Upgrade Zhonya's
Vampirism
Void Rift
Weighted Popoffs
Witchful Thinking","All For You
Blunt Force
Crack Open That Egg
Critical Missile
Critical Rhythm
Draw Your Sword
Dual Wield
Empowered By The Faithful
Empyrean Promise
escAPADe
Fan The Hammer
First-Aid Kit
Holy Fire
I'm a Baby Kitty Where is Mama
Lightning Strikes
ReEnergize
Shrink Ray
Skilled Sniper
Slow And Steady
The Brutalizer
Trueshot Prodigy
Twice Thrice
Typhoon
Upgrade Collector
Upgrade Hubris
Upgrade Infinity Edge
Upgrade Mikael's Blessing
Upgrade Sheen"
Anivia,"Adamant
ADAPt
Big Brain
Cruelty
Eureka
Executioner
FireFox
From Beginning To End
Giant Slayer
Glass Cannon
Grandma's Chili Oil
Hat on a Hat
Ice Cold
Infernal Conduit
It's Killing Time
Jeweled Gauntlet
Keystone Conjurer
Magic Missile
Marksmage
Mind to Matter
Ominous Pact
Overflow
Phenomenal Evil
Poro Blaster
Quest: Wooglet's Witchcap
Rabble Rousing
Speed Demon
Spiritual Purification
Thread the Needle
Upgrade Zhonya's
Vampirism
Void Rift
Weighted Popoffs
Witchful Thinking","All For You
Blunt Force
Crack Open That Egg
Critical Rhythm
Dashing
Demon's Dance
Draw Your Sword
Dual Wield
Earthwake
Empowered By The Faithful
Empyrean Promise
escAPADe
Fan The Hammer
First-Aid Kit
Flashbang
Gash
Holy Fire
I'm a Baby Kitty Where is Mama
Lightning Strikes
Mighty Shield
Nightstalking
Outlaw's Grit
Prom Queen
Protein Shake
Quest: Icathia's Fall
ReEnergize
Shadow Runner
Shrink Ray
Slow And Steady
Sonata
Sonic Boom
Stuck In Here With Me
Swift and Safe
The Brutalizer
Twice Thrice
Typhoon
Upgrade Collector
Upgrade Hubris
Upgrade Immolate
Upgrade Infinity Edge
Upgrade Mikael's Blessing
Upgrade Sheen
Upgrade Thornmail
Wind Beneath Blade
Windspeaker's Blessing"
Annie,"Adamant
ADAPt
Big Brain
Circle of Death
Cruelty
Eureka
Executioner
FireFox
From Beginning To End
Giant Slayer
Glass Cannon
Grandma's Chili Oil
Hat on a Hat
Ice Cold
Infernal Conduit
It's Killing Time
Jeweled Gauntlet
Keystone Conjurer
Magic Missile
Marksmage
Mind to Matter
Ominous Pact
Overflow
Phenomenal Evil
Poro Blaster
Quest: Wooglet's Witchcap
Rabble Rousing
Speed Demon
Spiritual Purification
Thread the Needle
Upgrade Zhonya's
Vampirism
Void Rift
Weighted Popoffs
Witchful Thinking","Blunt Force
Critical Rhythm
Dashing
Demon's Dance
Draw Your Sword
Dual Wield
Earthwake
escAPADe
Fan The Hammer
Flashbang
Gash
Lightning Strikes
Nightstalking
Outlaw's Grit
Prom Queen
Quest: Icathia's Fall
ReEnergize
Shadow Runner
Shrink Ray
Slow And Steady
Stuck In Here With Me
Swift and Safe
The Brutalizer
Twice Thrice
Typhoon
Upgrade Collector
Upgrade Hubris
Upgrade Immolate
Upgrade Infinity Edge
Upgrade Sheen
Upgrade Thornmail
Wind Beneath Blade"
Aphelios,"Cerberus
Critical Missile
Critical Rhythm
Deft
Draw Your Sword
Dual Wield
escAPADe
Fan The Hammer
Firebrand
Get Excited!
Giant Slayer
Glass Cannon
Goredrink
Light 'Em Up!
Lightning Strikes
Mystic Punch
ReEnergize
Scoped Weapons
Scopier Weapons
Scopiest Weapons
Shrink Ray
Slow And Steady
Spiritual Purification
Symphony of War
Tap Dancer
Thread the Needle
Twice Thrice
Typhoon
Upgrade Collector
Vampirism","ADAPt
All For You
Big Brain
Circle of Death
Crack Open That Egg
Cruelty
Dashing
Earthwake
Empowered By The Faithful
Empyrean Promise
Eureka
Final Form
FireFox
First-Aid Kit
Flashbang
Grandma's Chili Oil
Hat on a Hat
Holy Fire
I'm a Baby Kitty Where is Mama
Marksmage
Mighty Shield
Nightstalking
Ominous Pact
Outlaw's Grit
Phenomenal Evil
Prom Queen
Protein Shake
Quest: Icathia's Fall
Quest: Wooglet's Witchcap
Shadow Runner
Sonata
Sonic Boom
Stuck In Here With Me
Swift and Safe
Twin Fire
Upgrade Immolate
Upgrade Mikael's Blessing
Upgrade Thornmail
Upgrade Zhonya's
Void Rift
Wind Beneath Blade
Windspeaker's Blessing
Witchful Thinking"
Ashe,"Cerberus
Critical Missile
Critical Rhythm
Deft
Draw Your Sword
Dual Wield
escAPADe
Fan The Hammer
Firebrand
From Beginning To End
Get Excited!
Giant Slayer
Glass Cannon
Goredrink
Light 'Em Up!
Lightning Strikes
Mystic Punch
Ok Boomerang
Poro Blaster
ReEnergize
Scoped Weapons
Scopier Weapons
Scopiest Weapons
Shrink Ray
Skilled Sniper
Slow And Steady
Spiritual Purification
Symphony of War
Tap Dancer
Thread the Needle
Trueshot Prodigy
Twice Thrice
Typhoon
Upgrade Collector
Vampirism","Adamant
ADAPt
All For You
Big Brain
Circle of Death
Courage of the Colossus
Crack Open That Egg
Cruelty
Dashing
Earthwake
Empowered By The Faithful
Empyrean Promise
Eureka
Final Form
FireFox
First-Aid Kit
Flashbang
Grandma's Chili Oil
Guilty Pleasure
Hat on a Hat
Holy Fire
I'm a Baby Kitty Where is Mama
Impassable
Marksmage
Mighty Shield
Ominous Pact
Outlaw's Grit
Phenomenal Evil
Prom Queen
Protein Shake
Quest: Icathia's Fall
Quest: Wooglet's Witchcap
Shadow Runner
Slap Around
Sonata
Sonic Boom
Soul Eater
Stuck In Here With Me
Swift and Safe
Tormentor
Twin Fire
Upgrade Immolate
Upgrade Mikael's Blessing
Upgrade Thornmail
Upgrade Zhonya's
Void Rift
Wind Beneath Blade
Windspeaker's Blessing
Witchful Thinking"
AurelionSol,"ADAPt
Big Brain
Eureka
Executioner
FireFox
From Beginning To End
Giant Slayer
Glass Cannon
Grandma's Chili Oil
Hat on a Hat
Ice Cold
Infernal Conduit
It's Killing Time
Jeweled Gauntlet
Keystone Conjurer
Magic Missile
Marksmage
Mind to Matter
Ominous Pact
Overflow
Phenomenal Evil
Poro Blaster
Quest: Wooglet's Witchcap
Rabble Rousing
Speed Demon
Spiritual Purification
Thread the Needle
Upgrade Zhonya's
Vampirism
Void Rift
Weighted Popoffs
Witchful Thinking","All For You
Blunt Force
Courage of the Colossus
Crack Open That Egg
Critical Rhythm
Dashing
Demon's Dance
Draw Your Sword
Dual Wield
Earthwake
Empowered By The Faithful
Empyrean Promise
escAPADe
Fan The Hammer
First-Aid Kit
Flashbang
Gash
Guilty Pleasure
Holy Fire
I'm a Baby Kitty Where is Mama
Impassable
Lightning Strikes
Mighty Shield
Nightstalking
Outlaw's Grit
Prom Queen
Protein Shake
Quest: Icathia's Fall
ReEnergize
Shadow Runner
Shrink Ray
Slap Around
Slow And Steady
Sonata
Sonic Boom
Soul Eater
Stuck In Here With Me
Swift and Safe
The Brutalizer
Tormentor
Twice Thrice
Typhoon
Upgrade Collector
Upgrade Hubris
Upgrade Immolate
Upgrade Infinity Edge
Upgrade Mikael's Blessing
Upgrade Sheen
Upgrade Thornmail
Wind Beneath Blade
Windspeaker's Blessing"
Aurora,"ADAPt
Big Brain
Blade Waltz
Clown College
Dashing
Earthwake
Eureka
Executioner
FireFox
Flashbang
From Beginning To End
Get Excited!
Giant Slayer
Glass Cannon
Goredrink
Grandma's Chili Oil
Hat on a Hat
Ice Cold
Infernal Conduit
It's Killing Time
Jeweled Gauntlet
Keystone Conjurer
Kill Secured
King Me
Magic Missile
Marksmage
Mind to Matter
Nightstalking
Ominous Pact
Outlaw's Grit
Overflow
Phenomenal Evil
Poro Blaster
Quest: Wooglet's Witchcap
Rabble Rousing
Self Destruct
Shadow Runner
Speed Demon
Spiritual Purification
Swift and Safe
Thread the Needle
Upgrade Zhonya's
Vampirism
Void Rift
Weighted Popoffs
Wind Beneath Blade
Witchful Thinking","All For You
Blunt Force
Courage of the Colossus
Crack Open That Egg
Critical Rhythm
Demon's Dance
Draw Your Sword
Dual Wield
Empowered By The Faithful
Empyrean Promise
Fan The Hammer
First-Aid Kit
Gash
Guilty Pleasure
Holy Fire
I'm a Baby Kitty Where is Mama
Impassable
Lightning Strikes
Protein Shake
Quest: Icathia's Fall
ReEnergize
Shrink Ray
Skilled Sniper
Slap Around
Slow And Steady
Sonata
Sonic Boom
Soul Eater
Stuck In Here With Me
The Brutalizer
Tormentor
Trueshot Prodigy
Twice Thrice
Typhoon
Upgrade Immolate
Upgrade Infinity Edge
Upgrade Mikael's Blessing
Upgrade Sheen
Upgrade Thornmail
Windspeaker's Blessing"
Azir,"ADAPt
Big Brain
Cerberus
Critical Missile
Deft
Eureka
Executioner
Firebrand
FireFox
From Beginning To End
Get Excited!
Giant Slayer
Glass Cannon
Goredrink
Grandma's Chili Oil
Hat on a Hat
Ice Cold
Infernal Conduit
It's Killing Time
Jeweled Gauntlet
Keystone Conjurer
Light 'Em Up!
Magic Missile
Marksmage
Mind to Matter
Mystic Punch
Ominous Pact
Overflow
Phenomenal Evil
Poro Blaster
Quest: Wooglet's Witchcap
Rabble Rousing
Scoped Weapons
Scopier Weapons
Scopiest Weapons
Speed Demon
Spiritual Purification
Symphony of War
Tap Dancer
Thread the Needle
Upgrade Zhonya's
Vampirism
Void Rift
Weighted Popoffs
Witchful Thinking
Zealot","All For You
Blunt Force
Courage of the Colossus
Crack Open That Egg
Empowered By The Faithful
Empyrean Promise
First-Aid Kit
Guilty Pleasure
Holy Fire
I'm a Baby Kitty Where is Mama
Impassable
Mighty Shield
Prom Queen
Protein Shake
Quest: Icathia's Fall
Slap Around
Sonata
Sonic Boom
Soul Eater
Stuck In Here With Me
The Brutalizer
Tormentor
Upgrade Hubris
Upgrade Immolate
Upgrade Infinity Edge
Upgrade Mikael's Blessing
Upgrade Thornmail
Windspeaker's Blessing"
Bard,"Adamant
ADAPt
All For You
Big Brain
Celestial Body
Circle of Death
Crack Open That Egg
Critical Healing
Cruelty
Empowered By The Faithful
Empyrean Promise
Eureka
Executioner
Feel the Burn
FireFox
First-Aid Kit
From Beginning To End
Giant Slayer
Glass Cannon
Grandma's Chili Oil
Hat on a Hat
Holy Fire
I'm a Baby Kitty Where is Mama
Ice Cold
Impassable
Infernal Conduit
It's Killing Time
Jeweled Gauntlet
Keystone Conjurer
Laser Heal
Magic Missile
Marksmage
Master of Duality
Mind to Matter
Ominous Pact
Overflow
Perseverance
Phenomenal Evil
Poro Blaster
Protein Shake
Quest: Wooglet's Witchcap
Rabble Rousing
Slap Around
Sonata
Sonic Boom
Speed Demon
Spiritual Purification
Thread the Needle
Upgrade Mikael's Blessing
Upgrade Zhonya's
Vampirism
Void Rift
Weighted Popoffs
Windspeaker's Blessing
Witchful Thinking","Demon's Dance
Gash
Prom Queen
Quest: Icathia's Fall
Skilled Sniper
Stuck In Here With Me
Trueshot Prodigy
Upgrade Immolate
Upgrade Thornmail"
Belveth,"Blade Waltz
Cerberus
Clown College
Dashing
Deft
Demon's Dance
Dual Wield
Earthwake
escAPADe
Executioner
Fan The Hammer
Final Form
Firebrand
Flashbang
Gash
Get Excited!
Giant Slayer
Glass Cannon
Goliath
Goredrink
Infernal Soul
It's Killing Time
Jeweled Gauntlet
Kill Secured
King Me
Light 'Em Up!
Lightning Strikes
Mystic Punch
Nightstalking
Outlaw's Grit
Poro Blaster
Prom Queen
Rabble Rousing
Scoped Weapons
Scopier Weapons
Scopiest Weapons
Self Destruct
Shadow Runner
Shrink Ray
Slap Around
Slow And Steady
Speed Demon
Spiritual Purification
Swift and Safe
Symphony of War
Tap Dancer
The Brutalizer
Thread the Needle
Triggered Inferno
Twice Thrice
Typhoon
Upgrade Collector
Upgrade Hubris
Vampirism
Weighted Popoffs
Wind Beneath Blade","All For You
Big Brain
Circle of Death
Crack Open That Egg
Cruelty
Empowered By The Faithful
Empyrean Promise
Eureka
FireFox
First-Aid Kit
Grandma's Chili Oil
Hat on a Hat
Holy Fire
I'm a Baby Kitty Where is Mama
Juiced
Marksmage
Mind to Matter
Ocean Soul
Ominous Pact
Phenomenal Evil
Protein Shake
Quest: Wooglet's Witchcap
Skilled Sniper
Sonata
Sonic Boom
Trueshot Prodigy
Twin Fire
Upgrade Mikael's Blessing
Upgrade Zhonya's
Void Rift
Windspeaker's Blessing
Witchful Thinking"
Blitzcrank,"Adamant
ADAPt
Big Brain
Celestial Body
Courage of the Colossus
Critical Healing
Cruelty
Dropkick
Erosion
Eureka
Executioner
Final Form
FireFox
From Beginning To End
Frost Wraith
Gash
Giant Slayer
Glass Cannon
Goliath
Grandma's Chili Oil
Guilty Pleasure
Hat on a Hat
Heavy Hitter
Ice Cold
Impassable
Infernal Conduit
It's Killing Time
Jeweled Gauntlet
Keystone Conjurer
King Me
Laser Heal
Magic Missile
Marksmage
Master of Duality
Mind to Matter
Mountain Soul
Ominous Pact
Overflow
Perseverance
Phenomenal Evil
Poro Blaster
Prom Queen
Quest: Icathia's Fall
Quest: Steel Your Heart
Quest: Wooglet's Witchcap
Rabble Rousing
Self Destruct
Slap Around
Slow Cooker
Soul Eater
Speed Demon
Spiritual Purification
Tank Engine
Thread the Needle
Tormentor
Upgrade Immolate
Upgrade Thornmail
Upgrade Zhonya's
Vampirism
Void Rift
Weighted Popoffs
Witchful Thinking","All For You
Crack Open That Egg
Critical Missile
Critical Rhythm
Dashing
Draw Your Sword
Earthwake
Empowered By The Faithful
Empyrean Promise
First-Aid Kit
Flashbang
Holy Fire
I'm a Baby Kitty Where is Mama
Nightstalking
Outlaw's Grit
ReEnergize
Shadow Runner
Skilled Sniper
Swift and Safe
Trueshot Prodigy
Upgrade Mikael's Blessing
Wind Beneath Blade"
Brand,"Adamant
ADAPt
Big Brain
Cruelty
Eureka
Executioner
FireFox
From Beginning To End
Giant Slayer
Glass Cannon
Grandma's Chili Oil
Hat on a Hat
Ice Cold
Infernal Conduit
It's Killing Time
Jeweled Gauntlet
Keystone Conjurer
Magic Missile
Marksmage
Mind to Matter
Ominous Pact
Overflow
Phenomenal Evil
Poro Blaster
Quest: Wooglet's Witchcap
Rabble Rousing
Speed Demon
Spiritual Purification
Thread the Needle
Upgrade Zhonya's
Vampirism
Void Rift
Weighted Popoffs
Witchful Thinking","All For You
Blunt Force
Crack Open That Egg
Critical Rhythm
Dashing
Demon's Dance
Draw Your Sword
Dual Wield
Earthwake
Empowered By The Faithful
Empyrean Promise
escAPADe
Fan The Hammer
First-Aid Kit
Flashbang
Gash
Holy Fire
I'm a Baby Kitty Where is Mama
Lightning Strikes
Mighty Shield
Nightstalking
Outlaw's Grit
Prom Queen
Protein Shake
Quest: Icathia's Fall
ReEnergize
Shadow Runner
Shrink Ray
Slow And Steady
Sonata
Sonic Boom
Stuck In Here With Me
Swift and Safe
The Brutalizer
Twice Thrice
Typhoon
Upgrade Collector
Upgrade Hubris
Upgrade Immolate
Upgrade Infinity Edge
Upgrade Mikael's Blessing
Upgrade Sheen
Upgrade Thornmail
Wind Beneath Blade
Windspeaker's Blessing"
Braum,"Adamant
Celestial Body
Courage of the Colossus
Critical Healing
Cruelty
Dropkick
Erosion
Final Form
Frost Wraith
Gash
Goliath
Grandma's Chili Oil
Guilty Pleasure
Hat on a Hat
Heavy Hitter
Impassable
King Me
Laser Heal
Mountain Soul
Perseverance
Prom Queen
Quest: Icathia's Fall
Quest: Steel Your Heart
Rabble Rousing
Self Destruct
Slap Around
Slow Cooker
Soul Eater
Speed Demon
Tank Engine
Tormentor
Upgrade Immolate
Upgrade Thornmail","All For You
Circle of Death
Crack Open That Egg
Critical Missile
Critical Rhythm
Draw Your Sword
Empowered By The Faithful
Empyrean Promise
First-Aid Kit
Holy Fire
I'm a Baby Kitty Where is Mama
ReEnergize
Skilled Sniper
Trueshot Prodigy
Upgrade Mikael's Blessing"
Briar,"Blade Waltz
Cerberus
Deft
Demon's Dance
Dual Wield
escAPADe
Executioner
Fan The Hammer
Firebrand
Flashbang
Gash
Get Excited!
Giant Slayer
Glass Cannon
Goliath
Goredrink
Infernal Soul
Jeweled Gauntlet
King Me
Light 'Em Up!
Lightning Strikes
Master of Duality
Mystic Punch
Poro Blaster
Rabble Rousing
Scoped Weapons
Scopier Weapons
Scopiest Weapons
Shrink Ray
Slap Around
Slow And Steady
Speed Demon
Spiritual Purification
Symphony of War
Tap Dancer
The Brutalizer
Thread the Needle
Triggered Inferno
Twice Thrice
Typhoon
Upgrade Collector
Upgrade Hubris
Upgrade Sheen
Vampirism
Weighted Popoffs
Wind Beneath Blade
Zealot","All For You
Crack Open That Egg
Empowered By The Faithful
Empyrean Promise
I'm a Baby Kitty Where is Mama
Juiced
Mind to Matter
Ocean Soul
Protein Shake
Skilled Sniper
Sonata
Sonic Boom
Trueshot Prodigy
Upgrade Mikael's Blessing"
Caitlyn,"Cerberus
Critical Missile
Critical Rhythm
Deft
Draw Your Sword
Dual Wield
escAPADe
Fan The Hammer
Firebrand
From Beginning To End
Get Excited!
Giant Slayer
Glass Cannon
Goredrink
Light 'Em Up!
Lightning Strikes
Mystic Punch
Nightstalking
Ok Boomerang
Poro Blaster
ReEnergize
Scoped Weapons
Scopier Weapons
Scopiest Weapons
Shrink Ray
Skilled Sniper
Slow And Steady
Spiritual Purification
Symphony of War
Tap Dancer
Thread the Needle
Trueshot Prodigy
Twice Thrice
Typhoon
Upgrade Collector
Vampirism","ADAPt
All For You
Big Brain
Circle of Death
Crack Open That Egg
Cruelty
Empowered By The Faithful
Empyrean Promise
Eureka
Final Form
FireFox
First-Aid Kit
Grandma's Chili Oil
Hat on a Hat
Holy Fire
I'm a Baby Kitty Where is Mama
Marksmage
Mighty Shield
Ominous Pact
Phenomenal Evil
Prom Queen
Protein Shake
Quest: Icathia's Fall
Quest: Wooglet's Witchcap
Sonata
Sonic Boom
Stuck In Here With Me
Twin Fire
Upgrade Immolate
Upgrade Mikael's Blessing
Upgrade Thornmail
Upgrade Zhonya's
Void Rift
Windspeaker's Blessing
Witchful Thinking"
Camille,"Blade Waltz
Cerberus
Deft
Demon's Dance
Dual Wield
escAPADe
Executioner
Fan The Hammer
Firebrand
Flashbang
Gash
Get Excited!
Giant Slayer
Glass Cannon
Goliath
Goredrink
Infernal Soul
Jeweled Gauntlet
King Me
Light 'Em Up!
Lightning Strikes
Mystic Punch
Overflow
Poro Blaster
Rabble Rousing
Scoped Weapons
Scopier Weapons
Scopiest Weapons
Shrink Ray
Slap Around
Slow And Steady
Speed Demon
Spiritual Purification
Symphony of War
Tap Dancer
The Brutalizer
Thread the Needle
Triggered Inferno
Twice Thrice
Typhoon
Upgrade Collector
Upgrade Hubris
Vampirism
Weighted Popoffs
Wind Beneath Blade","ADAPt
All For You
Big Brain
Circle of Death
Crack Open That Egg
Cruelty
Empowered By The Faithful
Empyrean Promise
Eureka
FireFox
Grandma's Chili Oil
Hat on a Hat
I'm a Baby Kitty Where is Mama
Marksmage
Ominous Pact
Phenomenal Evil
Protein Shake
Quest: Wooglet's Witchcap
Skilled Sniper
Sonata
Sonic Boom
Trueshot Prodigy
Twin Fire
Upgrade Mikael's Blessing
Upgrade Zhonya's
Void Rift
Witchful Thinking"
Cassiopeia,"Adamant
ADAPt
Big Brain
Circle of Death
Cruelty
Eureka
Executioner
FireFox
From Beginning To End
Giant Slayer
Glass Cannon
Grandma's Chili Oil
Hat on a Hat
Ice Cold
Infernal Conduit
It's Killing Time
Jeweled Gauntlet
Keystone Conjurer
Magic Missile
Marksmage
Mind to Matter
Ominous Pact
Overflow
Phenomenal Evil
Poro Blaster
Quest: Wooglet's Witchcap
Rabble Rousing
Speed Demon
Spiritual Purification
Thread the Needle
Upgrade Zhonya's
Vampirism
Void Rift
Weighted Popoffs
Witchful Thinking","All For You
Blunt Force
Crack Open That Egg
Critical Rhythm
Dashing
Demon's Dance
Draw Your Sword
Dual Wield
Earthwake
Empowered By The Faithful
Empyrean Promise
escAPADe
Fan The Hammer
Flashbang
Gash
I'm a Baby Kitty Where is Mama
Lightning Strikes
Nightstalking
Outlaw's Grit
Prom Queen
Protein Shake
Quest: Icathia's Fall
ReEnergize
Shadow Runner
Shrink Ray
Slow And Steady
Sonata
Sonic Boom
Stuck In Here With Me
Swift and Safe
The Brutalizer
Twice Thrice
Typhoon
Upgrade Collector
Upgrade Hubris
Upgrade Immolate
Upgrade Infinity Edge
Upgrade Mikael's Blessing
Upgrade Sheen
Upgrade Thornmail
Wind Beneath Blade"
Chogath,"Adamant
ADAPt
Big Brain
Celestial Body
Courage of the Colossus
Critical Healing
Cruelty
Dropkick
Erosion
Eureka
Executioner
Final Form
FireFox
From Beginning To End
Frost Wraith
Gash
Giant Slayer
Glass Cannon
Goliath
Grandma's Chili Oil
Guilty Pleasure
Hat on a Hat
Heavy Hitter
Ice Cold
Impassable
Infernal Conduit
It's Killing Time
Jeweled Gauntlet
Keystone Conjurer
King Me
Laser Heal
Magic Missile
Marksmage
Mind to Matter
Mountain Soul
Ominous Pact
Overflow
Perseverance
Phenomenal Evil
Poro Blaster
Prom Queen
Quest: Icathia's Fall
Quest: Steel Your Heart
Quest: Wooglet's Witchcap
Rabble Rousing
Self Destruct
Slap Around
Slow Cooker
Soul Eater
Speed Demon
Spiritual Purification
Tank Engine
Thread the Needle
Tormentor
Upgrade Immolate
Upgrade Thornmail
Upgrade Zhonya's
Vampirism
Void Rift
Weighted Popoffs
Witchful Thinking","All For You
Blunt Force
Crack Open That Egg
Critical Missile
Critical Rhythm
Dashing
Draw Your Sword
Dual Wield
Earthwake
Empowered By The Faithful
Empyrean Promise
escAPADe
Fan The Hammer
First-Aid Kit
Flashbang
Holy Fire
I'm a Baby Kitty Where is Mama
Lightning Strikes
Nightstalking
Outlaw's Grit
ReEnergize
Shadow Runner
Shrink Ray
Skilled Sniper
Slow And Steady
Swift and Safe
The Brutalizer
Twice Thrice
Typhoon
Upgrade Collector
Upgrade Hubris
Upgrade Infinity Edge
Upgrade Mikael's Blessing
Upgrade Sheen
Wind Beneath Blade"
Corki,"Blade Waltz
Cerberus
Crit 'n Cast
Critical Healing
Critical Missile
Critical Rhythm
Deft
Double Tap
Draw Your Sword
Dual Wield
escAPADe
Executioner
Fan The Hammer
Firebrand
Flashbang
From Beginning To End
Get Excited!
Giant Slayer
Glass Cannon
Goliath
Goredrink
Infernal Soul
It's Critical
Jeweled Gauntlet
Juiced
King Me
Light 'Em Up!
Lightning Strikes
Master of Duality
Mystic Punch
Nightstalking
Ok Boomerang
Overflow
Poro Blaster
Rabble Rousing
ReEnergize
Scoped Weapons
Scopier Weapons
Scopiest Weapons
Shrink Ray
Skilled Sniper
Slow And Steady
Soul Siphon
Speed Demon
Spiritual Purification
Symphony of War
Tank It Or Leave It
Tap Dancer
The Brutalizer
Thread the Needle
Triggered Inferno
Trueshot Prodigy
Twice Thrice
Twin Fire
Typhoon
Upgrade Collector
Upgrade Hubris
Upgrade Infinity Edge
Upgrade Sheen
Vampirism
Vulnerability
Weighted Popoffs
Wind Beneath Blade
Zealot","Adamant
All For You
Circle of Death
Courage of the Colossus
Crack Open That Egg
Cruelty
Empowered By The Faithful
Empyrean Promise
Final Form
First-Aid Kit
Guilty Pleasure
Holy Fire
I'm a Baby Kitty Where is Mama
Impassable
Mighty Shield
Prom Queen
Protein Shake
Quest: Icathia's Fall
Sonata
Sonic Boom
Soul Eater
Stuck In Here With Me
Tormentor
Upgrade Immolate
Upgrade Mikael's Blessing
Upgrade Thornmail
Windspeaker's Blessing"
Darius,"Adamant
Blade Waltz
Celestial Body
Courage of the Colossus
Critical Healing
Demon's Dance
Dropkick
Erosion
escAPADe
Executioner
Final Form
Frost Wraith
Gash
Get Excited!
Glass Cannon
Goliath
Goredrink
Guilty Pleasure
Heavy Hitter
Holy Fire
Impassable
Infernal Conduit
Infernal Soul
Jeweled Gauntlet
King Me
Laser Heal
Mighty Shield
Mountain Soul
Mystic Punch
Overflow
Perseverance
Poro Blaster
Prom Queen
Quest: Icathia's Fall
Quest: Steel Your Heart
Rabble Rousing
Self Destruct
Slap Around
Slow Cooker
Soul Eater
Speed Demon
Spiritual Purification
Symphony of War
Tank Engine
The Brutalizer
Thread the Needle
Tormentor
Triggered Inferno
Upgrade Hubris
Upgrade Immolate
Upgrade Thornmail
Vampirism
Weighted Popoffs
Windspeaker's Blessing","ADAPt
All For You
Big Brain
Circle of Death
Crack Open That Egg
Critical Missile
Critical Rhythm
Dashing
Draw Your Sword
Earthwake
Empowered By The Faithful
Empyrean Promise
Eureka
FireFox
I'm a Baby Kitty Where is Mama
Marksmage
Nightstalking
Ominous Pact
Outlaw's Grit
Phenomenal Evil
Quest: Wooglet's Witchcap
ReEnergize
Shadow Runner
Skilled Sniper
Swift and Safe
Trueshot Prodigy
Twin Fire
Upgrade Mikael's Blessing
Upgrade Sheen
Upgrade Zhonya's
Void Rift
Witchful Thinking
Zealot"
Diana,"ADAPt
Big Brain
Blade Waltz
Circle of Death
Clown College
Dashing
Earthwake
Eureka
Executioner
Final Form
FireFox
Flashbang
From Beginning To End
Get Excited!
Giant Slayer
Glass Cannon
Goredrink
Grandma's Chili Oil
Hat on a Hat
Ice Cold
Infernal Conduit
It's Killing Time
Jeweled Gauntlet
Keystone Conjurer
Kill Secured
King Me
Magic Missile
Marksmage
Mighty Shield
Mind to Matter
Nightstalking
Ominous Pact
Outlaw's Grit
Overflow
Phenomenal Evil
Poro Blaster
Prom Queen
Quest: Wooglet's Witchcap
Rabble Rousing
Self Destruct
Shadow Runner
Speed Demon
Spiritual Purification
Swift and Safe
Thread the Needle
Upgrade Zhonya's
Vampirism
Void Rift
Weighted Popoffs
Wind Beneath Blade
Witchful Thinking","All For You
Blunt Force
Courage of the Colossus
Crack Open That Egg
Critical Missile
Critical Rhythm
Draw Your Sword
Dual Wield
Empowered By The Faithful
Empyrean Promise
Fan The Hammer
Guilty Pleasure
I'm a Baby Kitty Where is Mama
Impassable
Lightning Strikes
Protein Shake
ReEnergize
Shrink Ray
Skilled Sniper
Slap Around
Slow And Steady
Sonata
Sonic Boom
Soul Eater
The Brutalizer
Tormentor
Twice Thrice
Typhoon
Upgrade Infinity Edge
Upgrade Mikael's Blessing
Upgrade Sheen"
DrMundo,"Celestial Body
Critical Healing
Dropkick
Erosion
Final Form
Frost Wraith
Gash
Goliath
Heavy Hitter
King Me
Laser Heal
Mighty Shield
Mountain Soul
Perseverance
Prom Queen
Quest: Icathia's Fall
Quest: Steel Your Heart
Rabble Rousing
Self Destruct
Slow Cooker
Speed Demon
Tank Engine
Upgrade Immolate
Upgrade Thornmail
Windspeaker's Blessing","ADAPt
All For You
Big Brain
Circle of Death
Crack Open That Egg
Critical Missile
Critical Rhythm
Dashing
Draw Your Sword
Earthwake
Empowered By The Faithful
Empyrean Promise
Eureka
FireFox
Flashbang
I'm a Baby Kitty Where is Mama
Juiced
Marksmage
Master of Duality
Mind to Matter
Nightstalking
Ocean Soul
Ominous Pact
Outlaw's Grit
Overflow
Phenomenal Evil
Quest: Wooglet's Witchcap
ReEnergize
Shadow Runner
Skilled Sniper
Swift and Safe
Twin Fire
Upgrade Mikael's Blessing
Upgrade Sheen
Upgrade Zhonya's
Void Rift
Wind Beneath Blade
Witchful Thinking
Zealot"
Draven,"Blade Waltz
Cerberus
Critical Missile
Critical Rhythm
Deft
Draw Your Sword
Dual Wield
escAPADe
Executioner
Fan The Hammer
Firebrand
Get Excited!
Giant Slayer
Glass Cannon
Goliath
Goredrink
Infernal Soul
Jeweled Gauntlet
King Me
Light 'Em Up!
Lightning Strikes
Mystic Punch
Overflow
Poro Blaster
Rabble Rousing
ReEnergize
Scoped Weapons
Scopier Weapons
Scopiest Weapons
Shrink Ray
Slap Around
Slow And Steady
Speed Demon
Spiritual Purification
Symphony of War
Tap Dancer
The Brutalizer
Thread the Needle
Triggered Inferno
Twice Thrice
Typhoon
Upgrade Collector
Upgrade Hubris
Vampirism
Weighted Popoffs","ADAPt
All For You
Big Brain
Circle of Death
Crack Open That Egg
Cruelty
Dashing
Earthwake
Empowered By The Faithful
Empyrean Promise
Eureka
Final Form
FireFox
First-Aid Kit
Grandma's Chili Oil
Hat on a Hat
Holy Fire
I'm a Baby Kitty Where is Mama
Marksmage
Mighty Shield
Nightstalking
Ominous Pact
Outlaw's Grit
Phenomenal Evil
Prom Queen
Protein Shake
Quest: Icathia's Fall
Quest: Wooglet's Witchcap
Shadow Runner
Sonata
Sonic Boom
Stuck In Here With Me
Swift and Safe
Twin Fire
Upgrade Immolate
Upgrade Mikael's Blessing
Upgrade Thornmail
Upgrade Zhonya's
Void Rift
Windspeaker's Blessing
Witchful Thinking"
Ekko,"Adamant
ADAPt
Big Brain
Blade Waltz
Clown College
Cruelty
Dashing
Earthwake
Eureka
Executioner
Final Form
FireFox
Flashbang
From Beginning To End
Get Excited!
Giant Slayer
Glass Cannon
Goredrink
Grandma's Chili Oil
Hat on a Hat
Ice Cold
Infernal Conduit
It's Killing Time
Jeweled Gauntlet
Keystone Conjurer
Kill Secured
King Me
Magic Missile
Marksmage
Mind to Matter
Nightstalking
Ominous Pact
Outlaw's Grit
Overflow
Phenomenal Evil
Poro Blaster
Prom Queen
Quest: Wooglet's Witchcap
Rabble Rousing
Self Destruct
Shadow Runner
Speed Demon
Spiritual Purification
Swift and Safe
Thread the Needle
Upgrade Zhonya's
Vampirism
Void Rift
Weighted Popoffs
Wind Beneath Blade
Witchful Thinking","All For You
Blunt Force
Crack Open That Egg
Critical Missile
Critical Rhythm
Draw Your Sword
Dual Wield
Empowered By The Faithful
Empyrean Promise
Fan The Hammer
First-Aid Kit
Holy Fire
I'm a Baby Kitty Where is Mama
Lightning Strikes
Protein Shake
ReEnergize
Shrink Ray
Skilled Sniper
Slow And Steady
Sonata
Sonic Boom
The Brutalizer
Trueshot Prodigy
Twice Thrice
Typhoon
Upgrade Infinity Edge
Upgrade Mikael's Blessing
Upgrade Sheen
Windspeaker's Blessing"
Elise,"Adamant
ADAPt
Big Brain
Blade Waltz
Clown College
Cruelty
Dashing
Earthwake
Eureka
Executioner
FireFox
Flashbang
From Beginning To End
Get Excited!
Giant Slayer
Glass Cannon
Goredrink
Grandma's Chili Oil
Hat on a Hat
Ice Cold
Infernal Conduit
Jeweled Gauntlet
Keystone Conjurer
Kill Secured
King Me
Magic Missile
Marksmage
Mind to Matter
Nightstalking
Ominous Pact
Outlaw's Grit
Overflow
Phenomenal Evil
Poro Blaster
Quest: Wooglet's Witchcap
Rabble Rousing
Self Destruct
Shadow Runner
Speed Demon
Spiritual Purification
Swift and Safe
Thread the Needle
Upgrade Zhonya's
Vampirism
Void Rift
Weighted Popoffs
Wind Beneath Blade
Witchful Thinking","All For You
Back To Basics
Blunt Force
Can't Touch This
Crack Open That Egg
Critical Rhythm
Demon's Dance
Draw Your Sword
Dual Wield
Empowered By The Faithful
Empyrean Promise
Fan The Hammer
Fey Magic
First-Aid Kit
Gash
Holy Fire
I'm a Baby Kitty Where is Mama
Lightning Strikes
Protein Shake
Quest: Icathia's Fall
ReEnergize
Shrink Ray
Slow And Steady
Sonata
Sonic Boom
Stuck In Here With Me
The Brutalizer
Twice Thrice
Typhoon
Ultimate Awakening
Ultimate Revolution
Ultimate Unstoppable
Upgrade Immolate
Upgrade Infinity Edge
Upgrade Mikael's Blessing
Upgrade Sheen
Upgrade Thornmail
Windspeaker's Blessing"
Evelynn,"Adamant
ADAPt
Big Brain
Blade Waltz
Clown College
Cruelty
Dashing
Earthwake
Eureka
Executioner
Final Form
FireFox
Flashbang
From Beginning To End
Get Excited!
Giant Slayer
Glass Cannon
Goredrink
Grandma's Chili Oil
Hat on a Hat
Ice Cold
Infernal Conduit
It's Killing Time
Jeweled Gauntlet
Keystone Conjurer
Kill Secured
King Me
Magic Missile
Marksmage
Mind to Matter
Nightstalking
Ominous Pact
Outlaw's Grit
Overflow
Phenomenal Evil
Poro Blaster
Prom Queen
Quest: Wooglet's Witchcap
Rabble Rousing
Self Destruct
Shadow Runner
Speed Demon
Spiritual Purification
Swift and Safe
Thread the Needle
Upgrade Zhonya's
Vampirism
Void Rift
Weighted Popoffs
Wind Beneath Blade
Witchful Thinking","All For You
Blunt Force
Crack Open That Egg
Critical Missile
Critical Rhythm
Draw Your Sword
Dual Wield
Empowered By The Faithful
Empyrean Promise
Fan The Hammer
First-Aid Kit
Holy Fire
I'm a Baby Kitty Where is Mama
Lightning Strikes
Protein Shake
ReEnergize
Shrink Ray
Skilled Sniper
Slow And Steady
Sonata
Sonic Boom
The Brutalizer
Trueshot Prodigy
Twice Thrice
Typhoon
Upgrade Infinity Edge
Upgrade Mikael's Blessing
Upgrade Sheen
Windspeaker's Blessing"
Ezreal,"Cerberus
Critical Missile
Critical Rhythm
Deft
Draw Your Sword
Dual Wield
escAPADe
Fan The Hammer
Firebrand
From Beginning To End
Get Excited!
Giant Slayer
Glass Cannon
Goredrink
Light 'Em Up!
Lightning Strikes
Master of Duality
Mystic Punch
Nightstalking
Ok Boomerang
Poro Blaster
ReEnergize
Scoped Weapons
Scopier Weapons
Scopiest Weapons
Shrink Ray
Skilled Sniper
Slow And Steady
Spiritual Purification
Symphony of War
Tap Dancer
Thread the Needle
Trueshot Prodigy
Twice Thrice
Typhoon
Upgrade Collector
Upgrade Sheen
Vampirism
Zealot","Adamant
All For You
Circle of Death
Courage of the Colossus
Crack Open That Egg
Cruelty
Empowered By The Faithful
Empyrean Promise
Final Form
First-Aid Kit
Guilty Pleasure
Holy Fire
I'm a Baby Kitty Where is Mama
Impassable
Mighty Shield
Prom Queen
Protein Shake
Quest: Icathia's Fall
Slap Around
Sonata
Sonic Boom
Soul Eater
Stuck In Here With Me
Tormentor
Upgrade Immolate
Upgrade Mikael's Blessing
Upgrade Thornmail
Windspeaker's Blessing"
FiddleSticks,"Adamant
ADAPt
Big Brain
Circle of Death
Cruelty
Eureka
Executioner
FireFox
From Beginning To End
Giant Slayer
Glass Cannon
Grandma's Chili Oil
Hat on a Hat
Ice Cold
Infernal Conduit
It's Killing Time
Jeweled Gauntlet
Keystone Conjurer
Magic Missile
Marksmage
Mind to Matter
Ominous Pact
Overflow
Phenomenal Evil
Poro Blaster
Quest: Wooglet's Witchcap
Rabble Rousing
Speed Demon
Spiritual Purification
Thread the Needle
Upgrade Zhonya's
Vampirism
Void Rift
Weighted Popoffs
Witchful Thinking","All For You
Blunt Force
Crack Open That Egg
Critical Rhythm
Demon's Dance
Draw Your Sword
Dual Wield
Empowered By The Faithful
Empyrean Promise
escAPADe
Fan The Hammer
Gash
I'm a Baby Kitty Where is Mama
Lightning Strikes
Prom Queen
Protein Shake
Quest: Icathia's Fall
ReEnergize
Shrink Ray
Slow And Steady
Sonata
Sonic Boom
Stuck In Here With Me
The Brutalizer
Twice Thrice
Typhoon
Upgrade Collector
Upgrade Hubris
Upgrade Immolate
Upgrade Infinity Edge
Upgrade Mikael's Blessing
Upgrade Sheen
Upgrade Thornmail"
Fiora,"Blade Waltz
Cerberus
Clown College
Dashing
Deft
Demon's Dance
Dual Wield
Earthwake
escAPADe
Executioner
Fan The Hammer
Final Form
Firebrand
Flashbang
Gash
Get Excited!
Giant Slayer
Glass Cannon
Goliath
Goredrink
Infernal Soul
It's Killing Time
Jeweled Gauntlet
Kill Secured
King Me
Light 'Em Up!
Lightning Strikes
Mighty Shield
Mystic Punch
Nightstalking
Outlaw's Grit
Overflow
Poro Blaster
Prom Queen
Rabble Rousing
Scoped Weapons
Scopier Weapons
Scopiest Weapons
Self Destruct
Shadow Runner
Shrink Ray
Slow And Steady
Speed Demon
Spiritual Purification
Swift and Safe
Symphony of War
Tap Dancer
The Brutalizer
Thread the Needle
Triggered Inferno
Twice Thrice
Typhoon
Upgrade Collector
Upgrade Hubris
Vampirism
Weighted Popoffs
Wind Beneath Blade","Adamant
All For You
Big Brain
Circle of Death
Courage of the Colossus
Crack Open That Egg
Cruelty
Empowered By The Faithful
Empyrean Promise
Eureka
FireFox
Grandma's Chili Oil
Guilty Pleasure
Hat on a Hat
I'm a Baby Kitty Where is Mama
Impassable
Marksmage
Ominous Pact
Phenomenal Evil
Protein Shake
Quest: Wooglet's Witchcap
Skilled Sniper
Sonata
Sonic Boom
Soul Eater
Tormentor
Trueshot Prodigy
Twin Fire
Upgrade Mikael's Blessing
Upgrade Zhonya's
Void Rift
Witchful Thinking"
Fizz,"ADAPt
Big Brain
Blade Waltz
Clown College
Dashing
Earthwake
escAPADe
Eureka
Executioner
Final Form
FireFox
Flashbang
From Beginning To End
Get Excited!
Giant Slayer
Glass Cannon
Goredrink
Grandma's Chili Oil
Hat on a Hat
Ice Cold
Infernal Conduit
It's Killing Time
Jeweled Gauntlet
Keystone Conjurer
Kill Secured
King Me
Magic Missile
Marksmage
Master of Duality
Mind to Matter
Nightstalking
Ominous Pact
Outlaw's Grit
Overflow
Phenomenal Evil
Poro Blaster
Prom Queen
Quest: Wooglet's Witchcap
Rabble Rousing
Self Destruct
Shadow Runner
Speed Demon
Spiritual Purification
Swift and Safe
Thread the Needle
Upgrade Collector
Upgrade Hubris
Upgrade Zhonya's
Vampirism
Void Rift
Weighted Popoffs
Wind Beneath Blade
Witchful Thinking","All For You
Courage of the Colossus
Crack Open That Egg
Critical Missile
Critical Rhythm
Draw Your Sword
Empowered By The Faithful
Empyrean Promise
First-Aid Kit
Guilty Pleasure
Holy Fire
I'm a Baby Kitty Where is Mama
Impassable
Protein Shake
ReEnergize
Skilled Sniper
Slap Around
Sonata
Sonic Boom
Soul Eater
Tormentor
Trueshot Prodigy
Upgrade Mikael's Blessing
Windspeaker's Blessing"
Galio,"Adamant
ADAPt
Big Brain
Celestial Body
Courage of the Colossus
Critical Healing
Cruelty
Dropkick
Erosion
Eureka
Executioner
Final Form
FireFox
From Beginning To End
Frost Wraith
Gash
Giant Slayer
Glass Cannon
Goliath
Grandma's Chili Oil
Guilty Pleasure
Hat on a Hat
Heavy Hitter
Ice Cold
Impassable
Infernal Conduit
It's Killing Time
Jeweled Gauntlet
Keystone Conjurer
King Me
Laser Heal
Magic Missile
Marksmage
Mind to Matter
Mountain Soul
Ominous Pact
Overflow
Perseverance
Phenomenal Evil
Poro Blaster
Prom Queen
Quest: Icathia's Fall
Quest: Steel Your Heart
Quest: Wooglet's Witchcap
Rabble Rousing
Self Destruct
Slap Around
Slow Cooker
Soul Eater
Speed Demon
Spiritual Purification
Tank Engine
Thread the Needle
Tormentor
Upgrade Immolate
Upgrade Thornmail
Upgrade Zhonya's
Vampirism
Void Rift
Weighted Popoffs
Witchful Thinking","All For You
Blunt Force
Crack Open That Egg
Critical Missile
Critical Rhythm
Draw Your Sword
Dual Wield
Empowered By The Faithful
Empyrean Promise
escAPADe
Fan The Hammer
First-Aid Kit
Holy Fire
I'm a Baby Kitty Where is Mama
Lightning Strikes
ReEnergize
Shrink Ray
Skilled Sniper
Slow And Steady
The Brutalizer
Twice Thrice
Typhoon
Upgrade Collector
Upgrade Hubris
Upgrade Infinity Edge
Upgrade Mikael's Blessing
Upgrade Sheen"
Gangplank,"Blade Waltz
Demon's Dance
escAPADe
Executioner
From Beginning To End
Get Excited!
Giant Slayer
Glass Cannon
Goliath
Goredrink
Infernal Soul
Jeweled Gauntlet
King Me
Master of Duality
Mystic Punch
Ok Boomerang
Overflow
Poro Blaster
Rabble Rousing
Speed Demon
Spiritual Purification
Symphony of War
The Brutalizer
Thread the Needle
Triggered Inferno
Trueshot Prodigy
Upgrade Hubris
Vampirism
Weighted Popoffs","Adamant
All For You
Circle of Death
Courage of the Colossus
Crack Open That Egg
Critical Missile
Critical Rhythm
Cruelty
Dashing
Draw Your Sword
Earthwake
Empowered By The Faithful
Empyrean Promise
First-Aid Kit
Guilty Pleasure
Holy Fire
I'm a Baby Kitty Where is Mama
Impassable
Mighty Shield
Outlaw's Grit
Protein Shake
ReEnergize
Shadow Runner
Sonata
Sonic Boom
Soul Eater
Swift and Safe
Tormentor
Upgrade Mikael's Blessing
Windspeaker's Blessing"
Garen,"Blade Waltz
Celestial Body
Cerberus
Critical Healing
Deft
Demon's Dance
Dropkick
Dual Wield
Erosion
escAPADe
Executioner
Fan The Hammer
Final Form
Firebrand
Frost Wraith
Gash
Get Excited!
Giant Slayer
Glass Cannon
Goliath
Goredrink
Heavy Hitter
Infernal Soul
Jeweled Gauntlet
King Me
Laser Heal
Light 'Em Up!
Lightning Strikes
Mountain Soul
Mystic Punch
Perseverance
Poro Blaster
Prom Queen
Quest: Icathia's Fall
Quest: Steel Your Heart
Rabble Rousing
Scoped Weapons
Scopier Weapons
Scopiest Weapons
Self Destruct
Shrink Ray
Slow And Steady
Slow Cooker
Speed Demon
Spiritual Purification
Symphony of War
Tank Engine
Tap Dancer
The Brutalizer
Thread the Needle
Triggered Inferno
Twice Thrice
Typhoon
Upgrade Collector
Upgrade Hubris
Upgrade Immolate
Upgrade Thornmail
Vampirism
Weighted Popoffs","ADAPt
All For You
Big Brain
Circle of Death
Crack Open That Egg
Dashing
Earthwake
Empowered By The Faithful
Empyrean Promise
Eureka
FireFox
First-Aid Kit
Holy Fire
I'm a Baby Kitty Where is Mama
Juiced
Marksmage
Mind to Matter
Nightstalking
Ocean Soul
Ominous Pact
Outlaw's Grit
Phenomenal Evil
Quest: Wooglet's Witchcap
Shadow Runner
Skilled Sniper
Swift and Safe
Trueshot Prodigy
Twin Fire
Upgrade Mikael's Blessing
Upgrade Zhonya's
Void Rift
Witchful Thinking"
Gnar,"Adamant
Blade Waltz
Celestial Body
Cerberus
Courage of the Colossus
Critical Healing
Critical Missile
Critical Rhythm
Cruelty
Deft
Draw Your Sword
Dropkick
Dual Wield
Erosion
escAPADe
Executioner
Fan The Hammer
Firebrand
Flashbang
Frost Wraith
Get Excited!
Giant Slayer
Glass Cannon
Goliath
Goredrink
Grandma's Chili Oil
Guilty Pleasure
Hat on a Hat
Heavy Hitter
Impassable
Infernal Soul
Jeweled Gauntlet
King Me
Laser Heal
Light 'Em Up!
Lightning Strikes
Master of Duality
Mountain Soul
Mystic Punch
Perseverance
Poro Blaster
Quest: Steel Your Heart
Rabble Rousing
ReEnergize
Scoped Weapons
Scopier Weapons
Scopiest Weapons
Self Destruct
Shrink Ray
Slap Around
Slow And Steady
Slow Cooker
Soul Eater
Speed Demon
Spiritual Purification
Symphony of War
Tank Engine
Tap Dancer
The Brutalizer
Thread the Needle
Tormentor
Triggered Inferno
Twice Thrice
Typhoon
Upgrade Collector
Upgrade Hubris
Upgrade Sheen
Vampirism
Weighted Popoffs
Wind Beneath Blade
Zealot","All For You
Circle of Death
Crack Open That Egg
Empowered By The Faithful
Empyrean Promise
First-Aid Kit
Holy Fire
I'm a Baby Kitty Where is Mama
Juiced
Mind to Matter
Ocean Soul
Stuck In Here With Me
Upgrade Mikael's Blessing"
Gragas,"Adamant
ADAPt
Big Brain
Celestial Body
Circle of Death
Courage of the Colossus
Critical Healing
Cruelty
Dropkick
Erosion
Eureka
Executioner
Final Form
FireFox
From Beginning To End
Frost Wraith
Gash
Giant Slayer
Glass Cannon
Goliath
Grandma's Chili Oil
Guilty Pleasure
Hat on a Hat
Heavy Hitter
Ice Cold
Impassable
Infernal Conduit
It's Killing Time
Jeweled Gauntlet
Keystone Conjurer
King Me
Laser Heal
Magic Missile
Marksmage
Mighty Shield
Mind to Matter
Mountain Soul
Ominous Pact
Overflow
Perseverance
Phenomenal Evil
Poro Blaster
Prom Queen
Quest: Icathia's Fall
Quest: Steel Your Heart
Quest: Wooglet's Witchcap
Rabble Rousing
Self Destruct
Slap Around
Slow Cooker
Soul Eater
Speed Demon
Spiritual Purification
Tank Engine
Thread the Needle
Tormentor
Upgrade Immolate
Upgrade Thornmail
Upgrade Zhonya's
Vampirism
Void Rift
Weighted Popoffs
Windspeaker's Blessing
Witchful Thinking","All For You
Blunt Force
Crack Open That Egg
Critical Missile
Critical Rhythm
Draw Your Sword
Dual Wield
Empowered By The Faithful
Empyrean Promise
escAPADe
Fan The Hammer
I'm a Baby Kitty Where is Mama
Lightning Strikes
ReEnergize
Shrink Ray
Skilled Sniper
Slow And Steady
The Brutalizer
Twice Thrice
Typhoon
Upgrade Collector
Upgrade Hubris
Upgrade Infinity Edge
Upgrade Mikael's Blessing
Upgrade Sheen"
Graves,"Blade Waltz
Cerberus
Clown College
Critical Missile
Critical Rhythm
Dashing
Deft
Draw Your Sword
Dual Wield
Earthwake
escAPADe
Executioner
Fan The Hammer
Firebrand
Flashbang
Get Excited!
Giant Slayer
Glass Cannon
Goliath
Goredrink
Infernal Soul
It's Killing Time
Jeweled Gauntlet
Kill Secured
King Me
Light 'Em Up!
Lightning Strikes
Mystic Punch
Nightstalking
Outlaw's Grit
Overflow
Poro Blaster
Rabble Rousing
ReEnergize
Scoped Weapons
Scopier Weapons
Scopiest Weapons
Self Destruct
Shadow Runner
Shrink Ray
Slow And Steady
Speed Demon
Spiritual Purification
Swift and Safe
Symphony of War
Tap Dancer
The Brutalizer
Thread the Needle
Triggered Inferno
Twice Thrice
Typhoon
Upgrade Collector
Upgrade Hubris
Vampirism
Weighted Popoffs
Wind Beneath Blade","Adamant
All For You
Big Brain
Circle of Death
Courage of the Colossus
Crack Open That Egg
Cruelty
Empowered By The Faithful
Empyrean Promise
Eureka
FireFox
First-Aid Kit
Grandma's Chili Oil
Guilty Pleasure
Hat on a Hat
Holy Fire
I'm a Baby Kitty Where is Mama
Impassable
Marksmage
Ominous Pact
Phenomenal Evil
Protein Shake
Quest: Icathia's Fall
Quest: Wooglet's Witchcap
Sonata
Sonic Boom
Soul Eater
Stuck In Here With Me
Tormentor
Twin Fire
Upgrade Immolate
Upgrade Mikael's Blessing
Upgrade Thornmail
Upgrade Zhonya's
Void Rift
Windspeaker's Blessing
Witchful Thinking"
Gwen,"ADAPt
Big Brain
Blade Waltz
Cerberus
Circle of Death
Clown College
Dashing
Deft
Demon's Dance
Earthwake
Eureka
Executioner
Final Form
Firebrand
FireFox
Flashbang
From Beginning To End
Gash
Get Excited!
Giant Slayer
Glass Cannon
Goredrink
Grandma's Chili Oil
Hat on a Hat
Ice Cold
Infernal Conduit
It's Killing Time
Jeweled Gauntlet
Keystone Conjurer
Kill Secured
King Me
Light 'Em Up!
Magic Missile
Marksmage
Mighty Shield
Mind to Matter
Mystic Punch
Nightstalking
Ominous Pact
Outlaw's Grit
Overflow
Phenomenal Evil
Poro Blaster
Prom Queen
Quest: Wooglet's Witchcap
Rabble Rousing
Scoped Weapons
Scopier Weapons
Scopiest Weapons
Self Destruct
Shadow Runner
Speed Demon
Spiritual Purification
Swift and Safe
Symphony of War
Tap Dancer
Thread the Needle
Upgrade Zhonya's
Vampirism
Void Rift
Weighted Popoffs
Wind Beneath Blade
Witchful Thinking
Zealot","All For You
Blunt Force
Courage of the Colossus
Crack Open That Egg
Empowered By The Faithful
Empyrean Promise
Guilty Pleasure
I'm a Baby Kitty Where is Mama
Impassable
Protein Shake
Skilled Sniper
Slap Around
Sonata
Sonic Boom
Soul Eater
The Brutalizer
Tormentor
Trueshot Prodigy
Upgrade Infinity Edge
Upgrade Mikael's Blessing"
Hecarim,"Adamant
Blade Waltz
Celestial Body
Courage of the Colossus
Critical Healing
Demon's Dance
Dropkick
Erosion
escAPADe
Executioner
Final Form
Flashbang
Frost Wraith
Gash
Get Excited!
Glass Cannon
Goliath
Goredrink
Guilty Pleasure
Heavy Hitter
Impassable
Infernal Soul
Jeweled Gauntlet
King Me
Laser Heal
Mighty Shield
Mountain Soul
Mystic Punch
Overflow
Perseverance
Poro Blaster
Prom Queen
Quest: Icathia's Fall
Quest: Steel Your Heart
Rabble Rousing
Self Destruct
Slap Around
Slow Cooker
Soul Eater
Speed Demon
Spiritual Purification
Symphony of War
Tank Engine
The Brutalizer
Thread the Needle
Tormentor
Triggered Inferno
Upgrade Hubris
Upgrade Immolate
Upgrade Thornmail
Vampirism
Weighted Popoffs
Wind Beneath Blade
Windspeaker's Blessing","ADAPt
All For You
Big Brain
Circle of Death
Crack Open That Egg
Critical Missile
Critical Rhythm
Draw Your Sword
Empowered By The Faithful
Empyrean Promise
Eureka
FireFox
I'm a Baby Kitty Where is Mama
Marksmage
Ominous Pact
Phenomenal Evil
Quest: Wooglet's Witchcap
ReEnergize
Skilled Sniper
Trueshot Prodigy
Twin Fire
Upgrade Mikael's Blessing
Upgrade Sheen
Upgrade Zhonya's
Void Rift
Witchful Thinking
Zealot"
Heimerdinger,"Adamant
ADAPt
Big Brain
Cruelty
Eureka
Executioner
FireFox
From Beginning To End
Giant Slayer
Glass Cannon
Grandma's Chili Oil
Hat on a Hat
Ice Cold
Infernal Conduit
It's Killing Time
Jeweled Gauntlet
Keystone Conjurer
Magic Missile
Marksmage
Mind to Matter
Ok Boomerang
Ominous Pact
Overflow
Phenomenal Evil
Poro Blaster
Quest: Wooglet's Witchcap
Rabble Rousing
Skilled Sniper
Speed Demon
Spiritual Purification
Thread the Needle
Trueshot Prodigy
Upgrade Zhonya's
Vampirism
Void Rift
Weighted Popoffs
Witchful Thinking","All For You
Blunt Force
Crack Open That Egg
Critical Rhythm
Dashing
Demon's Dance
Draw Your Sword
Dual Wield
Earthwake
Empowered By The Faithful
Empyrean Promise
escAPADe
Fan The Hammer
First-Aid Kit
Flashbang
Gash
Holy Fire
I'm a Baby Kitty Where is Mama
Lightning Strikes
Mighty Shield
Outlaw's Grit
Prom Queen
Protein Shake
Quest: Icathia's Fall
ReEnergize
Shadow Runner
Shrink Ray
Slow And Steady
Sonata
Sonic Boom
Stuck In Here With Me
Swift and Safe
The Brutalizer
Twice Thrice
Typhoon
Upgrade Collector
Upgrade Hubris
Upgrade Immolate
Upgrade Infinity Edge
Upgrade Mikael's Blessing
Upgrade Sheen
Upgrade Thornmail
Wind Beneath Blade
Windspeaker's Blessing"
Hwei,"Adamant
ADAPt
Big Brain
Circle of Death
Cruelty
Eureka
Executioner
FireFox
From Beginning To End
Giant Slayer
Glass Cannon
Grandma's Chili Oil
Hat on a Hat
Ice Cold
Infernal Conduit
It's Killing Time
Jeweled Gauntlet
Keystone Conjurer
Magic Missile
Marksmage
Mind to Matter
Ok Boomerang
Ominous Pact
Overflow
Phenomenal Evil
Poro Blaster
Quest: Wooglet's Witchcap
Rabble Rousing
Skilled Sniper
Speed Demon
Spiritual Purification
Thread the Needle
Trueshot Prodigy
Upgrade Zhonya's
Vampirism
Void Rift
Weighted Popoffs
Witchful Thinking","Blunt Force
Critical Rhythm
Dashing
Demon's Dance
Draw Your Sword
Dual Wield
Earthwake
escAPADe
Fan The Hammer
Flashbang
Gash
Lightning Strikes
Outlaw's Grit
Prom Queen
Quest: Icathia's Fall
ReEnergize
Shadow Runner
Shrink Ray
Slow And Steady
Stuck In Here With Me
Swift and Safe
The Brutalizer
Twice Thrice
Typhoon
Upgrade Collector
Upgrade Hubris
Upgrade Immolate
Upgrade Infinity Edge
Upgrade Sheen
Upgrade Thornmail
Wind Beneath Blade"
Illaoi,"Blade Waltz
Celestial Body
Critical Healing
Demon's Dance
Dropkick
Erosion
escAPADe
Executioner
Final Form
Flashbang
Frost Wraith
Gash
Get Excited!
Glass Cannon
Goliath
Goredrink
Heavy Hitter
Infernal Soul
Jeweled Gauntlet
King Me
Laser Heal
Mighty Shield
Mountain Soul
Mystic Punch
Overflow
Perseverance
Poro Blaster
Prom Queen
Quest: Icathia's Fall
Quest: Steel Your Heart
Rabble Rousing
Self Destruct
Slow Cooker
Speed Demon
Spiritual Purification
Symphony of War
Tank Engine
The Brutalizer
Thread the Needle
Triggered Inferno
Upgrade Hubris
Upgrade Immolate
Upgrade Thornmail
Vampirism
Weighted Popoffs
Wind Beneath Blade
Windspeaker's Blessing","ADAPt
All For You
Big Brain
Circle of Death
Crack Open That Egg
Critical Missile
Critical Rhythm
Draw Your Sword
Empowered By The Faithful
Empyrean Promise
Eureka
FireFox
I'm a Baby Kitty Where is Mama
Marksmage
Ominous Pact
Phenomenal Evil
Quest: Wooglet's Witchcap
ReEnergize
Skilled Sniper
Twin Fire
Upgrade Mikael's Blessing
Upgrade Sheen
Upgrade Zhonya's
Void Rift
Witchful Thinking
Zealot"
Irelia,"ADAPt
Blade Waltz
Cerberus
Clown College
Dashing
Deft
Demon's Dance
Dual Wield
Earthwake
escAPADe
Executioner
Fan The Hammer
Final Form
Firebrand
Flashbang
Gash
Get Excited!
Giant Slayer
Glass Cannon
Goliath
Goredrink
Infernal Soul
It's Killing Time
Jeweled Gauntlet
Kill Secured
King Me
Light 'Em Up!
Lightning Strikes
Master of Duality
Mystic Punch
Nightstalking
Outlaw's Grit
Overflow
Poro Blaster
Prom Queen
Rabble Rousing
Scoped Weapons
Scopier Weapons
Scopiest Weapons
Self Destruct
Shadow Runner
Shrink Ray
Slap Around
Slow And Steady
Speed Demon
Spiritual Purification
Swift and Safe
Symphony of War
Tap Dancer
The Brutalizer
Thread the Needle
Triggered Inferno
Twice Thrice
Typhoon
Upgrade Collector
Upgrade Hubris
Upgrade Sheen
Vampirism
Weighted Popoffs
Wind Beneath Blade
Zealot","All For You
Circle of Death
Crack Open That Egg
Empowered By The Faithful
Empyrean Promise
First-Aid Kit
Holy Fire
I'm a Baby Kitty Where is Mama
Protein Shake
Skilled Sniper
Sonata
Sonic Boom
Trueshot Prodigy
Upgrade Mikael's Blessing
Windspeaker's Blessing"
Ivern,"Adamant
ADAPt
All For You
Big Brain
Celestial Body
Circle of Death
Crack Open That Egg
Critical Healing
Cruelty
Empowered By The Faithful
Empyrean Promise
Eureka
Executioner
Feel the Burn
FireFox
First-Aid Kit
From Beginning To End
Giant Slayer
Glass Cannon
Grandma's Chili Oil
Hat on a Hat
Holy Fire
I'm a Baby Kitty Where is Mama
Ice Cold
Impassable
Infernal Conduit
It's Killing Time
Jeweled Gauntlet
Keystone Conjurer
Laser Heal
Magic Missile
Marksmage
Master of Duality
Mind to Matter
Ominous Pact
Overflow
Perseverance
Phenomenal Evil
Poro Blaster
Protein Shake
Quest: Wooglet's Witchcap
Rabble Rousing
Slap Around
Sonata
Sonic Boom
Speed Demon
Spiritual Purification
Thread the Needle
Upgrade Mikael's Blessing
Upgrade Zhonya's
Vampirism
Void Rift
Weighted Popoffs
Windspeaker's Blessing
Witchful Thinking","Dashing
Demon's Dance
Earthwake
Flashbang
Gash
Nightstalking
Outlaw's Grit
Prom Queen
Quest: Icathia's Fall
Shadow Runner
Stuck In Here With Me
Swift and Safe
Upgrade Immolate
Upgrade Thornmail
Wind Beneath Blade"
Janna,"Adamant
ADAPt
All For You
Big Brain
Celestial Body
Circle of Death
Crack Open That Egg
Critical Healing
Cruelty
Empowered By The Faithful
Empyrean Promise
Eureka
Executioner
Feel the Burn
FireFox
First-Aid Kit
From Beginning To End
Giant Slayer
Glass Cannon
Grandma's Chili Oil
Hat on a Hat
Holy Fire
I'm a Baby Kitty Where is Mama
Ice Cold
Impassable
Infernal Conduit
It's Killing Time
Jeweled Gauntlet
Keystone Conjurer
Laser Heal
Magic Missile
Marksmage
Mind to Matter
Ominous Pact
Overflow
Perseverance
Phenomenal Evil
Poro Blaster
Protein Shake
Quest: Wooglet's Witchcap
Rabble Rousing
Slap Around
Sonata
Sonic Boom
Speed Demon
Spiritual Purification
Thread the Needle
Upgrade Mikael's Blessing
Upgrade Zhonya's
Vampirism
Void Rift
Weighted Popoffs
Windspeaker's Blessing
Witchful Thinking","Blunt Force
Critical Rhythm
Dashing
Demon's Dance
Draw Your Sword
Dual Wield
Earthwake
escAPADe
Fan The Hammer
Flashbang
Gash
Lightning Strikes
Nightstalking
Outlaw's Grit
Prom Queen
Quest: Icathia's Fall
ReEnergize
Shadow Runner
Shrink Ray
Slow And Steady
Stuck In Here With Me
Swift and Safe
The Brutalizer
Twice Thrice
Typhoon
Upgrade Collector
Upgrade Hubris
Upgrade Immolate
Upgrade Infinity Edge
Upgrade Sheen
Upgrade Thornmail
Wind Beneath Blade"
JarvanIV,"Adamant
Blade Waltz
Celestial Body
Courage of the Colossus
Critical Healing
Demon's Dance
Dropkick
Erosion
escAPADe
Executioner
Final Form
Flashbang
Frost Wraith
Gash
Get Excited!
Glass Cannon
Goliath
Goredrink
Guilty Pleasure
Heavy Hitter
Impassable
Infernal Soul
Jeweled Gauntlet
King Me
Laser Heal
Mighty Shield
Mountain Soul
Mystic Punch
Overflow
Perseverance
Poro Blaster
Prom Queen
Quest: Icathia's Fall
Quest: Steel Your Heart
Rabble Rousing
Self Destruct
Slap Around
Slow Cooker
Soul Eater
Speed Demon
Spiritual Purification
Symphony of War
Tank Engine
The Brutalizer
Thread the Needle
Tormentor
Triggered Inferno
Upgrade Hubris
Upgrade Immolate
Upgrade Thornmail
Vampirism
Weighted Popoffs
Wind Beneath Blade
Windspeaker's Blessing","ADAPt
All For You
Big Brain
Circle of Death
Crack Open That Egg
Critical Missile
Critical Rhythm
Draw Your Sword
Empowered By The Faithful
Empyrean Promise
Eureka
FireFox
I'm a Baby Kitty Where is Mama
Marksmage
Ominous Pact
Phenomenal Evil
Quest: Wooglet's Witchcap
ReEnergize
Skilled Sniper
Twin Fire
Upgrade Mikael's Blessing
Upgrade Sheen
Upgrade Zhonya's
Void Rift
Witchful Thinking
Zealot"
Jax,"Blade Waltz
Cerberus
Deft
Demon's Dance
Dual Wield
escAPADe
Executioner
Fan The Hammer
Firebrand
Flashbang
Gash
Get Excited!
Giant Slayer
Glass Cannon
Goliath
Goredrink
Infernal Soul
Jeweled Gauntlet
King Me
Light 'Em Up!
Lightning Strikes
Master of Duality
Mystic Punch
Overflow
Poro Blaster
Rabble Rousing
Scoped Weapons
Scopier Weapons
Scopiest Weapons
Shrink Ray
Slap Around
Slow And Steady
Speed Demon
Spiritual Purification
Symphony of War
Tap Dancer
The Brutalizer
Thread the Needle
Triggered Inferno
Twice Thrice
Typhoon
Upgrade Collector
Upgrade Hubris
Upgrade Sheen
Vampirism
Weighted Popoffs
Wind Beneath Blade
Zealot","All For You
Circle of Death
Crack Open That Egg
Empowered By The Faithful
Empyrean Promise
First-Aid Kit
Holy Fire
I'm a Baby Kitty Where is Mama
Mighty Shield
Protein Shake
Skilled Sniper
Sonata
Sonic Boom
Trueshot Prodigy
Upgrade Mikael's Blessing
Windspeaker's Blessing"
Jayce,"Blade Waltz
Demon's Dance
escAPADe
Executioner
Flashbang
From Beginning To End
Get Excited!
Giant Slayer
Glass Cannon
Goliath
Goredrink
Infernal Soul
Jeweled Gauntlet
King Me
Mystic Punch
Nightstalking
Ok Boomerang
Overflow
Poro Blaster
Rabble Rousing
Skilled Sniper
Slap Around
Speed Demon
Spiritual Purification
Symphony of War
The Brutalizer
Thread the Needle
Triggered Inferno
Trueshot Prodigy
Upgrade Hubris
Vampirism
Weighted Popoffs
Wind Beneath Blade","ADAPt
All For You
Back To Basics
Big Brain
Can't Touch This
Circle of Death
Crack Open That Egg
Cruelty
Empowered By The Faithful
Empyrean Promise
Eureka
Fey Magic
FireFox
First-Aid Kit
Grandma's Chili Oil
Hat on a Hat
Holy Fire
I'm a Baby Kitty Where is Mama
It's Killing Time
Marksmage
Mighty Shield
Ominous Pact
Phenomenal Evil
Protein Shake
Quest: Wooglet's Witchcap
Sonata
Sonic Boom
Twin Fire
Ultimate Awakening
Ultimate Revolution
Ultimate Unstoppable
Upgrade Mikael's Blessing
Upgrade Sheen
Upgrade Zhonya's
Void Rift
Windspeaker's Blessing
Witchful Thinking
Zealot"
Jhin,"Blade Waltz
Cerberus
Critical Missile
Critical Rhythm
Deft
Draw Your Sword
Dual Wield
escAPADe
Executioner
Fan The Hammer
Firebrand
From Beginning To End
Get Excited!
Giant Slayer
Glass Cannon
Goliath
Goredrink
Infernal Soul
Jeweled Gauntlet
King Me
Light 'Em Up!
Lightning Strikes
Master of Duality
Mystic Punch
Ok Boomerang
Overflow
Poro Blaster
Rabble Rousing
ReEnergize
Scoped Weapons
Scopier Weapons
Scopiest Weapons
Shrink Ray
Skilled Sniper
Slap Around
Slow And Steady
Speed Demon
Spiritual Purification
Symphony of War
Tap Dancer
The Brutalizer
Thread the Needle
Triggered Inferno
Trueshot Prodigy
Twice Thrice
Typhoon
Upgrade Collector
Upgrade Hubris
Upgrade Sheen
Vampirism
Weighted Popoffs
Zealot","All For You
Circle of Death
Crack Open That Egg
Dashing
Earthwake
Empowered By The Faithful
Empyrean Promise
Final Form
First-Aid Kit
Holy Fire
I'm a Baby Kitty Where is Mama
Mighty Shield
Outlaw's Grit
Prom Queen
Protein Shake
Quest: Icathia's Fall
Shadow Runner
Sonata
Sonic Boom
Stuck In Here With Me
Swift and Safe
Upgrade Immolate
Upgrade Mikael's Blessing
Upgrade Thornmail
Windspeaker's Blessing"
Jinx,"Cerberus
Critical Missile
Critical Rhythm
Deft
Draw Your Sword
Dual Wield
escAPADe
Fan The Hammer
Firebrand
Get Excited!
Giant Slayer
Glass Cannon
Goredrink
Light 'Em Up!
Lightning Strikes
Mystic Punch
ReEnergize
Scoped Weapons
Scopier Weapons
Scopiest Weapons
Shrink Ray
Slow And Steady
Spiritual Purification
Symphony of War
Tap Dancer
Thread the Needle
Twice Thrice
Typhoon
Upgrade Collector
Vampirism","ADAPt
All For You
Big Brain
Circle of Death
Crack Open That Egg
Cruelty
Dashing
Earthwake
Empowered By The Faithful
Empyrean Promise
Eureka
Final Form
FireFox
First-Aid Kit
Flashbang
Grandma's Chili Oil
Hat on a Hat
Holy Fire
I'm a Baby Kitty Where is Mama
Marksmage
Mighty Shield
Nightstalking
Ominous Pact
Outlaw's Grit
Phenomenal Evil
Prom Queen
Protein Shake
Quest: Icathia's Fall
Quest: Wooglet's Witchcap
Shadow Runner
Sonata
Sonic Boom
Stuck In Here With Me
Swift and Safe
Twin Fire
Upgrade Immolate
Upgrade Mikael's Blessing
Upgrade Thornmail
Upgrade Zhonya's
Void Rift
Wind Beneath Blade
Windspeaker's Blessing
Witchful Thinking"
KSante,"Adamant
Blade Waltz
Celestial Body
Clown College
Courage of the Colossus
Critical Healing
Dashing
Dropkick
Earthwake
Erosion
escAPADe
Executioner
Final Form
Flashbang
Frost Wraith
Gash
Get Excited!
Giant Slayer
Glass Cannon
Goliath
Goredrink
Guilty Pleasure
Heavy Hitter
Impassable
It's Killing Time
Jeweled Gauntlet
Kill Secured
King Me
Laser Heal
Mighty Shield
Mountain Soul
Nightstalking
Outlaw's Grit
Perseverance
Prom Queen
Protein Shake
Quest: Icathia's Fall
Quest: Steel Your Heart
Rabble Rousing
Self Destruct
Shadow Runner
Slap Around
Slow Cooker
Sonata
Sonic Boom
Soul Eater
Speed Demon
Spiritual Purification
Swift and Safe
Tank Engine
Thread the Needle
Tormentor
Upgrade Collector
Upgrade Hubris
Upgrade Immolate
Upgrade Thornmail
Vampirism
Wind Beneath Blade
Windspeaker's Blessing","Big Brain
Circle of Death
Critical Missile
Critical Rhythm
Draw Your Sword
Eureka
FireFox
Marksmage
Master of Duality
Ominous Pact
Phenomenal Evil
Quest: Wooglet's Witchcap
ReEnergize
Skilled Sniper
Trueshot Prodigy
Twin Fire
Upgrade Sheen
Upgrade Zhonya's
Void Rift
Witchful Thinking
Zealot"
Kaisa,"Blade Waltz
Cerberus
Critical Missile
Critical Rhythm
Deft
Draw Your Sword
Dual Wield
escAPADe
Executioner
Fan The Hammer
Firebrand
Get Excited!
Giant Slayer
Glass Cannon
Goliath
Goredrink
Infernal Soul
Jeweled Gauntlet
King Me
Light 'Em Up!
Lightning Strikes
Master of Duality
Mystic Punch
Overflow
Poro Blaster
Rabble Rousing
ReEnergize
Scoped Weapons
Scopier Weapons
Scopiest Weapons
Shrink Ray
Slow And Steady
Speed Demon
Spiritual Purification
Symphony of War
Tap Dancer
The Brutalizer
Thread the Needle
Triggered Inferno
Twice Thrice
Typhoon
Upgrade Collector
Upgrade Hubris
Upgrade Sheen
Vampirism
Weighted Popoffs
Zealot","Adamant
All For You
Circle of Death
Courage of the Colossus
Crack Open That Egg
Cruelty
Dashing
Earthwake
Empowered By The Faithful
Empyrean Promise
Final Form
First-Aid Kit
Guilty Pleasure
Holy Fire
I'm a Baby Kitty Where is Mama
Impassable
Mighty Shield
Nightstalking
Outlaw's Grit
Prom Queen
Protein Shake
Quest: Icathia's Fall
Shadow Runner
Sonata
Sonic Boom
Soul Eater
Stuck In Here With Me
Swift and Safe
Tormentor
Upgrade Immolate
Upgrade Mikael's Blessing
Upgrade Thornmail
Windspeaker's Blessing"
Kalista,"Blade Waltz
Cerberus
Clown College
Critical Missile
Critical Rhythm
Dashing
Deft
Draw Your Sword
Dual Wield
Earthwake
escAPADe
Executioner
Fan The Hammer
Firebrand
Flashbang
Get Excited!
Giant Slayer
Glass Cannon
Goredrink
It's Killing Time
Jeweled Gauntlet
Kill Secured
King Me
Light 'Em Up!
Lightning Strikes
Mystic Punch
Nightstalking
Outlaw's Grit
ReEnergize
Scoped Weapons
Scopier Weapons
Scopiest Weapons
Self Destruct
Shadow Runner
Shrink Ray
Slow And Steady
Spiritual Purification
Swift and Safe
Symphony of War
Tap Dancer
Thread the Needle
Twice Thrice
Typhoon
Upgrade Collector
Upgrade Hubris
Vampirism
Wind Beneath Blade","Adamant
All For You
Big Brain
Circle of Death
Courage of the Colossus
Crack Open That Egg
Cruelty
Empowered By The Faithful
Empyrean Promise
Eureka
FireFox
First-Aid Kit
Grandma's Chili Oil
Guilty Pleasure
Hat on a Hat
Holy Fire
I'm a Baby Kitty Where is Mama
Impassable
Marksmage
Ominous Pact
Phenomenal Evil
Protein Shake
Quest: Icathia's Fall
Quest: Wooglet's Witchcap
Slap Around
Sonata
Sonic Boom
Soul Eater
Stuck In Here With Me
Tormentor
Twin Fire
Upgrade Immolate
Upgrade Mikael's Blessing
Upgrade Thornmail
Upgrade Zhonya's
Void Rift
Windspeaker's Blessing
Witchful Thinking"
Karma,"Adamant
ADAPt
All For You
Big Brain
Celestial Body
Circle of Death
Crack Open That Egg
Critical Healing
Cruelty
Empowered By The Faithful
Empyrean Promise
Eureka
Executioner
Feel the Burn
FireFox
First-Aid Kit
From Beginning To End
Giant Slayer
Glass Cannon
Grandma's Chili Oil
Hat on a Hat
Holy Fire
I'm a Baby Kitty Where is Mama
Ice Cold
Impassable
Infernal Conduit
It's Killing Time
Jeweled Gauntlet
Keystone Conjurer
Laser Heal
Magic Missile
Marksmage
Mind to Matter
Ominous Pact
Overflow
Perseverance
Phenomenal Evil
Poro Blaster
Protein Shake
Quest: Wooglet's Witchcap
Rabble Rousing
Slap Around
Sonata
Sonic Boom
Speed Demon
Spiritual Purification
Thread the Needle
Upgrade Mikael's Blessing
Upgrade Zhonya's
Vampirism
Void Rift
Weighted Popoffs
Windspeaker's Blessing
Witchful Thinking","Blunt Force
Critical Rhythm
Dashing
Demon's Dance
Draw Your Sword
Dual Wield
Earthwake
escAPADe
Fan The Hammer
Flashbang
Gash
Lightning Strikes
Nightstalking
Outlaw's Grit
Prom Queen
Quest: Icathia's Fall
ReEnergize
Shadow Runner
Shrink Ray
Slow And Steady
Stuck In Here With Me
Swift and Safe
The Brutalizer
Twice Thrice
Typhoon
Upgrade Collector
Upgrade Hubris
Upgrade Immolate
Upgrade Infinity Edge
Upgrade Sheen
Upgrade Thornmail
Wind Beneath Blade"
Karthus,"ADAPt
Big Brain
Eureka
Executioner
FireFox
From Beginning To End
Giant Slayer
Glass Cannon
Grandma's Chili Oil
Hat on a Hat
Ice Cold
Infernal Conduit
It's Killing Time
Jeweled Gauntlet
Keystone Conjurer
Magic Missile
Marksmage
Mind to Matter
Ominous Pact
Overflow
Phenomenal Evil
Poro Blaster
Quest: Wooglet's Witchcap
Rabble Rousing
Speed Demon
Spiritual Purification
Thread the Needle
Upgrade Zhonya's
Vampirism
Void Rift
Weighted Popoffs
Witchful Thinking","All For You
Blunt Force
Courage of the Colossus
Crack Open That Egg
Critical Rhythm
Dashing
Demon's Dance
Draw Your Sword
Dual Wield
Earthwake
Empowered By The Faithful
Empyrean Promise
escAPADe
Fan The Hammer
First-Aid Kit
Flashbang
Gash
Guilty Pleasure
Holy Fire
I'm a Baby Kitty Where is Mama
Impassable
Lightning Strikes
Mighty Shield
Nightstalking
Outlaw's Grit
Prom Queen
Protein Shake
Quest: Icathia's Fall
ReEnergize
Shadow Runner
Shrink Ray
Slap Around
Slow And Steady
Sonata
Sonic Boom
Soul Eater
Stuck In Here With Me
Swift and Safe
The Brutalizer
Tormentor
Twice Thrice
Typhoon
Upgrade Collector
Upgrade Hubris
Upgrade Immolate
Upgrade Infinity Edge
Upgrade Mikael's Blessing
Upgrade Sheen
Upgrade Thornmail
Wind Beneath Blade
Windspeaker's Blessing"
Kassadin,"ADAPt
Big Brain
Blade Waltz
Clown College
Dashing
Earthwake
Eureka
Executioner
Final Form
FireFox
Flashbang
From Beginning To End
Get Excited!
Giant Slayer
Glass Cannon
Goredrink
Grandma's Chili Oil
Hat on a Hat
Ice Cold
Infernal Conduit
It's Killing Time
Jeweled Gauntlet
Keystone Conjurer
Kill Secured
King Me
Magic Missile
Marksmage
Mind to Matter
Nightstalking
Ominous Pact
Outlaw's Grit
Overflow
Phenomenal Evil
Poro Blaster
Prom Queen
Quest: Wooglet's Witchcap
Rabble Rousing
Self Destruct
Shadow Runner
Speed Demon
Spiritual Purification
Swift and Safe
Thread the Needle
Upgrade Zhonya's
Vampirism
Void Rift
Weighted Popoffs
Wind Beneath Blade
Witchful Thinking","All For You
Blunt Force
Courage of the Colossus
Crack Open That Egg
Critical Missile
Critical Rhythm
Draw Your Sword
Dual Wield
Empowered By The Faithful
Empyrean Promise
Fan The Hammer
First-Aid Kit
Guilty Pleasure
Holy Fire
I'm a Baby Kitty Where is Mama
Impassable
Lightning Strikes
Protein Shake
ReEnergize
Shrink Ray
Skilled Sniper
Slap Around
Slow And Steady
Sonata
Sonic Boom
Soul Eater
The Brutalizer
Tormentor
Trueshot Prodigy
Twice Thrice
Typhoon
Upgrade Infinity Edge
Upgrade Mikael's Blessing
Upgrade Sheen
Windspeaker's Blessing"
Katarina,"ADAPt
Big Brain
Blade Waltz
Clown College
Dashing
Demon's Dance
Earthwake
escAPADe
Eureka
Executioner
Final Form
FireFox
Flashbang
From Beginning To End
Get Excited!
Giant Slayer
Glass Cannon
Goliath
Goredrink
Grandma's Chili Oil
Hat on a Hat
Ice Cold
Infernal Conduit
Infernal Soul
It's Killing Time
Jeweled Gauntlet
Keystone Conjurer
Kill Secured
King Me
Magic Missile
Marksmage
Master of Duality
Mystic Punch
Nightstalking
Ominous Pact
Outlaw's Grit
Phenomenal Evil
Poro Blaster
Prom Queen
Quest: Wooglet's Witchcap
Rabble Rousing
Self Destruct
Shadow Runner
Speed Demon
Spiritual Purification
Swift and Safe
Symphony of War
The Brutalizer
Thread the Needle
Triggered Inferno
Upgrade Collector
Upgrade Hubris
Upgrade Zhonya's
Vampirism
Void Rift
Weighted Popoffs
Wind Beneath Blade
Witchful Thinking","All For You
Courage of the Colossus
Crack Open That Egg
Critical Missile
Critical Rhythm
Draw Your Sword
Empowered By The Faithful
Empyrean Promise
First-Aid Kit
Guilty Pleasure
Holy Fire
I'm a Baby Kitty Where is Mama
Impassable
Juiced
Ocean Soul
Protein Shake
ReEnergize
Skilled Sniper
Sonata
Sonic Boom
Soul Eater
Tormentor
Trueshot Prodigy
Upgrade Mikael's Blessing
Windspeaker's Blessing"
Kayle,"ADAPt
Big Brain
Cerberus
Circle of Death
Critical Missile
Critical Rhythm
Deft
Demon's Dance
Draw Your Sword
Dual Wield
escAPADe
Eureka
Executioner
Fan The Hammer
Final Form
Firebrand
FireFox
From Beginning To End
Gash
Get Excited!
Giant Slayer
Glass Cannon
Goredrink
Grandma's Chili Oil
Hat on a Hat
Ice Cold
Infernal Conduit
It's Killing Time
Jeweled Gauntlet
Keystone Conjurer
Light 'Em Up!
Lightning Strikes
Magic Missile
Marksmage
Master of Duality
Mind to Matter
Mystic Punch
Ominous Pact
Overflow
Phenomenal Evil
Poro Blaster
Quest: Wooglet's Witchcap
Rabble Rousing
ReEnergize
Scoped Weapons
Scopier Weapons
Scopiest Weapons
Shrink Ray
Slow And Steady
Speed Demon
Spiritual Purification
Symphony of War
Tap Dancer
Thread the Needle
Twice Thrice
Typhoon
Upgrade Collector
Upgrade Sheen
Upgrade Zhonya's
Vampirism
Void Rift
Weighted Popoffs
Witchful Thinking
Zealot","Courage of the Colossus
Dashing
Earthwake
Flashbang
Guilty Pleasure
Impassable
Nightstalking
Outlaw's Grit
Shadow Runner
Slap Around
Soul Eater
Swift and Safe
Tormentor
Wind Beneath Blade"
Kayn,"Blade Waltz
Clown College
Dashing
Demon's Dance
Earthwake
escAPADe
Executioner
Final Form
Flashbang
Get Excited!
Giant Slayer
Glass Cannon
Goliath
Goredrink
Infernal Soul
It's Killing Time
Jeweled Gauntlet
Kill Secured
King Me
Mighty Shield
Mystic Punch
Nightstalking
Outlaw's Grit
Overflow
Poro Blaster
Prom Queen
Rabble Rousing
Self Destruct
Shadow Runner
Slap Around
Speed Demon
Spiritual Purification
Swift and Safe
Symphony of War
The Brutalizer
Thread the Needle
Triggered Inferno
Upgrade Collector
Upgrade Hubris
Vampirism
Weighted Popoffs
Wind Beneath Blade","All For You
Big Brain
Circle of Death
Crack Open That Egg
Critical Missile
Critical Rhythm
Cruelty
Draw Your Sword
Empowered By The Faithful
Empyrean Promise
Eureka
FireFox
Grandma's Chili Oil
Hat on a Hat
I'm a Baby Kitty Where is Mama
Marksmage
Ominous Pact
Phenomenal Evil
Protein Shake
Quest: Wooglet's Witchcap
ReEnergize
Skilled Sniper
Sonata
Sonic Boom
Twin Fire
Upgrade Mikael's Blessing
Upgrade Sheen
Upgrade Zhonya's
Void Rift
Witchful Thinking
Zealot"
Kennen,"Adamant
ADAPt
Big Brain
Cruelty
Eureka
Executioner
FireFox
From Beginning To End
Giant Slayer
Glass Cannon
Grandma's Chili Oil
Hat on a Hat
Ice Cold
Infernal Conduit
It's Killing Time
Jeweled Gauntlet
Keystone Conjurer
Magic Missile
Marksmage
Master of Duality
Ominous Pact
Phenomenal Evil
Poro Blaster
Quest: Wooglet's Witchcap
Rabble Rousing
Speed Demon
Spiritual Purification
Thread the Needle
Upgrade Zhonya's
Vampirism
Void Rift
Weighted Popoffs
Witchful Thinking","All For You
Crack Open That Egg
Dashing
Demon's Dance
Earthwake
Empowered By The Faithful
Empyrean Promise
First-Aid Kit
Flashbang
Gash
Holy Fire
I'm a Baby Kitty Where is Mama
Juiced
Mighty Shield
Nightstalking
Ocean Soul
Outlaw's Grit
Prom Queen
Protein Shake
Quest: Icathia's Fall
Shadow Runner
Sonata
Sonic Boom
Stuck In Here With Me
Swift and Safe
Upgrade Immolate
Upgrade Mikael's Blessing
Upgrade Thornmail
Wind Beneath Blade
Windspeaker's Blessing"
Khazix,"Blade Waltz
Clown College
Dashing
Demon's Dance
Earthwake
escAPADe
Executioner
Final Form
Flashbang
Get Excited!
Giant Slayer
Glass Cannon
Goliath
Goredrink
Infernal Soul
It's Killing Time
Jeweled Gauntlet
Kill Secured
King Me
Mystic Punch
Nightstalking
Outlaw's Grit
Overflow
Poro Blaster
Prom Queen
Rabble Rousing
Self Destruct
Shadow Runner
Speed Demon
Spiritual Purification
Swift and Safe
Symphony of War
The Brutalizer
Thread the Needle
Triggered Inferno
Upgrade Collector
Upgrade Hubris
Vampirism
Weighted Popoffs
Wind Beneath Blade","Adamant
All For You
Big Brain
Circle of Death
Courage of the Colossus
Crack Open That Egg
Critical Missile
Critical Rhythm
Cruelty
Draw Your Sword
Empowered By The Faithful
Empyrean Promise
Eureka
FireFox
First-Aid Kit
Grandma's Chili Oil
Guilty Pleasure
Hat on a Hat
Holy Fire
I'm a Baby Kitty Where is Mama
Impassable
Marksmage
Ominous Pact
Phenomenal Evil
Protein Shake
Quest: Wooglet's Witchcap
ReEnergize
Skilled Sniper
Sonata
Sonic Boom
Soul Eater
Tormentor
Twin Fire
Upgrade Mikael's Blessing
Upgrade Sheen
Upgrade Zhonya's
Void Rift
Windspeaker's Blessing
Witchful Thinking
Zealot"
Kindred,"Blade Waltz
Cerberus
Clown College
Critical Missile
Critical Rhythm
Dashing
Deft
Draw Your Sword
Dual Wield
Earthwake
escAPADe
Executioner
Fan The Hammer
Firebrand
Flashbang
Get Excited!
Giant Slayer
Glass Cannon
Goredrink
It's Killing Time
Jeweled Gauntlet
Kill Secured
King Me
Light 'Em Up!
Lightning Strikes
Mystic Punch
Nightstalking
Outlaw's Grit
ReEnergize
Scoped Weapons
Scopier Weapons
Scopiest Weapons
Self Destruct
Shadow Runner
Shrink Ray
Slow And Steady
Spiritual Purification
Swift and Safe
Symphony of War
Tap Dancer
Thread the Needle
Twice Thrice
Typhoon
Upgrade Collector
Upgrade Hubris
Vampirism
Wind Beneath Blade","Adamant
All For You
Big Brain
Circle of Death
Courage of the Colossus
Crack Open That Egg
Cruelty
Empowered By The Faithful
Empyrean Promise
Eureka
FireFox
First-Aid Kit
Grandma's Chili Oil
Guilty Pleasure
Hat on a Hat
Holy Fire
I'm a Baby Kitty Where is Mama
Impassable
Marksmage
Ominous Pact
Phenomenal Evil
Protein Shake
Quest: Icathia's Fall
Quest: Wooglet's Witchcap
Slap Around
Sonata
Sonic Boom
Soul Eater
Stuck In Here With Me
Tormentor
Twin Fire
Upgrade Immolate
Upgrade Mikael's Blessing
Upgrade Thornmail
Upgrade Zhonya's
Void Rift
Windspeaker's Blessing
Witchful Thinking"
Kled,"Adamant
Blade Waltz
Celestial Body
Cerberus
Clown College
Courage of the Colossus
Critical Healing
Dashing
Deft
Demon's Dance
Dropkick
Dual Wield
Earthwake
Erosion
escAPADe
Executioner
Fan The Hammer
Final Form
Firebrand
Flashbang
Frost Wraith
Gash
Get Excited!
Giant Slayer
Glass Cannon
Goliath
Goredrink
Guilty Pleasure
Heavy Hitter
Impassable
Infernal Soul
It's Killing Time
Jeweled Gauntlet
Kill Secured
King Me
Laser Heal
Light 'Em Up!
Lightning Strikes
Mountain Soul
Mystic Punch
Nightstalking
Outlaw's Grit
Perseverance
Poro Blaster
Prom Queen
Quest: Icathia's Fall
Quest: Steel Your Heart
Rabble Rousing
Scoped Weapons
Scopier Weapons
Scopiest Weapons
Self Destruct
Shadow Runner
Shrink Ray
Slap Around
Slow And Steady
Slow Cooker
Soul Eater
Speed Demon
Spiritual Purification
Swift and Safe
Symphony of War
Tank Engine
Tap Dancer
The Brutalizer
Thread the Needle
Tormentor
Triggered Inferno
Twice Thrice
Typhoon
Upgrade Collector
Upgrade Hubris
Upgrade Immolate
Upgrade Thornmail
Vampirism
Weighted Popoffs
Wind Beneath Blade","All For You
Big Brain
Circle of Death
Crack Open That Egg
Empowered By The Faithful
Empyrean Promise
Eureka
FireFox
First-Aid Kit
Holy Fire
I'm a Baby Kitty Where is Mama
Juiced
Marksmage
Mind to Matter
Ocean Soul
Ominous Pact
Phenomenal Evil
Quest: Wooglet's Witchcap
Skilled Sniper
Trueshot Prodigy
Twin Fire
Upgrade Mikael's Blessing
Upgrade Zhonya's
Void Rift
Witchful Thinking"
KogMaw,"ADAPt
Big Brain
Cerberus
Critical Missile
Critical Rhythm
Deft
Draw Your Sword
Dual Wield
escAPADe
Eureka
Executioner
Fan The Hammer
Firebrand
FireFox
From Beginning To End
Get Excited!
Giant Slayer
Glass Cannon
Goredrink
Grandma's Chili Oil
Hat on a Hat
Ice Cold
Infernal Conduit
It's Killing Time
Jeweled Gauntlet
Keystone Conjurer
Light 'Em Up!
Lightning Strikes
Magic Missile
Marksmage
Master of Duality
Mind to Matter
Mystic Punch
Ok Boomerang
Ominous Pact
Overflow
Phenomenal Evil
Poro Blaster
Quest: Wooglet's Witchcap
Rabble Rousing
ReEnergize
Scoped Weapons
Scopier Weapons
Scopiest Weapons
Shrink Ray
Skilled Sniper
Slow And Steady
Speed Demon
Spiritual Purification
Symphony of War
Tap Dancer
Thread the Needle
Trueshot Prodigy
Twice Thrice
Typhoon
Upgrade Collector
Upgrade Sheen
Upgrade Zhonya's
Vampirism
Void Rift
Weighted Popoffs
Witchful Thinking
Zealot","All For You
Courage of the Colossus
Crack Open That Egg
Dashing
Earthwake
Empowered By The Faithful
Empyrean Promise
First-Aid Kit
Flashbang
Guilty Pleasure
Holy Fire
I'm a Baby Kitty Where is Mama
Impassable
Mighty Shield
Outlaw's Grit
Prom Queen
Protein Shake
Quest: Icathia's Fall
Shadow Runner
Slap Around
Sonata
Sonic Boom
Soul Eater
Stuck In Here With Me
Swift and Safe
Tormentor
Upgrade Immolate
Upgrade Mikael's Blessing
Upgrade Thornmail
Wind Beneath Blade
Windspeaker's Blessing"
LeeSin,"Blade Waltz
Clown College
Dashing
Demon's Dance
Earthwake
escAPADe
Executioner
Final Form
Flashbang
Get Excited!
Giant Slayer
Glass Cannon
Goliath
Goredrink
Infernal Soul
It's Killing Time
Jeweled Gauntlet
Kill Secured
King Me
Mighty Shield
Mystic Punch
Nightstalking
Outlaw's Grit
Poro Blaster
Prom Queen
Rabble Rousing
Self Destruct
Shadow Runner
Speed Demon
Spiritual Purification
Swift and Safe
Symphony of War
The Brutalizer
Thread the Needle
Triggered Inferno
Upgrade Collector
Upgrade Hubris
Vampirism
Weighted Popoffs
Wind Beneath Blade","Adamant
Big Brain
Circle of Death
Courage of the Colossus
Critical Missile
Critical Rhythm
Cruelty
Draw Your Sword
Eureka
FireFox
Grandma's Chili Oil
Guilty Pleasure
Hat on a Hat
Impassable
Juiced
Marksmage
Mind to Matter
Ocean Soul
Ominous Pact
Phenomenal Evil
Quest: Wooglet's Witchcap
ReEnergize
Skilled Sniper
Soul Eater
Tormentor
Trueshot Prodigy
Twin Fire
Upgrade Sheen
Upgrade Zhonya's
Void Rift
Witchful Thinking
Zealot"
Leona,"Adamant
Celestial Body
Courage of the Colossus
Critical Healing
Cruelty
Dropkick
Erosion
Final Form
Frost Wraith
Gash
Goliath
Grandma's Chili Oil
Guilty Pleasure
Hat on a Hat
Heavy Hitter
Impassable
King Me
Laser Heal
Mountain Soul
Perseverance
Prom Queen
Quest: Icathia's Fall
Quest: Steel Your Heart
Rabble Rousing
Self Destruct
Slap Around
Slow Cooker
Soul Eater
Speed Demon
Tank Engine
Tormentor
Upgrade Immolate
Upgrade Thornmail","All For You
Blunt Force
Circle of Death
Crack Open That Egg
Critical Missile
Critical Rhythm
Draw Your Sword
Dual Wield
Empowered By The Faithful
Empyrean Promise
escAPADe
Fan The Hammer
First-Aid Kit
Holy Fire
I'm a Baby Kitty Where is Mama
Lightning Strikes
Master of Duality
ReEnergize
Shrink Ray
Skilled Sniper
Slow And Steady
The Brutalizer
Trueshot Prodigy
Twice Thrice
Typhoon
Upgrade Collector
Upgrade Hubris
Upgrade Infinity Edge
Upgrade Mikael's Blessing
Upgrade Sheen"
Lillia,"ADAPt
Big Brain
Circle of Death
Eureka
Executioner
Final Form
FireFox
From Beginning To End
Giant Slayer
Glass Cannon
Grandma's Chili Oil
Hat on a Hat
Ice Cold
Infernal Conduit
It's Killing Time
Jeweled Gauntlet
Keystone Conjurer
Magic Missile
Marksmage
Mind to Matter
Ominous Pact
Overflow
Phenomenal Evil
Poro Blaster
Quest: Wooglet's Witchcap
Rabble Rousing
Speed Demon
Spiritual Purification
Thread the Needle
Upgrade Zhonya's
Vampirism
Void Rift
Weighted Popoffs
Witchful Thinking","All For You
Blunt Force
Courage of the Colossus
Crack Open That Egg
Critical Missile
Critical Rhythm
Dashing
Draw Your Sword
Dual Wield
Earthwake
Empowered By The Faithful
Empyrean Promise
escAPADe
Fan The Hammer
Flashbang
Guilty Pleasure
I'm a Baby Kitty Where is Mama
Impassable
Lightning Strikes
Nightstalking
Outlaw's Grit
Protein Shake
ReEnergize
Shadow Runner
Shrink Ray
Skilled Sniper
Slap Around
Slow And Steady
Sonata
Sonic Boom
Soul Eater
Swift and Safe
The Brutalizer
Tormentor
Twice Thrice
Typhoon
Upgrade Collector
Upgrade Hubris
Upgrade Infinity Edge
Upgrade Mikael's Blessing
Upgrade Sheen
Wind Beneath Blade"
Lissandra,"Adamant
ADAPt
Big Brain
Cruelty
Eureka
Executioner
FireFox
From Beginning To End
Giant Slayer
Glass Cannon
Grandma's Chili Oil
Hat on a Hat
Ice Cold
Infernal Conduit
It's Killing Time
Jeweled Gauntlet
Keystone Conjurer
Magic Missile
Marksmage
Mind to Matter
Ominous Pact
Overflow
Phenomenal Evil
Poro Blaster
Quest: Wooglet's Witchcap
Rabble Rousing
Speed Demon
Spiritual Purification
Thread the Needle
Upgrade Zhonya's
Vampirism
Void Rift
Weighted Popoffs
Witchful Thinking","All For You
Blunt Force
Crack Open That Egg
Critical Rhythm
Demon's Dance
Draw Your Sword
Dual Wield
Empowered By The Faithful
Empyrean Promise
escAPADe
Fan The Hammer
First-Aid Kit
Gash
Holy Fire
I'm a Baby Kitty Where is Mama
Lightning Strikes
Mighty Shield
Prom Queen
Protein Shake
Quest: Icathia's Fall
ReEnergize
Shrink Ray
Slow And Steady
Sonata
Sonic Boom
Stuck In Here With Me
The Brutalizer
Twice Thrice
Typhoon
Upgrade Collector
Upgrade Hubris
Upgrade Immolate
Upgrade Infinity Edge
Upgrade Mikael's Blessing
Upgrade Sheen
Upgrade Thornmail
Windspeaker's Blessing"
Lucian,"ADAPt
Blade Waltz
Cerberus
Clown College
Critical Missile
Critical Rhythm
Dashing
Deft
Draw Your Sword
Dual Wield
Earthwake
escAPADe
Executioner
Fan The Hammer
Firebrand
Flashbang
Get Excited!
Giant Slayer
Glass Cannon
Goliath
Goredrink
Infernal Soul
It's Killing Time
Jeweled Gauntlet
Kill Secured
King Me
Light 'Em Up!
Lightning Strikes
Master of Duality
Mystic Punch
Nightstalking
Outlaw's Grit
Overflow
Poro Blaster
Rabble Rousing
ReEnergize
Scoped Weapons
Scopier Weapons
Scopiest Weapons
Self Destruct
Shadow Runner
Shrink Ray
Slow And Steady
Speed Demon
Spiritual Purification
Swift and Safe
Symphony of War
Tap Dancer
The Brutalizer
Thread the Needle
Triggered Inferno
Twice Thrice
Typhoon
Upgrade Collector
Upgrade Hubris
Upgrade Sheen
Vampirism
Weighted Popoffs
Wind Beneath Blade
Zealot","Adamant
All For You
Circle of Death
Courage of the Colossus
Crack Open That Egg
Cruelty
Empowered By The Faithful
Empyrean Promise
First-Aid Kit
Guilty Pleasure
Holy Fire
I'm a Baby Kitty Where is Mama
Impassable
Protein Shake
Quest: Icathia's Fall
Sonata
Sonic Boom
Soul Eater
Stuck In Here With Me
Tormentor
Upgrade Immolate
Upgrade Mikael's Blessing
Upgrade Thornmail
Windspeaker's Blessing"
Lulu,"ADAPt
All For You
Big Brain
Celestial Body
Circle of Death
Crack Open That Egg
Critical Healing
Empowered By The Faithful
Empyrean Promise
Eureka
Executioner
Feel the Burn
FireFox
First-Aid Kit
From Beginning To End
Giant Slayer
Glass Cannon
Grandma's Chili Oil
Hat on a Hat
Holy Fire
I'm a Baby Kitty Where is Mama
Ice Cold
Infernal Conduit
It's Killing Time
Jeweled Gauntlet
Keystone Conjurer
Laser Heal
Magic Missile
Marksmage
Mind to Matter
Ominous Pact
Overflow
Perseverance
Phenomenal Evil
Poro Blaster
Protein Shake
Quest: Wooglet's Witchcap
Rabble Rousing
Sonata
Sonic Boom
Speed Demon
Spiritual Purification
Thread the Needle
Upgrade Mikael's Blessing
Upgrade Zhonya's
Vampirism
Void Rift
Weighted Popoffs
Windspeaker's Blessing
Witchful Thinking","Blunt Force
Courage of the Colossus
Critical Rhythm
Dashing
Demon's Dance
Draw Your Sword
Dual Wield
Earthwake
escAPADe
Fan The Hammer
Flashbang
Gash
Guilty Pleasure
Lightning Strikes
Nightstalking
Outlaw's Grit
Prom Queen
Quest: Icathia's Fall
ReEnergize
Shadow Runner
Shrink Ray
Slow And Steady
Soul Eater
Stuck In Here With Me
Swift and Safe
The Brutalizer
Tormentor
Twice Thrice
Typhoon
Upgrade Collector
Upgrade Hubris
Upgrade Immolate
Upgrade Infinity Edge
Upgrade Sheen
Upgrade Thornmail
Wind Beneath Blade"
Lux,"Adamant
ADAPt
Big Brain
Cruelty
Eureka
Executioner
FireFox
From Beginning To End
Giant Slayer
Glass Cannon
Grandma's Chili Oil
Hat on a Hat
Ice Cold
Infernal Conduit
It's Killing Time
Jeweled Gauntlet
Keystone Conjurer
Magic Missile
Marksmage
Mind to Matter
Ok Boomerang
Ominous Pact
Overflow
Phenomenal Evil
Poro Blaster
Quest: Wooglet's Witchcap
Rabble Rousing
Skilled Sniper
Speed Demon
Spiritual Purification
Thread the Needle
Trueshot Prodigy
Upgrade Zhonya's
Vampirism
Void Rift
Weighted Popoffs
Witchful Thinking","Blunt Force
Crack Open That Egg
Critical Rhythm
Dashing
Demon's Dance
Draw Your Sword
Dual Wield
Earthwake
Empyrean Promise
escAPADe
Fan The Hammer
First-Aid Kit
Flashbang
Gash
Holy Fire
I'm a Baby Kitty Where is Mama
Lightning Strikes
Mighty Shield
Outlaw's Grit
Prom Queen
Quest: Icathia's Fall
ReEnergize
Shadow Runner
Shrink Ray
Slow And Steady
Stuck In Here With Me
Swift and Safe
The Brutalizer
Twice Thrice
Typhoon
Upgrade Collector
Upgrade Hubris
Upgrade Immolate
Upgrade Infinity Edge
Upgrade Sheen
Upgrade Thornmail
Wind Beneath Blade
Windspeaker's Blessing"
Malphite,"Adamant
ADAPt
Big Brain
Celestial Body
Courage of the Colossus
Critical Healing
Cruelty
Dropkick
Erosion
Eureka
Executioner
Final Form
FireFox
From Beginning To End
Frost Wraith
Gash
Giant Slayer
Glass Cannon
Goliath
Grandma's Chili Oil
Guilty Pleasure
Hat on a Hat
Heavy Hitter
Ice Cold
Impassable
Infernal Conduit
It's Killing Time
Jeweled Gauntlet
Keystone Conjurer
King Me
Laser Heal
Magic Missile
Marksmage
Mind to Matter
Mountain Soul
Ominous Pact
Overflow
Perseverance
Phenomenal Evil
Poro Blaster
Prom Queen
Quest: Icathia's Fall
Quest: Steel Your Heart
Quest: Wooglet's Witchcap
Rabble Rousing
Self Destruct
Slap Around
Slow Cooker
Soul Eater
Speed Demon
Spiritual Purification
Tank Engine
Thread the Needle
Tormentor
Upgrade Immolate
Upgrade Thornmail
Upgrade Zhonya's
Vampirism
Void Rift
Weighted Popoffs
Witchful Thinking","All For You
Blunt Force
Crack Open That Egg
Critical Missile
Critical Rhythm
Draw Your Sword
Dual Wield
Empowered By The Faithful
Empyrean Promise
escAPADe
Fan The Hammer
First-Aid Kit
Holy Fire
I'm a Baby Kitty Where is Mama
Lightning Strikes
ReEnergize
Shrink Ray
Skilled Sniper
Slow And Steady
The Brutalizer
Twice Thrice
Typhoon
Upgrade Collector
Upgrade Hubris
Upgrade Infinity Edge
Upgrade Mikael's Blessing
Upgrade Sheen"
Malzahar,"ADAPt
Big Brain
Eureka
Executioner
FireFox
From Beginning To End
Giant Slayer
Glass Cannon
Grandma's Chili Oil
Hat on a Hat
Ice Cold
Infernal Conduit
It's Killing Time
Jeweled Gauntlet
Keystone Conjurer
Magic Missile
Marksmage
Master of Duality
Mind to Matter
Ominous Pact
Overflow
Phenomenal Evil
Poro Blaster
Quest: Wooglet's Witchcap
Rabble Rousing
Speed Demon
Spiritual Purification
Thread the Needle
Upgrade Zhonya's
Vampirism
Void Rift
Weighted Popoffs
Witchful Thinking","All For You
Courage of the Colossus
Crack Open That Egg
Dashing
Demon's Dance
Earthwake
Empowered By The Faithful
Empyrean Promise
First-Aid Kit
Flashbang
Gash
Guilty Pleasure
Holy Fire
I'm a Baby Kitty Where is Mama
Impassable
Mighty Shield
Nightstalking
Outlaw's Grit
Prom Queen
Protein Shake
Quest: Icathia's Fall
Shadow Runner
Slap Around
Sonata
Sonic Boom
Soul Eater
Stuck In Here With Me
Swift and Safe
Tormentor
Upgrade Immolate
Upgrade Mikael's Blessing
Upgrade Thornmail
Wind Beneath Blade
Windspeaker's Blessing"
Maokai,"Adamant
ADAPt
Big Brain
Celestial Body
Circle of Death
Courage of the Colossus
Critical Healing
Cruelty
Dropkick
Erosion
Eureka
Executioner
Final Form
FireFox
From Beginning To End
Frost Wraith
Gash
Giant Slayer
Glass Cannon
Goliath
Grandma's Chili Oil
Guilty Pleasure
Hat on a Hat
Heavy Hitter
Ice Cold
Impassable
Infernal Conduit
It's Killing Time
Jeweled Gauntlet
Keystone Conjurer
King Me
Laser Heal
Magic Missile
Marksmage
Mighty Shield
Mind to Matter
Mountain Soul
Nightstalking
Ok Boomerang
Ominous Pact
Overflow
Perseverance
Phenomenal Evil
Poro Blaster
Prom Queen
Quest: Icathia's Fall
Quest: Steel Your Heart
Quest: Wooglet's Witchcap
Rabble Rousing
Self Destruct
Slap Around
Slow Cooker
Soul Eater
Speed Demon
Spiritual Purification
Tank Engine
Thread the Needle
Tormentor
Trueshot Prodigy
Upgrade Immolate
Upgrade Thornmail
Upgrade Zhonya's
Vampirism
Void Rift
Weighted Popoffs
Windspeaker's Blessing
Witchful Thinking","All For You
Blunt Force
Crack Open That Egg
Critical Missile
Critical Rhythm
Draw Your Sword
Dual Wield
Empowered By The Faithful
Empyrean Promise
escAPADe
Fan The Hammer
I'm a Baby Kitty Where is Mama
Lightning Strikes
ReEnergize
Shrink Ray
Slow And Steady
The Brutalizer
Twice Thrice
Typhoon
Upgrade Collector
Upgrade Hubris
Upgrade Infinity Edge
Upgrade Mikael's Blessing
Upgrade Sheen"
MasterYi,"ADAPt
Blade Waltz
Cerberus
Clown College
Dashing
Deft
Demon's Dance
Dual Wield
Earthwake
escAPADe
Executioner
Fan The Hammer
Final Form
Firebrand
Flashbang
Gash
Get Excited!
Giant Slayer
Glass Cannon
Goliath
Goredrink
Infernal Soul
It's Killing Time
Jeweled Gauntlet
Kill Secured
King Me
Light 'Em Up!
Lightning Strikes
Master of Duality
Mighty Shield
Mystic Punch
Nightstalking
Outlaw's Grit
Overflow
Poro Blaster
Prom Queen
Rabble Rousing
Scoped Weapons
Scopier Weapons
Scopiest Weapons
Self Destruct
Shadow Runner
Shrink Ray
Slow And Steady
Speed Demon
Spiritual Purification
Swift and Safe
Symphony of War
Tap Dancer
The Brutalizer
Thread the Needle
Triggered Inferno
Twice Thrice
Typhoon
Upgrade Collector
Upgrade Hubris
Upgrade Sheen
Vampirism
Weighted Popoffs
Wind Beneath Blade
Zealot","Adamant
All For You
Courage of the Colossus
Crack Open That Egg
Cruelty
Empowered By The Faithful
Empyrean Promise
Guilty Pleasure
I'm a Baby Kitty Where is Mama
Impassable
Protein Shake
Skilled Sniper
Sonata
Sonic Boom
Soul Eater
Tormentor
Trueshot Prodigy
Upgrade Mikael's Blessing"
Milio,"Adamant
ADAPt
All For You
Big Brain
Celestial Body
Circle of Death
Crack Open That Egg
Critical Healing
Cruelty
Empowered By The Faithful
Empyrean Promise
Eureka
Executioner
Feel the Burn
FireFox
First-Aid Kit
From Beginning To End
Giant Slayer
Glass Cannon
Grandma's Chili Oil
Hat on a Hat
Holy Fire
I'm a Baby Kitty Where is Mama
Ice Cold
Impassable
Infernal Conduit
It's Killing Time
Jeweled Gauntlet
Keystone Conjurer
Laser Heal
Magic Missile
Marksmage
Mind to Matter
Ominous Pact
Overflow
Perseverance
Phenomenal Evil
Poro Blaster
Protein Shake
Quest: Wooglet's Witchcap
Rabble Rousing
Slap Around
Sonata
Sonic Boom
Speed Demon
Spiritual Purification
Thread the Needle
Upgrade Mikael's Blessing
Upgrade Zhonya's
Vampirism
Void Rift
Weighted Popoffs
Windspeaker's Blessing
Witchful Thinking","Blunt Force
Critical Rhythm
Dashing
Demon's Dance
Draw Your Sword
Dual Wield
Earthwake
escAPADe
Fan The Hammer
Flashbang
Gash
Lightning Strikes
Nightstalking
Outlaw's Grit
Prom Queen
Quest: Icathia's Fall
ReEnergize
Shadow Runner
Shrink Ray
Slow And Steady
Stuck In Here With Me
Swift and Safe
The Brutalizer
Twice Thrice
Typhoon
Upgrade Collector
Upgrade Hubris
Upgrade Immolate
Upgrade Infinity Edge
Upgrade Sheen
Upgrade Thornmail
Wind Beneath Blade"
MissFortune,"ADAPt
Big Brain
Blade Waltz
Cerberus
Critical Missile
Critical Rhythm
Deft
Draw Your Sword
Dual Wield
escAPADe
Eureka
Executioner
Fan The Hammer
Firebrand
FireFox
From Beginning To End
Get Excited!
Giant Slayer
Glass Cannon
Goliath
Goredrink
Grandma's Chili Oil
Hat on a Hat
Ice Cold
Infernal Conduit
Infernal Soul
It's Killing Time
Jeweled Gauntlet
Keystone Conjurer
King Me
Light 'Em Up!
Lightning Strikes
Magic Missile
Marksmage
Master of Duality
Mind to Matter
Mystic Punch
Ok Boomerang
Ominous Pact
Overflow
Phenomenal Evil
Poro Blaster
Quest: Wooglet's Witchcap
Rabble Rousing
ReEnergize
Scoped Weapons
Scopier Weapons
Scopiest Weapons
Shrink Ray
Skilled Sniper
Slow And Steady
Speed Demon
Spiritual Purification
Symphony of War
Tap Dancer
The Brutalizer
Thread the Needle
Triggered Inferno
Trueshot Prodigy
Twice Thrice
Typhoon
Upgrade Collector
Upgrade Hubris
Upgrade Sheen
Upgrade Zhonya's
Vampirism
Void Rift
Weighted Popoffs
Witchful Thinking
Zealot","All For You
Courage of the Colossus
Crack Open That Egg
Dashing
Earthwake
Empowered By The Faithful
Empyrean Promise
First-Aid Kit
Guilty Pleasure
Holy Fire
I'm a Baby Kitty Where is Mama
Impassable
Mighty Shield
Outlaw's Grit
Prom Queen
Protein Shake
Quest: Icathia's Fall
Shadow Runner
Sonata
Sonic Boom
Soul Eater
Stuck In Here With Me
Swift and Safe
Tormentor
Upgrade Immolate
Upgrade Mikael's Blessing
Upgrade Thornmail
Windspeaker's Blessing"
MonkeyKing,"Adamant
Blade Waltz
Celestial Body
Courage of the Colossus
Critical Healing
Demon's Dance
Dropkick
Erosion
escAPADe
Executioner
Final Form
Flashbang
Frost Wraith
Gash
Get Excited!
Glass Cannon
Goliath
Goredrink
Guilty Pleasure
Heavy Hitter
Impassable
Infernal Soul
Jeweled Gauntlet
King Me
Laser Heal
Mountain Soul
Mystic Punch
Overflow
Perseverance
Poro Blaster
Prom Queen
Quest: Icathia's Fall
Quest: Steel Your Heart
Rabble Rousing
Self Destruct
Slap Around
Slow Cooker
Soul Eater
Speed Demon
Spiritual Purification
Symphony of War
Tank Engine
The Brutalizer
Thread the Needle
Tormentor
Triggered Inferno
Upgrade Hubris
Upgrade Immolate
Upgrade Thornmail
Vampirism
Weighted Popoffs
Wind Beneath Blade","ADAPt
All For You
Big Brain
Circle of Death
Crack Open That Egg
Critical Missile
Critical Rhythm
Draw Your Sword
Empowered By The Faithful
Empyrean Promise
Eureka
FireFox
First-Aid Kit
Holy Fire
I'm a Baby Kitty Where is Mama
Marksmage
Ominous Pact
Phenomenal Evil
Quest: Wooglet's Witchcap
ReEnergize
Skilled Sniper
Trueshot Prodigy
Twin Fire
Upgrade Mikael's Blessing
Upgrade Sheen
Upgrade Zhonya's
Void Rift
Witchful Thinking
Zealot"
Mordekaiser,"Adamant
ADAPt
Big Brain
Celestial Body
Circle of Death
Courage of the Colossus
Critical Healing
Cruelty
Dropkick
Erosion
Eureka
Executioner
Final Form
FireFox
From Beginning To End
Frost Wraith
Gash
Giant Slayer
Glass Cannon
Goliath
Grandma's Chili Oil
Guilty Pleasure
Hat on a Hat
Heavy Hitter
Ice Cold
Impassable
Infernal Conduit
It's Killing Time
Jeweled Gauntlet
Keystone Conjurer
King Me
Laser Heal
Magic Missile
Marksmage
Mighty Shield
Mountain Soul
Ominous Pact
Perseverance
Phenomenal Evil
Poro Blaster
Prom Queen
Quest: Icathia's Fall
Quest: Steel Your Heart
Quest: Wooglet's Witchcap
Rabble Rousing
Self Destruct
Slap Around
Slow Cooker
Soul Eater
Speed Demon
Spiritual Purification
Tank Engine
Thread the Needle
Tormentor
Upgrade Immolate
Upgrade Thornmail
Upgrade Zhonya's
Vampirism
Void Rift
Weighted Popoffs
Windspeaker's Blessing
Witchful Thinking","All For You
Blunt Force
Crack Open That Egg
Critical Missile
Critical Rhythm
Dashing
Draw Your Sword
Dual Wield
Earthwake
Empowered By The Faithful
Empyrean Promise
escAPADe
Fan The Hammer
Flashbang
I'm a Baby Kitty Where is Mama
Juiced
Lightning Strikes
Nightstalking
Ocean Soul
Outlaw's Grit
ReEnergize
Shadow Runner
Shrink Ray
Skilled Sniper
Slow And Steady
Swift and Safe
The Brutalizer
Trueshot Prodigy
Twice Thrice
Typhoon
Upgrade Collector
Upgrade Hubris
Upgrade Infinity Edge
Upgrade Mikael's Blessing
Upgrade Sheen
Wind Beneath Blade"
Morgana,"Adamant
ADAPt
All For You
Big Brain
Celestial Body
Circle of Death
Crack Open That Egg
Critical Healing
Cruelty
Empowered By The Faithful
Empyrean Promise
Eureka
Executioner
Feel the Burn
FireFox
First-Aid Kit
From Beginning To End
Giant Slayer
Glass Cannon
Grandma's Chili Oil
Hat on a Hat
Holy Fire
I'm a Baby Kitty Where is Mama
Ice Cold
Impassable
Infernal Conduit
It's Killing Time
Jeweled Gauntlet
Keystone Conjurer
Laser Heal
Magic Missile
Marksmage
Mind to Matter
Ok Boomerang
Ominous Pact
Overflow
Perseverance
Phenomenal Evil
Poro Blaster
Protein Shake
Quest: Wooglet's Witchcap
Rabble Rousing
Skilled Sniper
Slap Around
Sonata
Sonic Boom
Speed Demon
Spiritual Purification
Thread the Needle
Trueshot Prodigy
Upgrade Mikael's Blessing
Upgrade Zhonya's
Vampirism
Void Rift
Weighted Popoffs
Windspeaker's Blessing
Witchful Thinking","Blunt Force
Critical Rhythm
Dashing
Demon's Dance
Draw Your Sword
Dual Wield
Earthwake
escAPADe
Fan The Hammer
Flashbang
Gash
Lightning Strikes
Outlaw's Grit
Prom Queen
Quest: Icathia's Fall
ReEnergize
Shadow Runner
Shrink Ray
Slow And Steady
Stuck In Here With Me
Swift and Safe
The Brutalizer
Twice Thrice
Typhoon
Upgrade Collector
Upgrade Hubris
Upgrade Immolate
Upgrade Infinity Edge
Upgrade Sheen
Upgrade Thornmail
Wind Beneath Blade"
Naafiri,"Blade Waltz
Clown College
Dashing
Demon's Dance
Earthwake
escAPADe
Executioner
Final Form
Flashbang
Get Excited!
Giant Slayer
Glass Cannon
Goliath
Goredrink
Infernal Soul
It's Killing Time
Jeweled Gauntlet
Kill Secured
King Me
Mystic Punch
Nightstalking
Outlaw's Grit
Overflow
Poro Blaster
Prom Queen
Rabble Rousing
Self Destruct
Shadow Runner
Speed Demon
Spiritual Purification
Swift and Safe
Symphony of War
The Brutalizer
Thread the Needle
Triggered Inferno
Upgrade Collector
Upgrade Hubris
Vampirism
Weighted Popoffs
Wind Beneath Blade","Adamant
All For You
Big Brain
Circle of Death
Courage of the Colossus
Crack Open That Egg
Critical Missile
Critical Rhythm
Cruelty
Draw Your Sword
Empowered By The Faithful
Empyrean Promise
Eureka
FireFox
First-Aid Kit
Grandma's Chili Oil
Guilty Pleasure
Hat on a Hat
Holy Fire
I'm a Baby Kitty Where is Mama
Impassable
Marksmage
Ominous Pact
Phenomenal Evil
Protein Shake
Quest: Wooglet's Witchcap
ReEnergize
Skilled Sniper
Sonata
Sonic Boom
Soul Eater
Tormentor
Twin Fire
Upgrade Mikael's Blessing
Upgrade Sheen
Upgrade Zhonya's
Void Rift
Windspeaker's Blessing
Witchful Thinking
Zealot"
Nami,"Adamant
ADAPt
All For You
Big Brain
Celestial Body
Circle of Death
Crack Open That Egg
Critical Healing
Cruelty
Empowered By The Faithful
Empyrean Promise
Eureka
Executioner
Feel the Burn
FireFox
First-Aid Kit
From Beginning To End
Giant Slayer
Glass Cannon
Grandma's Chili Oil
Hat on a Hat
Holy Fire
I'm a Baby Kitty Where is Mama
Ice Cold
Impassable
Infernal Conduit
It's Killing Time
Jeweled Gauntlet
Keystone Conjurer
Laser Heal
Magic Missile
Marksmage
Mind to Matter
Ominous Pact
Overflow
Perseverance
Phenomenal Evil
Poro Blaster
Protein Shake
Quest: Wooglet's Witchcap
Rabble Rousing
Slap Around
Sonata
Sonic Boom
Speed Demon
Spiritual Purification
Thread the Needle
Upgrade Mikael's Blessing
Upgrade Zhonya's
Vampirism
Void Rift
Weighted Popoffs
Windspeaker's Blessing
Witchful Thinking","Blunt Force
Critical Rhythm
Dashing
Demon's Dance
Draw Your Sword
Dual Wield
Earthwake
escAPADe
Fan The Hammer
Flashbang
Gash
Lightning Strikes
Nightstalking
Outlaw's Grit
Prom Queen
Quest: Icathia's Fall
ReEnergize
Shadow Runner
Shrink Ray
Slow And Steady
Stuck In Here With Me
Swift and Safe
The Brutalizer
Twice Thrice
Typhoon
Upgrade Collector
Upgrade Hubris
Upgrade Immolate
Upgrade Infinity Edge
Upgrade Sheen
Upgrade Thornmail
Wind Beneath Blade"
Nasus,"ADAPt
Big Brain
Blade Waltz
Celestial Body
Critical Healing
Demon's Dance
Dropkick
Erosion
escAPADe
Eureka
Executioner
Final Form
FireFox
From Beginning To End
Frost Wraith
Gash
Get Excited!
Giant Slayer
Glass Cannon
Goliath
Goredrink
Grandma's Chili Oil
Hat on a Hat
Heavy Hitter
Ice Cold
Infernal Conduit
Infernal Soul
It's Killing Time
Jeweled Gauntlet
Keystone Conjurer
King Me
Laser Heal
Magic Missile
Marksmage
Master of Duality
Mind to Matter
Mountain Soul
Mystic Punch
Ominous Pact
Overflow
Perseverance
Phenomenal Evil
Poro Blaster
Prom Queen
Quest: Icathia's Fall
Quest: Steel Your Heart
Quest: Wooglet's Witchcap
Rabble Rousing
Self Destruct
Slow Cooker
Speed Demon
Spiritual Purification
Symphony of War
Tank Engine
The Brutalizer
Thread the Needle
Triggered Inferno
Upgrade Hubris
Upgrade Immolate
Upgrade Thornmail
Upgrade Zhonya's
Vampirism
Void Rift
Weighted Popoffs
Witchful Thinking","All For You
Crack Open That Egg
Critical Missile
Critical Rhythm
Dashing
Draw Your Sword
Earthwake
Empowered By The Faithful
Empyrean Promise
First-Aid Kit
Holy Fire
I'm a Baby Kitty Where is Mama
Nightstalking
Outlaw's Grit
ReEnergize
Shadow Runner
Skilled Sniper
Swift and Safe
Upgrade Mikael's Blessing"
Nautilus,"Adamant
ADAPt
Big Brain
Celestial Body
Circle of Death
Courage of the Colossus
Critical Healing
Cruelty
Dropkick
Erosion
Eureka
Executioner
Final Form
FireFox
From Beginning To End
Frost Wraith
Gash
Giant Slayer
Glass Cannon
Goliath
Grandma's Chili Oil
Guilty Pleasure
Hat on a Hat
Heavy Hitter
Ice Cold
Impassable
Infernal Conduit
It's Killing Time
Jeweled Gauntlet
Keystone Conjurer
King Me
Laser Heal
Magic Missile
Marksmage
Mighty Shield
Mind to Matter
Mountain Soul
Ominous Pact
Overflow
Perseverance
Phenomenal Evil
Poro Blaster
Prom Queen
Quest: Icathia's Fall
Quest: Steel Your Heart
Quest: Wooglet's Witchcap
Rabble Rousing
Self Destruct
Slap Around
Slow Cooker
Soul Eater
Speed Demon
Spiritual Purification
Tank Engine
Thread the Needle
Tormentor
Upgrade Immolate
Upgrade Thornmail
Upgrade Zhonya's
Vampirism
Void Rift
Weighted Popoffs
Windspeaker's Blessing
Witchful Thinking","All For You
Blunt Force
Crack Open That Egg
Critical Missile
Critical Rhythm
Draw Your Sword
Dual Wield
Empowered By The Faithful
Empyrean Promise
escAPADe
Fan The Hammer
I'm a Baby Kitty Where is Mama
Lightning Strikes
ReEnergize
Shrink Ray
Skilled Sniper
Slow And Steady
The Brutalizer
Trueshot Prodigy
Twice Thrice
Typhoon
Upgrade Collector
Upgrade Hubris
Upgrade Infinity Edge
Upgrade Mikael's Blessing
Upgrade Sheen"
Neeko,"Adamant
ADAPt
Big Brain
Cerberus
Critical Missile
Critical Rhythm
Cruelty
Deft
Draw Your Sword
Dual Wield
escAPADe
Eureka
Executioner
Fan The Hammer
Firebrand
FireFox
From Beginning To End
Get Excited!
Giant Slayer
Glass Cannon
Goredrink
Grandma's Chili Oil
Hat on a Hat
Ice Cold
Infernal Conduit
It's Killing Time
Jeweled Gauntlet
Keystone Conjurer
Light 'Em Up!
Lightning Strikes
Magic Missile
Marksmage
Master of Duality
Mind to Matter
Mystic Punch
Ominous Pact
Overflow
Phenomenal Evil
Poro Blaster
Quest: Wooglet's Witchcap
Rabble Rousing
ReEnergize
Scoped Weapons
Scopier Weapons
Scopiest Weapons
Shrink Ray
Slow And Steady
Speed Demon
Spiritual Purification
Symphony of War
Tap Dancer
Thread the Needle
Twice Thrice
Typhoon
Upgrade Collector
Upgrade Sheen
Upgrade Zhonya's
Vampirism
Void Rift
Weighted Popoffs
Witchful Thinking
Zealot","All For You
Crack Open That Egg
Dashing
Earthwake
Empowered By The Faithful
Empyrean Promise
First-Aid Kit
Flashbang
Holy Fire
I'm a Baby Kitty Where is Mama
Mighty Shield
Nightstalking
Outlaw's Grit
Prom Queen
Protein Shake
Quest: Icathia's Fall
Shadow Runner
Sonata
Sonic Boom
Stuck In Here With Me
Swift and Safe
Upgrade Immolate
Upgrade Mikael's Blessing
Upgrade Thornmail
Wind Beneath Blade
Windspeaker's Blessing"
Nidalee,"ADAPt
Big Brain
Circle of Death
Eureka
Executioner
Final Form
FireFox
From Beginning To End
Giant Slayer
Glass Cannon
Grandma's Chili Oil
Hat on a Hat
Ice Cold
Infernal Conduit
Jeweled Gauntlet
Keystone Conjurer
Magic Missile
Marksmage
Master of Duality
Mind to Matter
Nightstalking
Ok Boomerang
Ominous Pact
Overflow
Phenomenal Evil
Poro Blaster
Quest: Wooglet's Witchcap
Rabble Rousing
Skilled Sniper
Speed Demon
Spiritual Purification
Thread the Needle
Trueshot Prodigy
Upgrade Zhonya's
Vampirism
Void Rift
Weighted Popoffs
Witchful Thinking","Back To Basics
Can't Touch This
Courage of the Colossus
Fey Magic
Guilty Pleasure
Impassable
Slap Around
Soul Eater
Tormentor
Ultimate Awakening
Ultimate Revolution
Ultimate Unstoppable"
Nilah,"Blade Waltz
Cerberus
Clown College
Dashing
Deft
Demon's Dance
Dual Wield
Earthwake
escAPADe
Executioner
Fan The Hammer
Final Form
Firebrand
Flashbang
Gash
Get Excited!
Giant Slayer
Glass Cannon
Goredrink
It's Killing Time
Jeweled Gauntlet
Kill Secured
King Me
Light 'Em Up!
Lightning Strikes
Mighty Shield
Mystic Punch
Nightstalking
Outlaw's Grit
Prom Queen
Scoped Weapons
Scopier Weapons
Scopiest Weapons
Self Destruct
Shadow Runner
Shrink Ray
Slow And Steady
Spiritual Purification
Swift and Safe
Symphony of War
Tap Dancer
Thread the Needle
Twice Thrice
Typhoon
Upgrade Collector
Upgrade Hubris
Vampirism
Wind Beneath Blade","Adamant
All For You
Big Brain
Circle of Death
Courage of the Colossus
Crack Open That Egg
Cruelty
Empowered By The Faithful
Empyrean Promise
Eureka
FireFox
Grandma's Chili Oil
Guilty Pleasure
Hat on a Hat
I'm a Baby Kitty Where is Mama
Impassable
Marksmage
Ominous Pact
Phenomenal Evil
Protein Shake
Quest: Wooglet's Witchcap
Skilled Sniper
Slap Around
Sonata
Sonic Boom
Soul Eater
Tormentor
Trueshot Prodigy
Twin Fire
Upgrade Mikael's Blessing
Upgrade Zhonya's
Void Rift
Witchful Thinking"
Nocturne,"Blade Waltz
Cerberus
Deft
Demon's Dance
Dual Wield
escAPADe
Executioner
Fan The Hammer
Firebrand
Gash
Get Excited!
Giant Slayer
Glass Cannon
Goliath
Goredrink
Infernal Soul
Jeweled Gauntlet
King Me
Light 'Em Up!
Lightning Strikes
Mystic Punch
Overflow
Poro Blaster
Rabble Rousing
Scoped Weapons
Scopier Weapons
Scopiest Weapons
Shrink Ray
Slap Around
Slow And Steady
Speed Demon
Spiritual Purification
Symphony of War
Tap Dancer
The Brutalizer
Thread the Needle
Triggered Inferno
Twice Thrice
Typhoon
Upgrade Collector
Upgrade Hubris
Vampirism
Weighted Popoffs","ADAPt
All For You
Big Brain
Circle of Death
Crack Open That Egg
Cruelty
Dashing
Earthwake
Empowered By The Faithful
Empyrean Promise
Eureka
FireFox
First-Aid Kit
Grandma's Chili Oil
Hat on a Hat
Holy Fire
I'm a Baby Kitty Where is Mama
Marksmage
Mighty Shield
Nightstalking
Ominous Pact
Outlaw's Grit
Phenomenal Evil
Protein Shake
Quest: Wooglet's Witchcap
Shadow Runner
Skilled Sniper
Sonata
Sonic Boom
Swift and Safe
Twin Fire
Upgrade Mikael's Blessing
Upgrade Zhonya's
Void Rift
Windspeaker's Blessing
Witchful Thinking"
Nunu,"Adamant
ADAPt
Big Brain
Celestial Body
Circle of Death
Courage of the Colossus
Critical Healing
Cruelty
Dropkick
Erosion
Eureka
Executioner
Final Form
FireFox
From Beginning To End
Frost Wraith
Gash
Giant Slayer
Glass Cannon
Goliath
Grandma's Chili Oil
Guilty Pleasure
Hat on a Hat
Heavy Hitter
Ice Cold
Impassable
Infernal Conduit
It's Killing Time
Jeweled Gauntlet
Keystone Conjurer
King Me
Laser Heal
Magic Missile
Marksmage
Mighty Shield
Mind to Matter
Mountain Soul
Ominous Pact
Overflow
Perseverance
Phenomenal Evil
Poro Blaster
Prom Queen
Quest: Icathia's Fall
Quest: Steel Your Heart
Quest: Wooglet's Witchcap
Rabble Rousing
Self Destruct
Slap Around
Slow Cooker
Soul Eater
Speed Demon
Spiritual Purification
Tank Engine
Thread the Needle
Tormentor
Upgrade Immolate
Upgrade Thornmail
Upgrade Zhonya's
Vampirism
Void Rift
Weighted Popoffs
Windspeaker's Blessing
Witchful Thinking","All For You
Blunt Force
Crack Open That Egg
Critical Missile
Critical Rhythm
Dashing
Draw Your Sword
Dual Wield
Earthwake
Empowered By The Faithful
Empyrean Promise
escAPADe
Fan The Hammer
Flashbang
I'm a Baby Kitty Where is Mama
Lightning Strikes
Nightstalking
Outlaw's Grit
ReEnergize
Shadow Runner
Shrink Ray
Skilled Sniper
Slow And Steady
Swift and Safe
The Brutalizer
Trueshot Prodigy
Twice Thrice
Typhoon
Upgrade Collector
Upgrade Hubris
Upgrade Infinity Edge
Upgrade Mikael's Blessing
Upgrade Sheen
Wind Beneath Blade"
Olaf,"Blade Waltz
Celestial Body
Cerberus
Critical Healing
Deft
Demon's Dance
Dropkick
Dual Wield
Erosion
escAPADe
Executioner
Fan The Hammer
Final Form
Firebrand
Frost Wraith
Gash
Get Excited!
Giant Slayer
Glass Cannon
Goliath
Goredrink
Heavy Hitter
Infernal Soul
Jeweled Gauntlet
King Me
Laser Heal
Light 'Em Up!
Lightning Strikes
Mountain Soul
Mystic Punch
Overflow
Perseverance
Poro Blaster
Prom Queen
Quest: Icathia's Fall
Quest: Steel Your Heart
Rabble Rousing
Scoped Weapons
Scopier Weapons
Scopiest Weapons
Self Destruct
Shrink Ray
Slow And Steady
Slow Cooker
Speed Demon
Spiritual Purification
Symphony of War
Tank Engine
Tap Dancer
The Brutalizer
Thread the Needle
Triggered Inferno
Twice Thrice
Typhoon
Upgrade Collector
Upgrade Hubris
Upgrade Immolate
Upgrade Thornmail
Vampirism
Weighted Popoffs","ADAPt
All For You
Big Brain
Circle of Death
Crack Open That Egg
Dashing
Earthwake
Empowered By The Faithful
Empyrean Promise
Eureka
FireFox
First-Aid Kit
Holy Fire
I'm a Baby Kitty Where is Mama
Marksmage
Nightstalking
Ominous Pact
Outlaw's Grit
Phenomenal Evil
Quest: Wooglet's Witchcap
Shadow Runner
Skilled Sniper
Swift and Safe
Twin Fire
Upgrade Mikael's Blessing
Upgrade Zhonya's
Void Rift
Witchful Thinking"
Orianna,"ADAPt
Big Brain
Circle of Death
Eureka
Executioner
FireFox
From Beginning To End
Giant Slayer
Glass Cannon
Grandma's Chili Oil
Hat on a Hat
Ice Cold
Infernal Conduit
It's Killing Time
Jeweled Gauntlet
Keystone Conjurer
Magic Missile
Marksmage
Mind to Matter
Ominous Pact
Overflow
Phenomenal Evil
Poro Blaster
Quest: Wooglet's Witchcap
Rabble Rousing
Speed Demon
Spiritual Purification
Thread the Needle
Upgrade Zhonya's
Vampirism
Void Rift
Weighted Popoffs
Witchful Thinking","Blunt Force
Courage of the Colossus
Critical Rhythm
Dashing
Demon's Dance
Draw Your Sword
Dual Wield
Earthwake
escAPADe
Fan The Hammer
Flashbang
Gash
Guilty Pleasure
Impassable
Lightning Strikes
Nightstalking
Outlaw's Grit
Prom Queen
Quest: Icathia's Fall
ReEnergize
Shadow Runner
Shrink Ray
Slap Around
Slow And Steady
Soul Eater
Stuck In Here With Me
Swift and Safe
The Brutalizer
Tormentor
Twice Thrice
Typhoon
Upgrade Collector
Upgrade Hubris
Upgrade Immolate
Upgrade Infinity Edge
Upgrade Sheen
Upgrade Thornmail
Wind Beneath Blade"
Ornn,"Adamant
Celestial Body
Courage of the Colossus
Critical Healing
Cruelty
Dropkick
Erosion
Final Form
Frost Wraith
Gash
Goliath
Grandma's Chili Oil
Guilty Pleasure
Hat on a Hat
Heavy Hitter
Impassable
King Me
Laser Heal
Mountain Soul
Perseverance
Prom Queen
Quest: Icathia's Fall
Quest: Steel Your Heart
Rabble Rousing
Self Destruct
Slap Around
Slow Cooker
Soul Eater
Speed Demon
Tank Engine
Tormentor
Upgrade Immolate
Upgrade Thornmail","All For You
Circle of Death
Crack Open That Egg
Critical Missile
Critical Rhythm
Draw Your Sword
Empowered By The Faithful
Empyrean Promise
First-Aid Kit
Holy Fire
I'm a Baby Kitty Where is Mama
ReEnergize
Skilled Sniper
Upgrade Mikael's Blessing"
Pantheon,"ADAPt
Blade Waltz
Clown College
Dashing
Demon's Dance
Earthwake
escAPADe
Executioner
Final Form
Flashbang
Get Excited!
Giant Slayer
Glass Cannon
Goliath
Goredrink
Infernal Soul
It's Killing Time
Jeweled Gauntlet
Kill Secured
King Me
Master of Duality
Mystic Punch
Nightstalking
Outlaw's Grit
Overflow
Poro Blaster
Prom Queen
Rabble Rousing
Self Destruct
Shadow Runner
Slap Around
Speed Demon
Spiritual Purification
Swift and Safe
Symphony of War
The Brutalizer
Thread the Needle
Triggered Inferno
Upgrade Collector
Upgrade Hubris
Vampirism
Weighted Popoffs
Wind Beneath Blade","All For You
Circle of Death
Crack Open That Egg
Critical Missile
Critical Rhythm
Draw Your Sword
Empowered By The Faithful
Empyrean Promise
First-Aid Kit
Holy Fire
I'm a Baby Kitty Where is Mama
Protein Shake
ReEnergize
Skilled Sniper
Sonata
Sonic Boom
Upgrade Mikael's Blessing
Windspeaker's Blessing"
Poppy,"Adamant
Blade Waltz
Celestial Body
Courage of the Colossus
Critical Healing
Demon's Dance
Dropkick
Erosion
escAPADe
Executioner
Final Form
Flashbang
Frost Wraith
Gash
Get Excited!
Glass Cannon
Goliath
Goredrink
Guilty Pleasure
Heavy Hitter
Impassable
Infernal Soul
Jeweled Gauntlet
King Me
Laser Heal
Mountain Soul
Mystic Punch
Overflow
Perseverance
Poro Blaster
Prom Queen
Quest: Icathia's Fall
Quest: Steel Your Heart
Rabble Rousing
Self Destruct
Slap Around
Slow Cooker
Soul Eater
Speed Demon
Spiritual Purification
Symphony of War
Tank Engine
The Brutalizer
Thread the Needle
Tormentor
Triggered Inferno
Upgrade Hubris
Upgrade Immolate
Upgrade Thornmail
Vampirism
Weighted Popoffs
Wind Beneath Blade","ADAPt
All For You
Big Brain
Circle of Death
Crack Open That Egg
Critical Missile
Critical Rhythm
Draw Your Sword
Empowered By The Faithful
Empyrean Promise
Eureka
FireFox
First-Aid Kit
Holy Fire
I'm a Baby Kitty Where is Mama
Marksmage
Ominous Pact
Phenomenal Evil
Quest: Wooglet's Witchcap
ReEnergize
Skilled Sniper
Twin Fire
Upgrade Mikael's Blessing
Upgrade Sheen
Upgrade Zhonya's
Void Rift
Witchful Thinking
Zealot"
Pyke,"Blade Waltz
Clown College
Dashing
Demon's Dance
Earthwake
escAPADe
Executioner
Final Form
Flashbang
Get Excited!
Giant Slayer
Glass Cannon
Goliath
Goredrink
Infernal Soul
It's Killing Time
Jeweled Gauntlet
Kill Secured
King Me
Mystic Punch
Nightstalking
Outlaw's Grit
Overflow
Poro Blaster
Prom Queen
Rabble Rousing
Self Destruct
Shadow Runner
Slap Around
Speed Demon
Spiritual Purification
Swift and Safe
Symphony of War
The Brutalizer
Thread the Needle
Triggered Inferno
Upgrade Collector
Upgrade Hubris
Vampirism
Weighted Popoffs
Wind Beneath Blade","All For You
Big Brain
Circle of Death
Crack Open That Egg
Critical Missile
Critical Rhythm
Cruelty
Draw Your Sword
Empowered By The Faithful
Empyrean Promise
Eureka
FireFox
First-Aid Kit
Grandma's Chili Oil
Hat on a Hat
Holy Fire
I'm a Baby Kitty Where is Mama
Marksmage
Ominous Pact
Phenomenal Evil
Protein Shake
Quest: Wooglet's Witchcap
ReEnergize
Skilled Sniper
Sonata
Sonic Boom
Twin Fire
Upgrade Mikael's Blessing
Upgrade Sheen
Upgrade Zhonya's
Void Rift
Windspeaker's Blessing
Witchful Thinking
Zealot"
Qiyana,"Blade Waltz
Clown College
Dashing
Demon's Dance
Earthwake
escAPADe
Executioner
Final Form
Flashbang
Get Excited!
Giant Slayer
Glass Cannon
Goliath
Goredrink
Infernal Soul
It's Killing Time
Jeweled Gauntlet
Kill Secured
King Me
Mystic Punch
Nightstalking
Outlaw's Grit
Overflow
Poro Blaster
Prom Queen
Rabble Rousing
Self Destruct
Shadow Runner
Slap Around
Speed Demon
Spiritual Purification
Swift and Safe
Symphony of War
The Brutalizer
Thread the Needle
Triggered Inferno
Upgrade Collector
Upgrade Hubris
Vampirism
Weighted Popoffs
Wind Beneath Blade","All For You
Big Brain
Circle of Death
Crack Open That Egg
Critical Missile
Critical Rhythm
Cruelty
Draw Your Sword
Empowered By The Faithful
Empyrean Promise
Eureka
FireFox
First-Aid Kit
Grandma's Chili Oil
Hat on a Hat
Holy Fire
I'm a Baby Kitty Where is Mama
Marksmage
Ominous Pact
Phenomenal Evil
Protein Shake
Quest: Wooglet's Witchcap
ReEnergize
Skilled Sniper
Sonata
Sonic Boom
Trueshot Prodigy
Twin Fire
Upgrade Mikael's Blessing
Upgrade Sheen
Upgrade Zhonya's
Void Rift
Windspeaker's Blessing
Witchful Thinking
Zealot"
Quinn,"Cerberus
Critical Missile
Critical Rhythm
Deft
Draw Your Sword
Dual Wield
escAPADe
Fan The Hammer
Firebrand
Get Excited!
Giant Slayer
Glass Cannon
Goredrink
Light 'Em Up!
Lightning Strikes
Mystic Punch
ReEnergize
Scoped Weapons
Scopier Weapons
Scopiest Weapons
Shrink Ray
Slow And Steady
Spiritual Purification
Symphony of War
Tap Dancer
Thread the Needle
Twice Thrice
Typhoon
Upgrade Collector
Vampirism","ADAPt
All For You
Big Brain
Circle of Death
Crack Open That Egg
Cruelty
Empowered By The Faithful
Empyrean Promise
Eureka
Final Form
FireFox
First-Aid Kit
Grandma's Chili Oil
Hat on a Hat
Holy Fire
I'm a Baby Kitty Where is Mama
Marksmage
Mighty Shield
Ominous Pact
Phenomenal Evil
Prom Queen
Protein Shake
Quest: Icathia's Fall
Quest: Wooglet's Witchcap
Sonata
Sonic Boom
Stuck In Here With Me
Twin Fire
Upgrade Immolate
Upgrade Mikael's Blessing
Upgrade Thornmail
Upgrade Zhonya's
Void Rift
Windspeaker's Blessing
Witchful Thinking"
Rakan,"Adamant
ADAPt
All For You
Big Brain
Blade Waltz
Celestial Body
Circle of Death
Clown College
Courage of the Colossus
Crack Open That Egg
Critical Healing
Cruelty
Dashing
Dropkick
Earthwake
Empowered By The Faithful
Empyrean Promise
Erosion
Eureka
Executioner
Feel the Burn
Final Form
FireFox
First-Aid Kit
Flashbang
From Beginning To End
Frost Wraith
Gash
Get Excited!
Giant Slayer
Glass Cannon
Goliath
Goredrink
Grandma's Chili Oil
Guilty Pleasure
Hat on a Hat
Heavy Hitter
Holy Fire
I'm a Baby Kitty Where is Mama
Ice Cold
Impassable
Infernal Conduit
It's Killing Time
Jeweled Gauntlet
Keystone Conjurer
Kill Secured
King Me
Laser Heal
Magic Missile
Marksmage
Mighty Shield
Mind to Matter
Mountain Soul
Nightstalking
Ominous Pact
Outlaw's Grit
Overflow
Perseverance
Phenomenal Evil
Poro Blaster
Prom Queen
Protein Shake
Quest: Icathia's Fall
Quest: Steel Your Heart
Quest: Wooglet's Witchcap
Rabble Rousing
Self Destruct
Shadow Runner
Slap Around
Slow Cooker
Sonata
Sonic Boom
Soul Eater
Speed Demon
Spiritual Purification
Swift and Safe
Tank Engine
Thread the Needle
Tormentor
Upgrade Immolate
Upgrade Mikael's Blessing
Upgrade Thornmail
Upgrade Zhonya's
Vampirism
Void Rift
Weighted Popoffs
Wind Beneath Blade
Windspeaker's Blessing
Witchful Thinking","Blunt Force
Critical Missile
Critical Rhythm
Draw Your Sword
Dual Wield
Fan The Hammer
Lightning Strikes
ReEnergize
Shrink Ray
Skilled Sniper
Slow And Steady
The Brutalizer
Trueshot Prodigy
Twice Thrice
Typhoon
Upgrade Infinity Edge
Upgrade Sheen"
Rammus,"Adamant
Celestial Body
Courage of the Colossus
Critical Healing
Cruelty
Dropkick
Erosion
Final Form
Frost Wraith
Gash
Goliath
Grandma's Chili Oil
Guilty Pleasure
Hat on a Hat
Heavy Hitter
Impassable
King Me
Laser Heal
Mountain Soul
Perseverance
Prom Queen
Quest: Icathia's Fall
Quest: Steel Your Heart
Rabble Rousing
Self Destruct
Slap Around
Slow Cooker
Soul Eater
Speed Demon
Tank Engine
Tormentor
Upgrade Immolate
Upgrade Thornmail","All For You
Blunt Force
Circle of Death
Crack Open That Egg
Critical Missile
Critical Rhythm
Draw Your Sword
Dual Wield
Empowered By The Faithful
Empyrean Promise
escAPADe
Fan The Hammer
First-Aid Kit
Holy Fire
I'm a Baby Kitty Where is Mama
Lightning Strikes
Master of Duality
ReEnergize
Shrink Ray
Skilled Sniper
Slow And Steady
The Brutalizer
Trueshot Prodigy
Twice Thrice
Typhoon
Upgrade Collector
Upgrade Hubris
Upgrade Infinity Edge
Upgrade Mikael's Blessing
Upgrade Sheen"
RekSai,"ADAPt
Blade Waltz
Cerberus
Clown College
Dashing
Deft
Demon's Dance
Dual Wield
Earthwake
escAPADe
Executioner
Fan The Hammer
Final Form
Firebrand
Flashbang
Gash
Get Excited!
Giant Slayer
Glass Cannon
Goliath
Goredrink
Infernal Soul
It's Killing Time
Jeweled Gauntlet
Kill Secured
King Me
Light 'Em Up!
Lightning Strikes
Master of Duality
Mystic Punch
Nightstalking
Outlaw's Grit
Poro Blaster
Prom Queen
Rabble Rousing
Scoped Weapons
Scopier Weapons
Scopiest Weapons
Self Destruct
Shadow Runner
Shrink Ray
Slap Around
Slow And Steady
Speed Demon
Spiritual Purification
Swift and Safe
Symphony of War
Tap Dancer
The Brutalizer
Thread the Needle
Triggered Inferno
Twice Thrice
Typhoon
Upgrade Collector
Upgrade Hubris
Upgrade Sheen
Vampirism
Weighted Popoffs
Wind Beneath Blade
Zealot","All For You
Circle of Death
Crack Open That Egg
Empowered By The Faithful
Empyrean Promise
First-Aid Kit
Holy Fire
I'm a Baby Kitty Where is Mama
Juiced
Mind to Matter
Ocean Soul
Protein Shake
Skilled Sniper
Sonata
Sonic Boom
Upgrade Mikael's Blessing
Windspeaker's Blessing"
Rell,"Adamant
Celestial Body
Courage of the Colossus
Critical Healing
Cruelty
Dropkick
Erosion
Final Form
Frost Wraith
Gash
Goliath
Grandma's Chili Oil
Guilty Pleasure
Hat on a Hat
Heavy Hitter
Impassable
King Me
Laser Heal
Mountain Soul
Perseverance
Prom Queen
Quest: Icathia's Fall
Quest: Steel Your Heart
Rabble Rousing
Self Destruct
Slap Around
Slow Cooker
Soul Eater
Speed Demon
Tank Engine
Tormentor
Upgrade Immolate
Upgrade Thornmail","All For You
Blunt Force
Circle of Death
Crack Open That Egg
Critical Missile
Critical Rhythm
Draw Your Sword
Dual Wield
Empowered By The Faithful
Empyrean Promise
escAPADe
Fan The Hammer
First-Aid Kit
Holy Fire
I'm a Baby Kitty Where is Mama
Lightning Strikes
Master of Duality
ReEnergize
Shrink Ray
Skilled Sniper
Slow And Steady
The Brutalizer
Trueshot Prodigy
Twice Thrice
Typhoon
Upgrade Collector
Upgrade Hubris
Upgrade Infinity Edge
Upgrade Mikael's Blessing
Upgrade Sheen"
Renata,"Adamant
ADAPt
All For You
Big Brain
Celestial Body
Circle of Death
Crack Open That Egg
Critical Healing
Cruelty
Empowered By The Faithful
Empyrean Promise
Eureka
Executioner
Feel the Burn
FireFox
First-Aid Kit
From Beginning To End
Giant Slayer
Glass Cannon
Grandma's Chili Oil
Hat on a Hat
Holy Fire
I'm a Baby Kitty Where is Mama
Ice Cold
Impassable
Infernal Conduit
It's Killing Time
Jeweled Gauntlet
Keystone Conjurer
Laser Heal
Magic Missile
Marksmage
Mind to Matter
Ominous Pact
Overflow
Perseverance
Phenomenal Evil
Poro Blaster
Protein Shake
Quest: Wooglet's Witchcap
Rabble Rousing
Slap Around
Sonata
Sonic Boom
Speed Demon
Spiritual Purification
Thread the Needle
Upgrade Mikael's Blessing
Upgrade Zhonya's
Vampirism
Void Rift
Weighted Popoffs
Windspeaker's Blessing
Witchful Thinking","Blunt Force
Critical Rhythm
Dashing
Demon's Dance
Draw Your Sword
Dual Wield
Earthwake
escAPADe
Fan The Hammer
Flashbang
Gash
Lightning Strikes
Nightstalking
Outlaw's Grit
Prom Queen
Quest: Icathia's Fall
ReEnergize
Shadow Runner
Shrink Ray
Slow And Steady
Stuck In Here With Me
Swift and Safe
The Brutalizer
Twice Thrice
Typhoon
Upgrade Collector
Upgrade Hubris
Upgrade Immolate
Upgrade Infinity Edge
Upgrade Sheen
Upgrade Thornmail
Wind Beneath Blade"
Renekton,"Adamant
Blade Waltz
Celestial Body
Cerberus
Clown College
Courage of the Colossus
Critical Healing
Dashing
Deft
Demon's Dance
Dropkick
Dual Wield
Earthwake
Erosion
escAPADe
Executioner
Fan The Hammer
Final Form
Firebrand
Flashbang
Frost Wraith
Gash
Get Excited!
Giant Slayer
Glass Cannon
Goliath
Goredrink
Guilty Pleasure
Heavy Hitter
Impassable
Infernal Soul
It's Killing Time
Jeweled Gauntlet
Kill Secured
King Me
Laser Heal
Light 'Em Up!
Lightning Strikes
Mighty Shield
Mountain Soul
Mystic Punch
Nightstalking
Outlaw's Grit
Perseverance
Poro Blaster
Prom Queen
Quest: Icathia's Fall
Quest: Steel Your Heart
Rabble Rousing
Scoped Weapons
Scopier Weapons
Scopiest Weapons
Self Destruct
Shadow Runner
Shrink Ray
Slap Around
Slow And Steady
Slow Cooker
Soul Eater
Speed Demon
Spiritual Purification
Swift and Safe
Symphony of War
Tank Engine
Tap Dancer
The Brutalizer
Thread the Needle
Tormentor
Triggered Inferno
Twice Thrice
Typhoon
Upgrade Collector
Upgrade Hubris
Upgrade Immolate
Upgrade Thornmail
Vampirism
Weighted Popoffs
Wind Beneath Blade
Windspeaker's Blessing","All For You
Big Brain
Circle of Death
Crack Open That Egg
Empowered By The Faithful
Empyrean Promise
Eureka
FireFox
I'm a Baby Kitty Where is Mama
Juiced
Marksmage
Mind to Matter
Ocean Soul
Ominous Pact
Phenomenal Evil
Quest: Wooglet's Witchcap
Skilled Sniper
Trueshot Prodigy
Twin Fire
Upgrade Mikael's Blessing
Upgrade Zhonya's
Void Rift
Witchful Thinking"
Rengar,"ADAPt
Blade Waltz
Cerberus
Clown College
Dashing
Deft
Demon's Dance
Dual Wield
Earthwake
escAPADe
Executioner
Fan The Hammer
Final Form
Firebrand
Flashbang
Gash
Get Excited!
Giant Slayer
Glass Cannon
Goliath
Goredrink
Infernal Soul
It's Killing Time
Jeweled Gauntlet
Kill Secured
King Me
Light 'Em Up!
Lightning Strikes
Master of Duality
Mighty Shield
Mystic Punch
Nightstalking
Outlaw's Grit
Poro Blaster
Prom Queen
Rabble Rousing
Scoped Weapons
Scopier Weapons
Scopiest Weapons
Self Destruct
Shadow Runner
Shrink Ray
Slap Around
Slow And Steady
Speed Demon
Spiritual Purification
Swift and Safe
Symphony of War
Tap Dancer
The Brutalizer
Thread the Needle
Triggered Inferno
Twice Thrice
Typhoon
Upgrade Collector
Upgrade Hubris
Upgrade Sheen
Vampirism
Weighted Popoffs
Wind Beneath Blade
Zealot","All For You
Crack Open That Egg
Empowered By The Faithful
Empyrean Promise
I'm a Baby Kitty Where is Mama
Juiced
Mind to Matter
Ocean Soul
Protein Shake
Skilled Sniper
Sonata
Sonic Boom
Upgrade Mikael's Blessing"
Riven,"Blade Waltz
Clown College
Dashing
Demon's Dance
Earthwake
escAPADe
Executioner
Final Form
Flashbang
Get Excited!
Giant Slayer
Glass Cannon
Goliath
Goredrink
Infernal Soul
It's Killing Time
Jeweled Gauntlet
Kill Secured
King Me
Mighty Shield
Mystic Punch
Nightstalking
Outlaw's Grit
Poro Blaster
Prom Queen
Rabble Rousing
Self Destruct
Shadow Runner
Slap Around
Speed Demon
Spiritual Purification
Swift and Safe
Symphony of War
The Brutalizer
Thread the Needle
Triggered Inferno
Upgrade Collector
Upgrade Hubris
Vampirism
Weighted Popoffs
Wind Beneath Blade","All For You
Big Brain
Circle of Death
Crack Open That Egg
Critical Missile
Critical Rhythm
Cruelty
Draw Your Sword
Empowered By The Faithful
Empyrean Promise
Eureka
FireFox
Grandma's Chili Oil
Hat on a Hat
I'm a Baby Kitty Where is Mama
Juiced
Marksmage
Mind to Matter
Ocean Soul
Ominous Pact
Phenomenal Evil
Protein Shake
Quest: Wooglet's Witchcap
ReEnergize
Skilled Sniper
Sonata
Sonic Boom
Trueshot Prodigy
Twin Fire
Upgrade Mikael's Blessing
Upgrade Sheen
Upgrade Zhonya's
Void Rift
Witchful Thinking
Zealot"
Rumble,"ADAPt
Big Brain
Circle of Death
Eureka
Executioner
Final Form
FireFox
From Beginning To End
Giant Slayer
Glass Cannon
Grandma's Chili Oil
Hat on a Hat
Ice Cold
Infernal Conduit
It's Killing Time
Jeweled Gauntlet
Keystone Conjurer
Magic Missile
Marksmage
Ominous Pact
Phenomenal Evil
Poro Blaster
Quest: Wooglet's Witchcap
Rabble Rousing
Speed Demon
Spiritual Purification
Thread the Needle
Upgrade Zhonya's
Vampirism
Void Rift
Weighted Popoffs
Witchful Thinking","All For You
Blunt Force
Courage of the Colossus
Crack Open That Egg
Critical Missile
Critical Rhythm
Dashing
Draw Your Sword
Dual Wield
Earthwake
Empowered By The Faithful
Empyrean Promise
escAPADe
Fan The Hammer
Flashbang
Guilty Pleasure
I'm a Baby Kitty Where is Mama
Impassable
Juiced
Lightning Strikes
Nightstalking
Ocean Soul
Outlaw's Grit
Protein Shake
ReEnergize
Shadow Runner
Shrink Ray
Skilled Sniper
Slap Around
Slow And Steady
Sonata
Sonic Boom
Soul Eater
Swift and Safe
The Brutalizer
Tormentor
Twice Thrice
Typhoon
Upgrade Collector
Upgrade Hubris
Upgrade Infinity Edge
Upgrade Mikael's Blessing
Upgrade Sheen
Wind Beneath Blade"
Ryze,"Adamant
ADAPt
Big Brain
Cruelty
Eureka
Executioner
FireFox
From Beginning To End
Giant Slayer
Glass Cannon
Grandma's Chili Oil
Hat on a Hat
Ice Cold
Infernal Conduit
It's Killing Time
Jeweled Gauntlet
Keystone Conjurer
Magic Missile
Marksmage
Mind to Matter
Ominous Pact
Overflow
Phenomenal Evil
Poro Blaster
Quest: Wooglet's Witchcap
Rabble Rousing
Speed Demon
Spiritual Purification
Thread the Needle
Upgrade Zhonya's
Vampirism
Void Rift
Weighted Popoffs
Witchful Thinking","All For You
Blunt Force
Crack Open That Egg
Critical Rhythm
Dashing
Demon's Dance
Draw Your Sword
Dual Wield
Earthwake
Empowered By The Faithful
Empyrean Promise
escAPADe
Fan The Hammer
First-Aid Kit
Flashbang
Gash
Holy Fire
I'm a Baby Kitty Where is Mama
Lightning Strikes
Mighty Shield
Nightstalking
Outlaw's Grit
Prom Queen
Protein Shake
Quest: Icathia's Fall
ReEnergize
Shadow Runner
Shrink Ray
Slow And Steady
Sonata
Sonic Boom
Stuck In Here With Me
Swift and Safe
The Brutalizer
Twice Thrice
Typhoon
Upgrade Collector
Upgrade Hubris
Upgrade Immolate
Upgrade Infinity Edge
Upgrade Mikael's Blessing
Upgrade Sheen
Upgrade Thornmail
Wind Beneath Blade
Windspeaker's Blessing"
Samira,"Blade Waltz
Cerberus
Clown College
Critical Missile
Critical Rhythm
Dashing
Deft
Demon's Dance
Draw Your Sword
Dual Wield
Earthwake
escAPADe
Executioner
Fan The Hammer
Final Form
Firebrand
Flashbang
Gash
Get Excited!
Giant Slayer
Glass Cannon
Goredrink
It's Killing Time
Jeweled Gauntlet
Kill Secured
King Me
Light 'Em Up!
Lightning Strikes
Mystic Punch
Nightstalking
Outlaw's Grit
Prom Queen
ReEnergize
Scoped Weapons
Scopier Weapons
Scopiest Weapons
Self Destruct
Shadow Runner
Shrink Ray
Slow And Steady
Spiritual Purification
Swift and Safe
Symphony of War
Tap Dancer
Thread the Needle
Twice Thrice
Typhoon
Upgrade Collector
Upgrade Hubris
Vampirism
Wind Beneath Blade","Adamant
All For You
Big Brain
Circle of Death
Courage of the Colossus
Crack Open That Egg
Cruelty
Empowered By The Faithful
Empyrean Promise
Eureka
FireFox
First-Aid Kit
Grandma's Chili Oil
Guilty Pleasure
Hat on a Hat
Holy Fire
I'm a Baby Kitty Where is Mama
Impassable
Marksmage
Ominous Pact
Phenomenal Evil
Protein Shake
Quest: Wooglet's Witchcap
Slap Around
Sonata
Sonic Boom
Soul Eater
Tormentor
Twin Fire
Upgrade Mikael's Blessing
Upgrade Zhonya's
Void Rift
Windspeaker's Blessing
Witchful Thinking"
Sejuani,"Adamant
Celestial Body
Courage of the Colossus
Critical Healing
Cruelty
Dropkick
Erosion
Final Form
Frost Wraith
Gash
Goliath
Grandma's Chili Oil
Guilty Pleasure
Hat on a Hat
Heavy Hitter
Impassable
King Me
Laser Heal
Mountain Soul
Perseverance
Prom Queen
Quest: Icathia's Fall
Quest: Steel Your Heart
Rabble Rousing
Self Destruct
Slap Around
Slow Cooker
Soul Eater
Speed Demon
Tank Engine
Tormentor
Upgrade Immolate
Upgrade Thornmail","All For You
Blunt Force
Circle of Death
Crack Open That Egg
Critical Missile
Critical Rhythm
Draw Your Sword
Dual Wield
Empowered By The Faithful
Empyrean Promise
escAPADe
Fan The Hammer
First-Aid Kit
Holy Fire
I'm a Baby Kitty Where is Mama
Lightning Strikes
Master of Duality
ReEnergize
Shrink Ray
Skilled Sniper
Slow And Steady
The Brutalizer
Trueshot Prodigy
Twice Thrice
Typhoon
Upgrade Collector
Upgrade Hubris
Upgrade Infinity Edge
Upgrade Mikael's Blessing
Upgrade Sheen"
Senna,"Adamant
All For You
Blade Waltz
Celestial Body
Cerberus
Circle of Death
Crack Open That Egg
Crit 'n Cast
Critical Healing
Critical Missile
Critical Rhythm
Cruelty
Deft
Double Tap
Draw Your Sword
Dual Wield
Empowered By The Faithful
Empyrean Promise
escAPADe
Executioner
Fan The Hammer
Feel the Burn
Firebrand
First-Aid Kit
From Beginning To End
Get Excited!
Giant Slayer
Glass Cannon
Goliath
Goredrink
Hat on a Hat
Holy Fire
I'm a Baby Kitty Where is Mama
Ice Cold
Impassable
Infernal Soul
It's Critical
Jeweled Gauntlet
Juiced
Keystone Conjurer
King Me
Laser Heal
Light 'Em Up!
Lightning Strikes
Master of Duality
Mystic Punch
Ok Boomerang
Ominous Pact
Overflow
Perseverance
Poro Blaster
Protein Shake
Rabble Rousing
ReEnergize
Scoped Weapons
Scopier Weapons
Scopiest Weapons
Shrink Ray
Skilled Sniper
Slap Around
Slow And Steady
Sonata
Sonic Boom
Soul Siphon
Speed Demon
Spiritual Purification
Symphony of War
Tank It Or Leave It
Tap Dancer
The Brutalizer
Thread the Needle
Triggered Inferno
Trueshot Prodigy
Twice Thrice
Twin Fire
Typhoon
Upgrade Collector
Upgrade Hubris
Upgrade Infinity Edge
Upgrade Mikael's Blessing
Upgrade Sheen
Vampirism
Vulnerability
Weighted Popoffs
Windspeaker's Blessing
Zealot","Dashing
Earthwake
Final Form
Outlaw's Grit
Prom Queen
Quest: Icathia's Fall
Shadow Runner
Stuck In Here With Me
Swift and Safe
Upgrade Immolate
Upgrade Thornmail"
Seraphine,"Adamant
ADAPt
All For You
Big Brain
Celestial Body
Circle of Death
Crack Open That Egg
Critical Healing
Cruelty
Empowered By The Faithful
Empyrean Promise
Eureka
Executioner
Feel the Burn
FireFox
First-Aid Kit
From Beginning To End
Giant Slayer
Glass Cannon
Grandma's Chili Oil
Hat on a Hat
Holy Fire
I'm a Baby Kitty Where is Mama
Ice Cold
Impassable
Infernal Conduit
It's Killing Time
Jeweled Gauntlet
Keystone Conjurer
Laser Heal
Magic Missile
Marksmage
Mind to Matter
Ominous Pact
Overflow
Perseverance
Phenomenal Evil
Poro Blaster
Protein Shake
Quest: Wooglet's Witchcap
Rabble Rousing
Slap Around
Sonata
Sonic Boom
Speed Demon
Spiritual Purification
Thread the Needle
Upgrade Mikael's Blessing
Upgrade Zhonya's
Vampirism
Void Rift
Weighted Popoffs
Windspeaker's Blessing
Witchful Thinking","Blunt Force
Critical Rhythm
Dashing
Demon's Dance
Draw Your Sword
Dual Wield
Earthwake
escAPADe
Fan The Hammer
Flashbang
Gash
Lightning Strikes
Nightstalking
Outlaw's Grit
Prom Queen
Quest: Icathia's Fall
ReEnergize
Shadow Runner
Shrink Ray
Slow And Steady
Stuck In Here With Me
Swift and Safe
The Brutalizer
Twice Thrice
Typhoon
Upgrade Collector
Upgrade Hubris
Upgrade Immolate
Upgrade Infinity Edge
Upgrade Sheen
Upgrade Thornmail
Wind Beneath Blade"
Sett,"Adamant
Blade Waltz
Celestial Body
Cerberus
Courage of the Colossus
Critical Healing
Deft
Demon's Dance
Dropkick
Dual Wield
Erosion
escAPADe
Executioner
Fan The Hammer
Final Form
Firebrand
Flashbang
Frost Wraith
Gash
Get Excited!
Giant Slayer
Glass Cannon
Goliath
Goredrink
Guilty Pleasure
Heavy Hitter
Impassable
Infernal Soul
Jeweled Gauntlet
King Me
Laser Heal
Light 'Em Up!
Lightning Strikes
Mighty Shield
Mountain Soul
Mystic Punch
Perseverance
Poro Blaster
Prom Queen
Quest: Icathia's Fall
Quest: Steel Your Heart
Rabble Rousing
Scoped Weapons
Scopier Weapons
Scopiest Weapons
Self Destruct
Shrink Ray
Slap Around
Slow And Steady
Slow Cooker
Soul Eater
Speed Demon
Spiritual Purification
Symphony of War
Tank Engine
Tap Dancer
The Brutalizer
Thread the Needle
Tormentor
Triggered Inferno
Twice Thrice
Typhoon
Upgrade Collector
Upgrade Hubris
Upgrade Immolate
Upgrade Thornmail
Vampirism
Weighted Popoffs
Wind Beneath Blade
Windspeaker's Blessing","ADAPt
All For You
Big Brain
Circle of Death
Crack Open That Egg
Empowered By The Faithful
Empyrean Promise
Eureka
FireFox
I'm a Baby Kitty Where is Mama
Juiced
Marksmage
Mind to Matter
Ocean Soul
Ominous Pact
Phenomenal Evil
Quest: Wooglet's Witchcap
Skilled Sniper
Trueshot Prodigy
Twin Fire
Upgrade Mikael's Blessing
Upgrade Zhonya's
Void Rift
Witchful Thinking"
Shaco,"Adamant
ADAPt
Big Brain
Blade Waltz
Clown College
Cruelty
Dashing
Earthwake
escAPADe
Eureka
Executioner
Final Form
FireFox
Flashbang
From Beginning To End
Get Excited!
Giant Slayer
Glass Cannon
Goredrink
Grandma's Chili Oil
Hat on a Hat
Ice Cold
Infernal Conduit
It's Killing Time
Jeweled Gauntlet
Keystone Conjurer
Kill Secured
King Me
Magic Missile
Marksmage
Master of Duality
Mind to Matter
Nightstalking
Ominous Pact
Outlaw's Grit
Overflow
Phenomenal Evil
Poro Blaster
Prom Queen
Quest: Wooglet's Witchcap
Rabble Rousing
Self Destruct
Shadow Runner
Speed Demon
Spiritual Purification
Swift and Safe
Thread the Needle
Upgrade Collector
Upgrade Hubris
Upgrade Zhonya's
Vampirism
Void Rift
Weighted Popoffs
Wind Beneath Blade
Witchful Thinking","All For You
Crack Open That Egg
Critical Missile
Critical Rhythm
Draw Your Sword
Empowered By The Faithful
Empyrean Promise
First-Aid Kit
Holy Fire
I'm a Baby Kitty Where is Mama
Protein Shake
ReEnergize
Skilled Sniper
Sonata
Sonic Boom
Upgrade Mikael's Blessing
Windspeaker's Blessing"
Shen,"Adamant
Celestial Body
Cerberus
Courage of the Colossus
Critical Healing
Cruelty
Deft
Demon's Dance
Dropkick
Dual Wield
Erosion
escAPADe
Fan The Hammer
Final Form
Firebrand
Frost Wraith
Gash
Get Excited!
Giant Slayer
Glass Cannon
Goliath
Goredrink
Grandma's Chili Oil
Guilty Pleasure
Hat on a Hat
Heavy Hitter
Impassable
King Me
Laser Heal
Light 'Em Up!
Lightning Strikes
Master of Duality
Mighty Shield
Mountain Soul
Mystic Punch
Perseverance
Prom Queen
Quest: Icathia's Fall
Quest: Steel Your Heart
Rabble Rousing
Scoped Weapons
Scopier Weapons
Scopiest Weapons
Self Destruct
Shrink Ray
Slap Around
Slow And Steady
Slow Cooker
Soul Eater
Speed Demon
Spiritual Purification
Symphony of War
Tank Engine
Tap Dancer
Thread the Needle
Tormentor
Twice Thrice
Typhoon
Upgrade Collector
Upgrade Immolate
Upgrade Sheen
Upgrade Thornmail
Vampirism
Windspeaker's Blessing
Zealot","All For You
Crack Open That Egg
Empowered By The Faithful
Empyrean Promise
I'm a Baby Kitty Where is Mama
Juiced
Mind to Matter
Ocean Soul
Overflow
Skilled Sniper
Trueshot Prodigy
Upgrade Mikael's Blessing"
Shyvana,"ADAPt
Big Brain
Blade Waltz
Celestial Body
Critical Healing
Demon's Dance
Dropkick
Erosion
escAPADe
Eureka
Executioner
Final Form
FireFox
Flashbang
From Beginning To End
Frost Wraith
Gash
Get Excited!
Giant Slayer
Glass Cannon
Goliath
Goredrink
Grandma's Chili Oil
Hat on a Hat
Heavy Hitter
Ice Cold
Infernal Conduit
Infernal Soul
It's Killing Time
Jeweled Gauntlet
Keystone Conjurer
King Me
Laser Heal
Magic Missile
Marksmage
Master of Duality
Mountain Soul
Mystic Punch
Ominous Pact
Perseverance
Phenomenal Evil
Poro Blaster
Prom Queen
Quest: Icathia's Fall
Quest: Steel Your Heart
Quest: Wooglet's Witchcap
Rabble Rousing
Self Destruct
Slow Cooker
Speed Demon
Spiritual Purification
Symphony of War
Tank Engine
The Brutalizer
Thread the Needle
Triggered Inferno
Upgrade Hubris
Upgrade Immolate
Upgrade Thornmail
Upgrade Zhonya's
Vampirism
Void Rift
Weighted Popoffs
Wind Beneath Blade
Witchful Thinking","All For You
Crack Open That Egg
Critical Missile
Critical Rhythm
Draw Your Sword
Empowered By The Faithful
Empyrean Promise
First-Aid Kit
Holy Fire
I'm a Baby Kitty Where is Mama
Juiced
Ocean Soul
ReEnergize
Skilled Sniper
Upgrade Mikael's Blessing"
Singed,"Adamant
ADAPt
Big Brain
Celestial Body
Courage of the Colossus
Critical Healing
Cruelty
Dropkick
Erosion
Eureka
Executioner
Final Form
FireFox
From Beginning To End
Frost Wraith
Gash
Giant Slayer
Glass Cannon
Goliath
Grandma's Chili Oil
Guilty Pleasure
Hat on a Hat
Heavy Hitter
Ice Cold
Impassable
Infernal Conduit
It's Killing Time
Jeweled Gauntlet
Keystone Conjurer
King Me
Laser Heal
Magic Missile
Marksmage
Mind to Matter
Mountain Soul
Ominous Pact
Overflow
Perseverance
Phenomenal Evil
Poro Blaster
Prom Queen
Quest: Icathia's Fall
Quest: Steel Your Heart
Quest: Wooglet's Witchcap
Rabble Rousing
Self Destruct
Slap Around
Slow Cooker
Soul Eater
Speed Demon
Spiritual Purification
Tank Engine
Thread the Needle
Tormentor
Upgrade Immolate
Upgrade Thornmail
Upgrade Zhonya's
Vampirism
Void Rift
Weighted Popoffs
Witchful Thinking","All For You
Blunt Force
Crack Open That Egg
Critical Missile
Critical Rhythm
Dashing
Draw Your Sword
Dual Wield
Earthwake
Empowered By The Faithful
Empyrean Promise
escAPADe
Fan The Hammer
First-Aid Kit
Flashbang
Holy Fire
I'm a Baby Kitty Where is Mama
Lightning Strikes
Nightstalking
Outlaw's Grit
ReEnergize
Shadow Runner
Shrink Ray
Skilled Sniper
Slow And Steady
Swift and Safe
The Brutalizer
Twice Thrice
Typhoon
Upgrade Collector
Upgrade Hubris
Upgrade Infinity Edge
Upgrade Mikael's Blessing
Upgrade Sheen
Wind Beneath Blade"
Sion,"Adamant
Blade Waltz
Celestial Body
Courage of the Colossus
Critical Healing
Demon's Dance
Dropkick
Erosion
escAPADe
Executioner
Final Form
Frost Wraith
Gash
Get Excited!
Glass Cannon
Goliath
Goredrink
Guilty Pleasure
Heavy Hitter
Impassable
Infernal Soul
Jeweled Gauntlet
King Me
Laser Heal
Mighty Shield
Mountain Soul
Mystic Punch
Overflow
Perseverance
Poro Blaster
Prom Queen
Quest: Icathia's Fall
Quest: Steel Your Heart
Rabble Rousing
Self Destruct
Slap Around
Slow Cooker
Soul Eater
Speed Demon
Spiritual Purification
Symphony of War
Tank Engine
The Brutalizer
Thread the Needle
Tormentor
Triggered Inferno
Upgrade Hubris
Upgrade Immolate
Upgrade Thornmail
Vampirism
Weighted Popoffs
Windspeaker's Blessing","ADAPt
All For You
Big Brain
Circle of Death
Crack Open That Egg
Critical Missile
Critical Rhythm
Dashing
Draw Your Sword
Earthwake
Empowered By The Faithful
Empyrean Promise
Eureka
FireFox
I'm a Baby Kitty Where is Mama
Marksmage
Nightstalking
Ominous Pact
Outlaw's Grit
Phenomenal Evil
Quest: Wooglet's Witchcap
ReEnergize
Shadow Runner
Skilled Sniper
Swift and Safe
Trueshot Prodigy
Twin Fire
Upgrade Mikael's Blessing
Upgrade Sheen
Upgrade Zhonya's
Void Rift
Witchful Thinking
Zealot"
Sivir,"Cerberus
Critical Missile
Critical Rhythm
Deft
Draw Your Sword
Dual Wield
escAPADe
Fan The Hammer
Firebrand
From Beginning To End
Get Excited!
Giant Slayer
Glass Cannon
Goredrink
Light 'Em Up!
Lightning Strikes
Mystic Punch
Ok Boomerang
Poro Blaster
ReEnergize
Scoped Weapons
Scopier Weapons
Scopiest Weapons
Shrink Ray
Skilled Sniper
Slow And Steady
Spiritual Purification
Symphony of War
Tap Dancer
Thread the Needle
Trueshot Prodigy
Twice Thrice
Typhoon
Upgrade Collector
Vampirism","Adamant
ADAPt
All For You
Big Brain
Circle of Death
Courage of the Colossus
Crack Open That Egg
Cruelty
Dashing
Earthwake
Empowered By The Faithful
Empyrean Promise
Eureka
Final Form
FireFox
First-Aid Kit
Flashbang
Grandma's Chili Oil
Guilty Pleasure
Hat on a Hat
Holy Fire
I'm a Baby Kitty Where is Mama
Impassable
Marksmage
Mighty Shield
Ominous Pact
Outlaw's Grit
Phenomenal Evil
Prom Queen
Protein Shake
Quest: Icathia's Fall
Quest: Wooglet's Witchcap
Shadow Runner
Slap Around
Sonata
Sonic Boom
Soul Eater
Stuck In Here With Me
Swift and Safe
Tormentor
Twin Fire
Upgrade Immolate
Upgrade Mikael's Blessing
Upgrade Thornmail
Upgrade Zhonya's
Void Rift
Wind Beneath Blade
Windspeaker's Blessing
Witchful Thinking"
Skarner,"Adamant
Blade Waltz
Celestial Body
Courage of the Colossus
Critical Healing
Cruelty
Demon's Dance
Dropkick
Erosion
escAPADe
Executioner
Final Form
Frost Wraith
Gash
Get Excited!
Glass Cannon
Goliath
Goredrink
Grandma's Chili Oil
Guilty Pleasure
Hat on a Hat
Heavy Hitter
Impassable
Infernal Soul
Jeweled Gauntlet
King Me
Laser Heal
Master of Duality
Mighty Shield
Mountain Soul
Mystic Punch
Overflow
Perseverance
Poro Blaster
Prom Queen
Quest: Icathia's Fall
Quest: Steel Your Heart
Rabble Rousing
Self Destruct
Slap Around
Slow Cooker
Soul Eater
Speed Demon
Spiritual Purification
Symphony of War
Tank Engine
The Brutalizer
Thread the Needle
Tormentor
Triggered Inferno
Upgrade Hubris
Upgrade Immolate
Upgrade Thornmail
Vampirism
Weighted Popoffs
Windspeaker's Blessing","All For You
Crack Open That Egg
Critical Missile
Critical Rhythm
Dashing
Draw Your Sword
Earthwake
Empowered By The Faithful
Empyrean Promise
I'm a Baby Kitty Where is Mama
Nightstalking
Outlaw's Grit
ReEnergize
Shadow Runner
Skilled Sniper
Swift and Safe
Upgrade Mikael's Blessing"
Smolder,"Blade Waltz
Cerberus
Crit 'n Cast
Critical Healing
Critical Missile
Critical Rhythm
Deft
Double Tap
Draw Your Sword
Dual Wield
escAPADe
Executioner
Fan The Hammer
Firebrand
From Beginning To End
Get Excited!
Giant Slayer
Glass Cannon
Goliath
Goredrink
Infernal Soul
It's Critical
Jeweled Gauntlet
Juiced
King Me
Light 'Em Up!
Lightning Strikes
Master of Duality
Mystic Punch
Ok Boomerang
Overflow
Poro Blaster
Rabble Rousing
ReEnergize
Scoped Weapons
Scopier Weapons
Scopiest Weapons
Shrink Ray
Skilled Sniper
Slow And Steady
Soul Siphon
Speed Demon
Spiritual Purification
Symphony of War
Tank It Or Leave It
Tap Dancer
The Brutalizer
Thread the Needle
Triggered Inferno
Trueshot Prodigy
Twice Thrice
Twin Fire
Typhoon
Upgrade Collector
Upgrade Hubris
Upgrade Infinity Edge
Upgrade Sheen
Vampirism
Vulnerability
Weighted Popoffs
Zealot","Adamant
All For You
Circle of Death
Courage of the Colossus
Crack Open That Egg
Cruelty
Dashing
Earthwake
Empowered By The Faithful
Empyrean Promise
Final Form
First-Aid Kit
Guilty Pleasure
Holy Fire
I'm a Baby Kitty Where is Mama
Impassable
Mighty Shield
Outlaw's Grit
Prom Queen
Protein Shake
Quest: Icathia's Fall
Shadow Runner
Sonata
Sonic Boom
Soul Eater
Stuck In Here With Me
Swift and Safe
Tormentor
Upgrade Immolate
Upgrade Mikael's Blessing
Upgrade Thornmail
Windspeaker's Blessing"
Sona,"ADAPt
All For You
Big Brain
Celestial Body
Circle of Death
Crack Open That Egg
Critical Healing
Empowered By The Faithful
Empyrean Promise
Eureka
Executioner
Feel the Burn
FireFox
First-Aid Kit
From Beginning To End
Giant Slayer
Glass Cannon
Grandma's Chili Oil
Hat on a Hat
Holy Fire
I'm a Baby Kitty Where is Mama
Ice Cold
Infernal Conduit
It's Killing Time
Jeweled Gauntlet
Keystone Conjurer
Laser Heal
Magic Missile
Marksmage
Mind to Matter
Ominous Pact
Overflow
Perseverance
Phenomenal Evil
Poro Blaster
Protein Shake
Quest: Wooglet's Witchcap
Rabble Rousing
Sonata
Sonic Boom
Speed Demon
Spiritual Purification
Thread the Needle
Upgrade Mikael's Blessing
Upgrade Zhonya's
Vampirism
Void Rift
Weighted Popoffs
Windspeaker's Blessing
Witchful Thinking","Blunt Force
Courage of the Colossus
Critical Rhythm
Dashing
Demon's Dance
Draw Your Sword
Dual Wield
Earthwake
escAPADe
Fan The Hammer
Flashbang
Gash
Guilty Pleasure
Lightning Strikes
Nightstalking
Outlaw's Grit
Prom Queen
Quest: Icathia's Fall
ReEnergize
Shadow Runner
Shrink Ray
Slow And Steady
Soul Eater
Stuck In Here With Me
Swift and Safe
The Brutalizer
Tormentor
Twice Thrice
Typhoon
Upgrade Collector
Upgrade Hubris
Upgrade Immolate
Upgrade Infinity Edge
Upgrade Sheen
Upgrade Thornmail
Wind Beneath Blade"
Soraka,"Adamant
ADAPt
All For You
Big Brain
Celestial Body
Circle of Death
Crack Open That Egg
Critical Healing
Cruelty
Empowered By The Faithful
Empyrean Promise
Eureka
Executioner
Feel the Burn
FireFox
First-Aid Kit
From Beginning To End
Giant Slayer
Glass Cannon
Grandma's Chili Oil
Hat on a Hat
Holy Fire
I'm a Baby Kitty Where is Mama
Ice Cold
Impassable
Infernal Conduit
It's Killing Time
Jeweled Gauntlet
Keystone Conjurer
Laser Heal
Magic Missile
Marksmage
Mind to Matter
Ominous Pact
Overflow
Perseverance
Phenomenal Evil
Poro Blaster
Protein Shake
Quest: Wooglet's Witchcap
Rabble Rousing
Slap Around
Sonata
Sonic Boom
Speed Demon
Spiritual Purification
Thread the Needle
Upgrade Mikael's Blessing
Upgrade Zhonya's
Vampirism
Void Rift
Weighted Popoffs
Windspeaker's Blessing
Witchful Thinking","Blunt Force
Critical Rhythm
Dashing
Demon's Dance
Draw Your Sword
Dual Wield
Earthwake
escAPADe
Fan The Hammer
Flashbang
Gash
Lightning Strikes
Nightstalking
Outlaw's Grit
Prom Queen
Quest: Icathia's Fall
ReEnergize
Shadow Runner
Shrink Ray
Slow And Steady
Stuck In Here With Me
Swift and Safe
The Brutalizer
Twice Thrice
Typhoon
Upgrade Collector
Upgrade Hubris
Upgrade Immolate
Upgrade Infinity Edge
Upgrade Sheen
Upgrade Thornmail
Wind Beneath Blade"
Swain,"Adamant
ADAPt
Big Brain
Celestial Body
Circle of Death
Courage of the Colossus
Critical Healing
Cruelty
Dropkick
Erosion
Eureka
Executioner
FireFox
From Beginning To End
Frost Wraith
Giant Slayer
Glass Cannon
Goliath
Grandma's Chili Oil
Guilty Pleasure
Hat on a Hat
Heavy Hitter
Ice Cold
Impassable
Infernal Conduit
It's Killing Time
Jeweled Gauntlet
Keystone Conjurer
King Me
Laser Heal
Magic Missile
Marksmage
Mighty Shield
Mind to Matter
Mountain Soul
Ominous Pact
Overflow
Perseverance
Phenomenal Evil
Poro Blaster
Quest: Steel Your Heart
Quest: Wooglet's Witchcap
Rabble Rousing
Self Destruct
Slap Around
Slow Cooker
Soul Eater
Speed Demon
Spiritual Purification
Tank Engine
Thread the Needle
Tormentor
Upgrade Zhonya's
Vampirism
Void Rift
Weighted Popoffs
Windspeaker's Blessing
Witchful Thinking","All For You
Blunt Force
Crack Open That Egg
Critical Rhythm
Dashing
Demon's Dance
Draw Your Sword
Dual Wield
Earthwake
Empowered By The Faithful
Empyrean Promise
escAPADe
Fan The Hammer
Flashbang
I'm a Baby Kitty Where is Mama
Lightning Strikes
Nightstalking
Outlaw's Grit
ReEnergize
Shadow Runner
Shrink Ray
Slow And Steady
Stuck In Here With Me
Swift and Safe
The Brutalizer
Twice Thrice
Typhoon
Upgrade Collector
Upgrade Hubris
Upgrade Infinity Edge
Upgrade Mikael's Blessing
Upgrade Sheen
Wind Beneath Blade"
Sylas,"Adamant
ADAPt
Big Brain
Blade Waltz
Circle of Death
Clown College
Cruelty
Dashing
Earthwake
Eureka
Executioner
Final Form
FireFox
Flashbang
From Beginning To End
Get Excited!
Giant Slayer
Glass Cannon
Goredrink
Grandma's Chili Oil
Hat on a Hat
Ice Cold
Infernal Conduit
It's Killing Time
Jeweled Gauntlet
Keystone Conjurer
Kill Secured
King Me
Magic Missile
Marksmage
Mighty Shield
Mind to Matter
Nightstalking
Ominous Pact
Outlaw's Grit
Overflow
Phenomenal Evil
Poro Blaster
Prom Queen
Quest: Wooglet's Witchcap
Rabble Rousing
Self Destruct
Shadow Runner
Speed Demon
Spiritual Purification
Swift and Safe
Thread the Needle
Upgrade Zhonya's
Vampirism
Void Rift
Weighted Popoffs
Wind Beneath Blade
Witchful Thinking","All For You
Blunt Force
Crack Open That Egg
Critical Missile
Critical Rhythm
Draw Your Sword
Dual Wield
Empowered By The Faithful
Empyrean Promise
Fan The Hammer
I'm a Baby Kitty Where is Mama
Lightning Strikes
Protein Shake
ReEnergize
Shrink Ray
Skilled Sniper
Slow And Steady
Sonata
Sonic Boom
The Brutalizer
Twice Thrice
Typhoon
Upgrade Infinity Edge
Upgrade Mikael's Blessing
Upgrade Sheen"
Syndra,"Adamant
ADAPt
Big Brain
Cruelty
Eureka
Executioner
FireFox
From Beginning To End
Giant Slayer
Glass Cannon
Grandma's Chili Oil
Hat on a Hat
Ice Cold
Infernal Conduit
It's Killing Time
Jeweled Gauntlet
Keystone Conjurer
Magic Missile
Marksmage
Mind to Matter
Ominous Pact
Overflow
Phenomenal Evil
Poro Blaster
Quest: Wooglet's Witchcap
Rabble Rousing
Speed Demon
Spiritual Purification
Thread the Needle
Upgrade Zhonya's
Vampirism
Void Rift
Weighted Popoffs
Witchful Thinking","All For You
Blunt Force
Crack Open That Egg
Critical Rhythm
Dashing
Demon's Dance
Draw Your Sword
Dual Wield
Earthwake
Empowered By The Faithful
Empyrean Promise
escAPADe
Fan The Hammer
First-Aid Kit
Flashbang
Gash
Holy Fire
I'm a Baby Kitty Where is Mama
Lightning Strikes
Mighty Shield
Nightstalking
Outlaw's Grit
Prom Queen
Protein Shake
Quest: Icathia's Fall
ReEnergize
Shadow Runner
Shrink Ray
Slow And Steady
Sonata
Sonic Boom
Stuck In Here With Me
Swift and Safe
The Brutalizer
Twice Thrice
Typhoon
Upgrade Collector
Upgrade Hubris
Upgrade Immolate
Upgrade Infinity Edge
Upgrade Mikael's Blessing
Upgrade Sheen
Upgrade Thornmail
Wind Beneath Blade
Windspeaker's Blessing"
TahmKench,"Adamant
ADAPt
Big Brain
Celestial Body
Circle of Death
Courage of the Colossus
Critical Healing
Cruelty
Dropkick
Erosion
Eureka
Executioner
Final Form
FireFox
From Beginning To End
Frost Wraith
Gash
Giant Slayer
Glass Cannon
Goliath
Grandma's Chili Oil
Guilty Pleasure
Hat on a Hat
Heavy Hitter
Ice Cold
Impassable
Infernal Conduit
It's Killing Time
Jeweled Gauntlet
Keystone Conjurer
King Me
Laser Heal
Magic Missile
Marksmage
Mighty Shield
Mind to Matter
Mountain Soul
Ominous Pact
Overflow
Perseverance
Phenomenal Evil
Poro Blaster
Prom Queen
Quest: Icathia's Fall
Quest: Steel Your Heart
Quest: Wooglet's Witchcap
Rabble Rousing
Self Destruct
Slap Around
Slow Cooker
Soul Eater
Speed Demon
Spiritual Purification
Tank Engine
Thread the Needle
Tormentor
Upgrade Immolate
Upgrade Thornmail
Upgrade Zhonya's
Vampirism
Void Rift
Weighted Popoffs
Windspeaker's Blessing
Witchful Thinking","All For You
Blunt Force
Crack Open That Egg
Critical Missile
Critical Rhythm
Draw Your Sword
Dual Wield
Empowered By The Faithful
Empyrean Promise
escAPADe
Fan The Hammer
I'm a Baby Kitty Where is Mama
Lightning Strikes
ReEnergize
Shrink Ray
Skilled Sniper
Slow And Steady
The Brutalizer
Twice Thrice
Typhoon
Upgrade Collector
Upgrade Hubris
Upgrade Infinity Edge
Upgrade Mikael's Blessing
Upgrade Sheen"
Taliyah,"Adamant
ADAPt
Big Brain
Cruelty
Eureka
Executioner
FireFox
From Beginning To End
Giant Slayer
Glass Cannon
Grandma's Chili Oil
Hat on a Hat
Ice Cold
Infernal Conduit
It's Killing Time
Jeweled Gauntlet
Keystone Conjurer
Magic Missile
Marksmage
Mind to Matter
Ominous Pact
Overflow
Phenomenal Evil
Poro Blaster
Quest: Wooglet's Witchcap
Rabble Rousing
Speed Demon
Spiritual Purification
Thread the Needle
Upgrade Zhonya's
Vampirism
Void Rift
Weighted Popoffs
Witchful Thinking","All For You
Blunt Force
Crack Open That Egg
Critical Rhythm
Dashing
Demon's Dance
Draw Your Sword
Dual Wield
Earthwake
Empowered By The Faithful
Empyrean Promise
escAPADe
Fan The Hammer
First-Aid Kit
Flashbang
Gash
Holy Fire
I'm a Baby Kitty Where is Mama
Lightning Strikes
Mighty Shield
Nightstalking
Outlaw's Grit
Prom Queen
Protein Shake
Quest: Icathia's Fall
ReEnergize
Shadow Runner
Shrink Ray
Slow And Steady
Sonata
Sonic Boom
Stuck In Here With Me
Swift and Safe
The Brutalizer
Twice Thrice
Typhoon
Upgrade Collector
Upgrade Hubris
Upgrade Immolate
Upgrade Infinity Edge
Upgrade Mikael's Blessing
Upgrade Sheen
Upgrade Thornmail
Wind Beneath Blade
Windspeaker's Blessing"
Talon,"Blade Waltz
Clown College
Dashing
Demon's Dance
Earthwake
escAPADe
Executioner
Final Form
Flashbang
Get Excited!
Giant Slayer
Glass Cannon
Goliath
Goredrink
Infernal Conduit
Infernal Soul
It's Killing Time
Jeweled Gauntlet
Kill Secured
King Me
Mystic Punch
Nightstalking
Outlaw's Grit
Overflow
Poro Blaster
Prom Queen
Quest: Icathia's Fall
Rabble Rousing
Self Destruct
Shadow Runner
Slow Cooker
Speed Demon
Spiritual Purification
Swift and Safe
Symphony of War
The Brutalizer
Thread the Needle
Triggered Inferno
Upgrade Collector
Upgrade Hubris
Vampirism
Weighted Popoffs
Wind Beneath Blade","Adamant
All For You
Big Brain
Circle of Death
Courage of the Colossus
Crack Open That Egg
Critical Missile
Critical Rhythm
Cruelty
Draw Your Sword
Empowered By The Faithful
Empyrean Promise
Eureka
FireFox
First-Aid Kit
Guilty Pleasure
Hat on a Hat
I'm a Baby Kitty Where is Mama
Impassable
Marksmage
Ominous Pact
Phenomenal Evil
Protein Shake
Quest: Wooglet's Witchcap
ReEnergize
Skilled Sniper
Sonata
Sonic Boom
Soul Eater
Twin Fire
Upgrade Mikael's Blessing
Upgrade Sheen
Upgrade Zhonya's
Void Rift
Windspeaker's Blessing
Witchful Thinking
Zealot"
Taric,"Adamant
All For You
Celestial Body
Circle of Death
Courage of the Colossus
Crack Open That Egg
Critical Healing
Cruelty
Dropkick
Empowered By The Faithful
Empyrean Promise
Erosion
Feel the Burn
Final Form
First-Aid Kit
Frost Wraith
Gash
Goliath
Grandma's Chili Oil
Guilty Pleasure
Hat on a Hat
Heavy Hitter
Holy Fire
I'm a Baby Kitty Where is Mama
Ice Cold
Impassable
Keystone Conjurer
King Me
Laser Heal
Mighty Shield
Mountain Soul
Ominous Pact
Perseverance
Poro Blaster
Prom Queen
Protein Shake
Quest: Icathia's Fall
Quest: Steel Your Heart
Rabble Rousing
Self Destruct
Slap Around
Slow Cooker
Sonata
Sonic Boom
Soul Eater
Speed Demon
Tank Engine
Tormentor
Upgrade Immolate
Upgrade Mikael's Blessing
Upgrade Thornmail
Windspeaker's Blessing","Critical Missile
Critical Rhythm
Dashing
Draw Your Sword
Earthwake
Flashbang
Nightstalking
Outlaw's Grit
ReEnergize
Shadow Runner
Skilled Sniper
Swift and Safe
Trueshot Prodigy
Wind Beneath Blade"
Teemo,"ADAPt
Big Brain
Cerberus
Critical Missile
Critical Rhythm
Deft
Draw Your Sword
Dual Wield
escAPADe
Eureka
Executioner
Fan The Hammer
Firebrand
FireFox
From Beginning To End
Get Excited!
Giant Slayer
Glass Cannon
Goredrink
Grandma's Chili Oil
Hat on a Hat
Ice Cold
Infernal Conduit
It's Killing Time
Jeweled Gauntlet
Keystone Conjurer
Light 'Em Up!
Lightning Strikes
Magic Missile
Marksmage
Master of Duality
Mind to Matter
Mystic Punch
Ok Boomerang
Ominous Pact
Overflow
Phenomenal Evil
Poro Blaster
Quest: Wooglet's Witchcap
Rabble Rousing
ReEnergize
Scoped Weapons
Scopier Weapons
Scopiest Weapons
Shrink Ray
Skilled Sniper
Slow And Steady
Speed Demon
Spiritual Purification
Symphony of War
Tap Dancer
Thread the Needle
Trueshot Prodigy
Twice Thrice
Typhoon
Upgrade Collector
Upgrade Sheen
Upgrade Zhonya's
Vampirism
Void Rift
Weighted Popoffs
Witchful Thinking
Zealot","All For You
Courage of the Colossus
Crack Open That Egg
Dashing
Earthwake
Empowered By The Faithful
Empyrean Promise
First-Aid Kit
Flashbang
Guilty Pleasure
Holy Fire
I'm a Baby Kitty Where is Mama
Impassable
Mighty Shield
Outlaw's Grit
Prom Queen
Protein Shake
Quest: Icathia's Fall
Shadow Runner
Slap Around
Sonata
Sonic Boom
Soul Eater
Stuck In Here With Me
Swift and Safe
Tormentor
Upgrade Immolate
Upgrade Mikael's Blessing
Upgrade Thornmail
Wind Beneath Blade
Windspeaker's Blessing"
Thresh,"Adamant
ADAPt
Big Brain
Celestial Body
Circle of Death
Courage of the Colossus
Critical Healing
Cruelty
Dropkick
Erosion
Eureka
Executioner
Final Form
FireFox
From Beginning To End
Frost Wraith
Gash
Giant Slayer
Glass Cannon
Goliath
Grandma's Chili Oil
Guilty Pleasure
Hat on a Hat
Heavy Hitter
Ice Cold
Impassable
Infernal Conduit
It's Killing Time
Jeweled Gauntlet
Keystone Conjurer
King Me
Laser Heal
Magic Missile
Marksmage
Master of Duality
Mighty Shield
Mind to Matter
Mountain Soul
Ominous Pact
Overflow
Perseverance
Phenomenal Evil
Poro Blaster
Prom Queen
Protein Shake
Quest: Icathia's Fall
Quest: Steel Your Heart
Quest: Wooglet's Witchcap
Rabble Rousing
Self Destruct
Slap Around
Slow Cooker
Sonata
Sonic Boom
Soul Eater
Speed Demon
Spiritual Purification
Tank Engine
Thread the Needle
Tormentor
Upgrade Immolate
Upgrade Thornmail
Upgrade Zhonya's
Vampirism
Void Rift
Weighted Popoffs
Windspeaker's Blessing
Witchful Thinking","Critical Missile
Critical Rhythm
Dashing
Draw Your Sword
Earthwake
Flashbang
Nightstalking
Outlaw's Grit
ReEnergize
Shadow Runner
Skilled Sniper
Swift and Safe
Trueshot Prodigy
Wind Beneath Blade"
Tristana,"Cerberus
Critical Missile
Critical Rhythm
Deft
Draw Your Sword
Dual Wield
escAPADe
Fan The Hammer
Firebrand
Get Excited!
Giant Slayer
Glass Cannon
Goredrink
Light 'Em Up!
Lightning Strikes
Master of Duality
Mystic Punch
ReEnergize
Scoped Weapons
Scopier Weapons
Scopiest Weapons
Shrink Ray
Slow And Steady
Spiritual Purification
Symphony of War
Tap Dancer
Thread the Needle
Twice Thrice
Typhoon
Upgrade Collector
Upgrade Sheen
Vampirism
Zealot","Adamant
All For You
Circle of Death
Courage of the Colossus
Crack Open That Egg
Cruelty
Empowered By The Faithful
Empyrean Promise
Final Form
First-Aid Kit
Guilty Pleasure
Holy Fire
I'm a Baby Kitty Where is Mama
Impassable
Mighty Shield
Prom Queen
Protein Shake
Quest: Icathia's Fall
Slap Around
Sonata
Sonic Boom
Soul Eater
Stuck In Here With Me
Tormentor
Upgrade Immolate
Upgrade Mikael's Blessing
Upgrade Thornmail
Windspeaker's Blessing"
Trundle,"Adamant
Blade Waltz
Celestial Body
Cerberus
Courage of the Colossus
Critical Healing
Cruelty
Deft
Demon's Dance
Dropkick
Dual Wield
Erosion
escAPADe
Executioner
Fan The Hammer
Final Form
Firebrand
Frost Wraith
Gash
Get Excited!
Giant Slayer
Glass Cannon
Goliath
Goredrink
Grandma's Chili Oil
Guilty Pleasure
Hat on a Hat
Heavy Hitter
Impassable
Infernal Soul
Jeweled Gauntlet
King Me
Laser Heal
Light 'Em Up!
Lightning Strikes
Master of Duality
Mountain Soul
Mystic Punch
Overflow
Perseverance
Poro Blaster
Prom Queen
Quest: Icathia's Fall
Quest: Steel Your Heart
Rabble Rousing
Scoped Weapons
Scopier Weapons
Scopiest Weapons
Self Destruct
Shrink Ray
Slap Around
Slow And Steady
Slow Cooker
Soul Eater
Speed Demon
Spiritual Purification
Symphony of War
Tank Engine
Tap Dancer
The Brutalizer
Thread the Needle
Tormentor
Triggered Inferno
Twice Thrice
Typhoon
Upgrade Collector
Upgrade Hubris
Upgrade Immolate
Upgrade Sheen
Upgrade Thornmail
Vampirism
Weighted Popoffs
Zealot","All For You
Circle of Death
Crack Open That Egg
Dashing
Earthwake
Empowered By The Faithful
Empyrean Promise
First-Aid Kit
Holy Fire
I'm a Baby Kitty Where is Mama
Nightstalking
Outlaw's Grit
Shadow Runner
Skilled Sniper
Swift and Safe
Trueshot Prodigy
Upgrade Mikael's Blessing"
Tryndamere,"ADAPt
Blade Waltz
Cerberus
Clown College
Dashing
Deft
Demon's Dance
Dual Wield
Earthwake
escAPADe
Executioner
Fan The Hammer
Final Form
Firebrand
Flashbang
Gash
Get Excited!
Giant Slayer
Glass Cannon
Goliath
Goredrink
Infernal Soul
It's Killing Time
Jeweled Gauntlet
Kill Secured
King Me
Light 'Em Up!
Lightning Strikes
Master of Duality
Mighty Shield
Mystic Punch
Nightstalking
Outlaw's Grit
Poro Blaster
Prom Queen
Rabble Rousing
Scoped Weapons
Scopier Weapons
Scopiest Weapons
Self Destruct
Shadow Runner
Shrink Ray
Slow And Steady
Speed Demon
Spiritual Purification
Swift and Safe
Symphony of War
Tap Dancer
The Brutalizer
Thread the Needle
Triggered Inferno
Twice Thrice
Typhoon
Upgrade Collector
Upgrade Hubris
Upgrade Sheen
Vampirism
Weighted Popoffs
Wind Beneath Blade
Zealot","Adamant
All For You
Courage of the Colossus
Crack Open That Egg
Cruelty
Empowered By The Faithful
Empyrean Promise
Guilty Pleasure
I'm a Baby Kitty Where is Mama
Impassable
Juiced
Mind to Matter
Ocean Soul
Protein Shake
Skilled Sniper
Sonata
Sonic Boom
Soul Eater
Tormentor
Trueshot Prodigy
Upgrade Mikael's Blessing"
TwistedFate,"Adamant
ADAPt
Big Brain
Cruelty
Eureka
Executioner
FireFox
From Beginning To End
Giant Slayer
Glass Cannon
Grandma's Chili Oil
Hat on a Hat
Ice Cold
Infernal Conduit
It's Killing Time
Jeweled Gauntlet
Keystone Conjurer
Magic Missile
Marksmage
Master of Duality
Mind to Matter
Ok Boomerang
Ominous Pact
Overflow
Phenomenal Evil
Poro Blaster
Quest: Wooglet's Witchcap
Rabble Rousing
Skilled Sniper
Speed Demon
Spiritual Purification
Thread the Needle
Trueshot Prodigy
Upgrade Zhonya's
Vampirism
Void Rift
Weighted Popoffs
Witchful Thinking","All For You
Crack Open That Egg
Dashing
Demon's Dance
Earthwake
Empowered By The Faithful
Empyrean Promise
First-Aid Kit
Flashbang
Gash
Holy Fire
I'm a Baby Kitty Where is Mama
Mighty Shield
Outlaw's Grit
Prom Queen
Protein Shake
Quest: Icathia's Fall
Shadow Runner
Sonata
Sonic Boom
Stuck In Here With Me
Swift and Safe
Upgrade Immolate
Upgrade Mikael's Blessing
Upgrade Thornmail
Wind Beneath Blade
Windspeaker's Blessing"
Twitch,"ADAPt
Big Brain
Cerberus
Critical Missile
Critical Rhythm
Deft
Draw Your Sword
Dual Wield
escAPADe
Eureka
Executioner
Fan The Hammer
Firebrand
FireFox
From Beginning To End
Get Excited!
Giant Slayer
Glass Cannon
Goredrink
Grandma's Chili Oil
Hat on a Hat
Ice Cold
Infernal Conduit
It's Killing Time
Jeweled Gauntlet
Keystone Conjurer
Light 'Em Up!
Lightning Strikes
Magic Missile
Marksmage
Master of Duality
Mind to Matter
Mystic Punch
Ok Boomerang
Ominous Pact
Overflow
Phenomenal Evil
Poro Blaster
Quest: Wooglet's Witchcap
Rabble Rousing
ReEnergize
Scoped Weapons
Scopier Weapons
Scopiest Weapons
Shrink Ray
Skilled Sniper
Slow And Steady
Speed Demon
Spiritual Purification
Symphony of War
Tap Dancer
Thread the Needle
Trueshot Prodigy
Twice Thrice
Typhoon
Upgrade Collector
Upgrade Sheen
Upgrade Zhonya's
Vampirism
Void Rift
Weighted Popoffs
Witchful Thinking
Zealot","All For You
Courage of the Colossus
Crack Open That Egg
Dashing
Earthwake
Empowered By The Faithful
Empyrean Promise
First-Aid Kit
Flashbang
Guilty Pleasure
Holy Fire
I'm a Baby Kitty Where is Mama
Impassable
Mighty Shield
Outlaw's Grit
Prom Queen
Protein Shake
Quest: Icathia's Fall
Shadow Runner
Slap Around
Sonata
Sonic Boom
Soul Eater
Stuck In Here With Me
Swift and Safe
Tormentor
Upgrade Immolate
Upgrade Mikael's Blessing
Upgrade Thornmail
Wind Beneath Blade
Windspeaker's Blessing"
Udyr,"Adamant
ADAPt
Big Brain
Blade Waltz
Celestial Body
Cerberus
Circle of Death
Courage of the Colossus
Critical Healing
Cruelty
Deft
Demon's Dance
Dropkick
Dual Wield
Erosion
escAPADe
Eureka
Executioner
Fan The Hammer
Final Form
Firebrand
FireFox
From Beginning To End
Frost Wraith
Gash
Get Excited!
Giant Slayer
Glass Cannon
Goliath
Goredrink
Grandma's Chili Oil
Guilty Pleasure
Hat on a Hat
Heavy Hitter
Ice Cold
Impassable
Infernal Conduit
Infernal Soul
Jeweled Gauntlet
Keystone Conjurer
King Me
Laser Heal
Light 'Em Up!
Lightning Strikes
Magic Missile
Marksmage
Master of Duality
Mighty Shield
Mind to Matter
Mountain Soul
Mystic Punch
Ominous Pact
Overflow
Perseverance
Phenomenal Evil
Poro Blaster
Prom Queen
Quest: Icathia's Fall
Quest: Steel Your Heart
Quest: Wooglet's Witchcap
Rabble Rousing
Scoped Weapons
Scopier Weapons
Scopiest Weapons
Self Destruct
Shrink Ray
Slap Around
Slow And Steady
Slow Cooker
Soul Eater
Speed Demon
Spiritual Purification
Symphony of War
Tank Engine
Tap Dancer
The Brutalizer
Thread the Needle
Tormentor
Triggered Inferno
Twice Thrice
Typhoon
Upgrade Collector
Upgrade Hubris
Upgrade Immolate
Upgrade Sheen
Upgrade Thornmail
Upgrade Zhonya's
Vampirism
Void Rift
Weighted Popoffs
Windspeaker's Blessing
Witchful Thinking
Zealot","All For You
Back To Basics
Can't Touch This
Crack Open That Egg
Dashing
Earthwake
Empowered By The Faithful
Empyrean Promise
Fey Magic
I'm a Baby Kitty Where is Mama
Nightstalking
Outlaw's Grit
Shadow Runner
Skilled Sniper
Swift and Safe
Trueshot Prodigy
Ultimate Awakening
Ultimate Revolution
Ultimate Unstoppable
Upgrade Mikael's Blessing"
Urgot,"Adamant
Blade Waltz
Celestial Body
Cerberus
Courage of the Colossus
Critical Healing
Critical Missile
Critical Rhythm
Deft
Draw Your Sword
Dropkick
Dual Wield
Erosion
escAPADe
Executioner
Fan The Hammer
Firebrand
Flashbang
Frost Wraith
Get Excited!
Giant Slayer
Glass Cannon
Goliath
Goredrink
Guilty Pleasure
Heavy Hitter
Impassable
Infernal Soul
Jeweled Gauntlet
King Me
Laser Heal
Light 'Em Up!
Lightning Strikes
Mountain Soul
Mystic Punch
Overflow
Perseverance
Poro Blaster
Quest: Steel Your Heart
Rabble Rousing
ReEnergize
Scoped Weapons
Scopier Weapons
Scopiest Weapons
Self Destruct
Shrink Ray
Slap Around
Slow And Steady
Slow Cooker
Soul Eater
Speed Demon
Spiritual Purification
Symphony of War
Tank Engine
Tap Dancer
The Brutalizer
Thread the Needle
Tormentor
Triggered Inferno
Twice Thrice
Typhoon
Upgrade Collector
Upgrade Hubris
Vampirism
Weighted Popoffs
Wind Beneath Blade","ADAPt
All For You
Big Brain
Circle of Death
Crack Open That Egg
Empowered By The Faithful
Empyrean Promise
Eureka
FireFox
First-Aid Kit
Holy Fire
I'm a Baby Kitty Where is Mama
Marksmage
Ominous Pact
Phenomenal Evil
Quest: Wooglet's Witchcap
Skilled Sniper
Stuck In Here With Me
Trueshot Prodigy
Twin Fire
Upgrade Mikael's Blessing
Upgrade Zhonya's
Void Rift
Witchful Thinking"
Varus,"Blade Waltz
Cerberus
Critical Missile
Critical Rhythm
Deft
Draw Your Sword
Dual Wield
escAPADe
Executioner
Fan The Hammer
Firebrand
From Beginning To End
Get Excited!
Giant Slayer
Glass Cannon
Goliath
Goredrink
Infernal Soul
Jeweled Gauntlet
King Me
Light 'Em Up!
Lightning Strikes
Master of Duality
Mystic Punch
Ok Boomerang
Overflow
Poro Blaster
Rabble Rousing
ReEnergize
Scoped Weapons
Scopier Weapons
Scopiest Weapons
Shrink Ray
Skilled Sniper
Slow And Steady
Speed Demon
Spiritual Purification
Symphony of War
Tap Dancer
The Brutalizer
Thread the Needle
Triggered Inferno
Trueshot Prodigy
Twice Thrice
Typhoon
Upgrade Collector
Upgrade Hubris
Upgrade Sheen
Vampirism
Weighted Popoffs
Zealot","Adamant
All For You
Circle of Death
Courage of the Colossus
Crack Open That Egg
Cruelty
Dashing
Earthwake
Empowered By The Faithful
Empyrean Promise
Final Form
First-Aid Kit
Guilty Pleasure
Holy Fire
I'm a Baby Kitty Where is Mama
Impassable
Mighty Shield
Outlaw's Grit
Prom Queen
Protein Shake
Quest: Icathia's Fall
Shadow Runner
Sonata
Sonic Boom
Soul Eater
Stuck In Here With Me
Swift and Safe
Tormentor
Upgrade Immolate
Upgrade Mikael's Blessing
Upgrade Thornmail
Windspeaker's Blessing"
Vayne,"Blade Waltz
Cerberus
Clown College
Critical Missile
Critical Rhythm
Dashing
Deft
Draw Your Sword
Dual Wield
Earthwake
escAPADe
Executioner
Fan The Hammer
Firebrand
Flashbang
Get Excited!
Giant Slayer
Glass Cannon
Goredrink
It's Killing Time
Jeweled Gauntlet
Kill Secured
King Me
Light 'Em Up!
Lightning Strikes
Mystic Punch
Nightstalking
Outlaw's Grit
ReEnergize
Scoped Weapons
Scopier Weapons
Scopiest Weapons
Self Destruct
Shadow Runner
Shrink Ray
Slow And Steady
Spiritual Purification
Swift and Safe
Symphony of War
Tap Dancer
Thread the Needle
Twice Thrice
Typhoon
Upgrade Collector
Upgrade Hubris
Vampirism
Wind Beneath Blade","All For You
Big Brain
Circle of Death
Crack Open That Egg
Cruelty
Empowered By The Faithful
Empyrean Promise
Eureka
FireFox
First-Aid Kit
Grandma's Chili Oil
Hat on a Hat
Holy Fire
I'm a Baby Kitty Where is Mama
Marksmage
Ominous Pact
Phenomenal Evil
Protein Shake
Quest: Icathia's Fall
Quest: Wooglet's Witchcap
Skilled Sniper
Sonata
Sonic Boom
Stuck In Here With Me
Trueshot Prodigy
Twin Fire
Upgrade Immolate
Upgrade Mikael's Blessing
Upgrade Thornmail
Upgrade Zhonya's
Void Rift
Windspeaker's Blessing
Witchful Thinking"
Veigar,"Adamant
ADAPt
Big Brain
Cruelty
Eureka
Executioner
FireFox
From Beginning To End
Giant Slayer
Glass Cannon
Grandma's Chili Oil
Hat on a Hat
Ice Cold
Infernal Conduit
It's Killing Time
Jeweled Gauntlet
Keystone Conjurer
Magic Missile
Marksmage
Mind to Matter
Ominous Pact
Overflow
Phenomenal Evil
Poro Blaster
Quest: Wooglet's Witchcap
Rabble Rousing
Speed Demon
Spiritual Purification
Thread the Needle
Upgrade Zhonya's
Vampirism
Void Rift
Weighted Popoffs
Witchful Thinking","All For You
Blunt Force
Crack Open That Egg
Critical Rhythm
Dashing
Demon's Dance
Draw Your Sword
Dual Wield
Earthwake
Empowered By The Faithful
Empyrean Promise
escAPADe
Fan The Hammer
First-Aid Kit
Flashbang
Gash
Holy Fire
I'm a Baby Kitty Where is Mama
Lightning Strikes
Mighty Shield
Nightstalking
Outlaw's Grit
Prom Queen
Protein Shake
Quest: Icathia's Fall
ReEnergize
Shadow Runner
Shrink Ray
Slow And Steady
Sonata
Sonic Boom
Stuck In Here With Me
Swift and Safe
The Brutalizer
Twice Thrice
Typhoon
Upgrade Collector
Upgrade Hubris
Upgrade Immolate
Upgrade Infinity Edge
Upgrade Mikael's Blessing
Upgrade Sheen
Upgrade Thornmail
Wind Beneath Blade
Windspeaker's Blessing"
Velkoz,"Adamant
ADAPt
Big Brain
Cruelty
Eureka
Executioner
FireFox
From Beginning To End
Giant Slayer
Glass Cannon
Grandma's Chili Oil
Hat on a Hat
Ice Cold
Infernal Conduit
It's Killing Time
Jeweled Gauntlet
Keystone Conjurer
Magic Missile
Marksmage
Mind to Matter
Ok Boomerang
Ominous Pact
Overflow
Phenomenal Evil
Poro Blaster
Quest: Wooglet's Witchcap
Rabble Rousing
Skilled Sniper
Speed Demon
Spiritual Purification
Thread the Needle
Trueshot Prodigy
Upgrade Zhonya's
Vampirism
Void Rift
Weighted Popoffs
Witchful Thinking","All For You
Blunt Force
Crack Open That Egg
Critical Rhythm
Dashing
Demon's Dance
Draw Your Sword
Dual Wield
Earthwake
Empowered By The Faithful
Empyrean Promise
escAPADe
Fan The Hammer
First-Aid Kit
Flashbang
Gash
Holy Fire
I'm a Baby Kitty Where is Mama
Lightning Strikes
Mighty Shield
Outlaw's Grit
Prom Queen
Protein Shake
Quest: Icathia's Fall
ReEnergize
Shadow Runner
Shrink Ray
Slow And Steady
Sonata
Sonic Boom
Stuck In Here With Me
Swift and Safe
The Brutalizer
Twice Thrice
Typhoon
Upgrade Collector
Upgrade Hubris
Upgrade Immolate
Upgrade Infinity Edge
Upgrade Mikael's Blessing
Upgrade Sheen
Upgrade Thornmail
Wind Beneath Blade
Windspeaker's Blessing"
Vex,"Adamant
ADAPt
Big Brain
Circle of Death
Cruelty
Eureka
Executioner
FireFox
From Beginning To End
Giant Slayer
Glass Cannon
Grandma's Chili Oil
Hat on a Hat
Ice Cold
Infernal Conduit
It's Killing Time
Jeweled Gauntlet
Keystone Conjurer
Magic Missile
Marksmage
Mind to Matter
Ominous Pact
Overflow
Phenomenal Evil
Poro Blaster
Quest: Wooglet's Witchcap
Rabble Rousing
Speed Demon
Spiritual Purification
Thread the Needle
Upgrade Zhonya's
Vampirism
Void Rift
Weighted Popoffs
Witchful Thinking","All For You
Blunt Force
Crack Open That Egg
Critical Rhythm
Dashing
Demon's Dance
Draw Your Sword
Dual Wield
Earthwake
Empowered By The Faithful
Empyrean Promise
escAPADe
Fan The Hammer
Flashbang
Gash
I'm a Baby Kitty Where is Mama
Lightning Strikes
Nightstalking
Outlaw's Grit
Prom Queen
Protein Shake
Quest: Icathia's Fall
ReEnergize
Shadow Runner
Shrink Ray
Slow And Steady
Sonata
Sonic Boom
Stuck In Here With Me
Swift and Safe
The Brutalizer
Twice Thrice
Typhoon
Upgrade Collector
Upgrade Hubris
Upgrade Immolate
Upgrade Infinity Edge
Upgrade Mikael's Blessing
Upgrade Sheen
Upgrade Thornmail
Wind Beneath Blade"
Vi,"Adamant
Blade Waltz
Celestial Body
Cerberus
Clown College
Courage of the Colossus
Critical Healing
Dashing
Deft
Demon's Dance
Dropkick
Dual Wield
Earthwake
Erosion
escAPADe
Executioner
Fan The Hammer
Final Form
Firebrand
Flashbang
Frost Wraith
Gash
Get Excited!
Giant Slayer
Glass Cannon
Goliath
Goredrink
Guilty Pleasure
Heavy Hitter
Impassable
Infernal Soul
It's Killing Time
Jeweled Gauntlet
Kill Secured
King Me
Laser Heal
Light 'Em Up!
Lightning Strikes
Mighty Shield
Mountain Soul
Mystic Punch
Nightstalking
Outlaw's Grit
Overflow
Perseverance
Poro Blaster
Prom Queen
Quest: Icathia's Fall
Quest: Steel Your Heart
Rabble Rousing
Scoped Weapons
Scopier Weapons
Scopiest Weapons
Self Destruct
Shadow Runner
Shrink Ray
Slap Around
Slow And Steady
Slow Cooker
Soul Eater
Speed Demon
Spiritual Purification
Swift and Safe
Symphony of War
Tank Engine
Tap Dancer
The Brutalizer
Thread the Needle
Tormentor
Triggered Inferno
Twice Thrice
Typhoon
Upgrade Collector
Upgrade Hubris
Upgrade Immolate
Upgrade Thornmail
Vampirism
Weighted Popoffs
Wind Beneath Blade
Windspeaker's Blessing","All For You
Big Brain
Circle of Death
Crack Open That Egg
Empowered By The Faithful
Empyrean Promise
Eureka
FireFox
I'm a Baby Kitty Where is Mama
Marksmage
Ominous Pact
Phenomenal Evil
Quest: Wooglet's Witchcap
Skilled Sniper
Trueshot Prodigy
Twin Fire
Upgrade Mikael's Blessing
Upgrade Zhonya's
Void Rift
Witchful Thinking"
Viego,"Blade Waltz
Cerberus
Clown College
Dashing
Deft
Demon's Dance
Dual Wield
Earthwake
escAPADe
Executioner
Fan The Hammer
Final Form
Firebrand
Flashbang
Gash
Get Excited!
Giant Slayer
Glass Cannon
Goliath
Goredrink
Infernal Soul
It's Killing Time
Jeweled Gauntlet
Kill Secured
King Me
Light 'Em Up!
Lightning Strikes
Mystic Punch
Nightstalking
Outlaw's Grit
Poro Blaster
Prom Queen
Rabble Rousing
Scoped Weapons
Scopier Weapons
Scopiest Weapons
Self Destruct
Shadow Runner
Shrink Ray
Slap Around
Slow And Steady
Speed Demon
Spiritual Purification
Swift and Safe
Symphony of War
Tap Dancer
The Brutalizer
Thread the Needle
Triggered Inferno
Twice Thrice
Typhoon
Upgrade Collector
Upgrade Hubris
Vampirism
Weighted Popoffs
Wind Beneath Blade","All For You
Big Brain
Circle of Death
Crack Open That Egg
Cruelty
Empowered By The Faithful
Empyrean Promise
Eureka
FireFox
First-Aid Kit
Grandma's Chili Oil
Hat on a Hat
Holy Fire
I'm a Baby Kitty Where is Mama
Juiced
Marksmage
Mind to Matter
Ocean Soul
Ominous Pact
Phenomenal Evil
Protein Shake
Quest: Wooglet's Witchcap
Skilled Sniper
Sonata
Sonic Boom
Trueshot Prodigy
Twin Fire
Upgrade Mikael's Blessing
Upgrade Zhonya's
Void Rift
Windspeaker's Blessing
Witchful Thinking"
Vladimir,"ADAPt
Big Brain
Celestial Body
Circle of Death
Critical Healing
Dropkick
Erosion
Eureka
Executioner
FireFox
From Beginning To End
Frost Wraith
Giant Slayer
Glass Cannon
Goliath
Grandma's Chili Oil
Hat on a Hat
Heavy Hitter
Ice Cold
Infernal Conduit
It's Killing Time
Jeweled Gauntlet
Keystone Conjurer
King Me
Laser Heal
Magic Missile
Marksmage
Mighty Shield
Mountain Soul
Ominous Pact
Perseverance
Phenomenal Evil
Poro Blaster
Quest: Steel Your Heart
Quest: Wooglet's Witchcap
Rabble Rousing
Self Destruct
Slow Cooker
Speed Demon
Spiritual Purification
Tank Engine
Thread the Needle
Upgrade Zhonya's
Vampirism
Void Rift
Weighted Popoffs
Windspeaker's Blessing
Witchful Thinking","All For You
Blunt Force
Crack Open That Egg
Critical Rhythm
Dashing
Demon's Dance
Draw Your Sword
Dual Wield
Earthwake
Empowered By The Faithful
Empyrean Promise
escAPADe
Fan The Hammer
Flashbang
I'm a Baby Kitty Where is Mama
Juiced
Lightning Strikes
Nightstalking
Ocean Soul
Outlaw's Grit
ReEnergize
Shadow Runner
Shrink Ray
Skilled Sniper
Slow And Steady
Stuck In Here With Me
Swift and Safe
The Brutalizer
Trueshot Prodigy
Twice Thrice
Typhoon
Upgrade Collector
Upgrade Hubris
Upgrade Infinity Edge
Upgrade Mikael's Blessing
Upgrade Sheen
Wind Beneath Blade"
Volibear,"Adamant
ADAPt
Big Brain
Blade Waltz
Celestial Body
Circle of Death
Courage of the Colossus
Critical Healing
Cruelty
Demon's Dance
Dropkick
Erosion
escAPADe
Eureka
Executioner
Final Form
FireFox
Flashbang
From Beginning To End
Frost Wraith
Gash
Get Excited!
Giant Slayer
Glass Cannon
Goliath
Goredrink
Grandma's Chili Oil
Guilty Pleasure
Hat on a Hat
Heavy Hitter
Ice Cold
Impassable
Infernal Conduit
Infernal Soul
It's Killing Time
Jeweled Gauntlet
Keystone Conjurer
King Me
Laser Heal
Magic Missile
Marksmage
Master of Duality
Mighty Shield
Mind to Matter
Mountain Soul
Mystic Punch
Ominous Pact
Overflow
Perseverance
Phenomenal Evil
Poro Blaster
Prom Queen
Quest: Icathia's Fall
Quest: Steel Your Heart
Quest: Wooglet's Witchcap
Rabble Rousing
Self Destruct
Slap Around
Slow Cooker
Soul Eater
Speed Demon
Spiritual Purification
Symphony of War
Tank Engine
The Brutalizer
Thread the Needle
Tormentor
Triggered Inferno
Upgrade Hubris
Upgrade Immolate
Upgrade Thornmail
Upgrade Zhonya's
Vampirism
Void Rift
Weighted Popoffs
Wind Beneath Blade
Windspeaker's Blessing
Witchful Thinking","All For You
Crack Open That Egg
Critical Missile
Critical Rhythm
Draw Your Sword
Empowered By The Faithful
Empyrean Promise
I'm a Baby Kitty Where is Mama
ReEnergize
Skilled Sniper
Upgrade Mikael's Blessing"
Warwick,"Adamant
Blade Waltz
Celestial Body
Cerberus
Courage of the Colossus
Critical Healing
Cruelty
Deft
Demon's Dance
Dropkick
Dual Wield
Erosion
escAPADe
Executioner
Fan The Hammer
Final Form
Firebrand
Flashbang
Frost Wraith
Gash
Get Excited!
Giant Slayer
Glass Cannon
Goliath
Goredrink
Grandma's Chili Oil
Guilty Pleasure
Hat on a Hat
Heavy Hitter
Impassable
Infernal Soul
Jeweled Gauntlet
King Me
Laser Heal
Light 'Em Up!
Lightning Strikes
Master of Duality
Mighty Shield
Mountain Soul
Mystic Punch
Overflow
Perseverance
Poro Blaster
Prom Queen
Quest: Icathia's Fall
Quest: Steel Your Heart
Rabble Rousing
Scoped Weapons
Scopier Weapons
Scopiest Weapons
Self Destruct
Shrink Ray
Slap Around
Slow And Steady
Slow Cooker
Soul Eater
Speed Demon
Spiritual Purification
Symphony of War
Tank Engine
Tap Dancer
The Brutalizer
Thread the Needle
Tormentor
Triggered Inferno
Twice Thrice
Typhoon
Upgrade Collector
Upgrade Hubris
Upgrade Immolate
Upgrade Sheen
Upgrade Thornmail
Vampirism
Weighted Popoffs
Wind Beneath Blade
Windspeaker's Blessing
Zealot","All For You
Crack Open That Egg
Empowered By The Faithful
Empyrean Promise
I'm a Baby Kitty Where is Mama
Skilled Sniper
Trueshot Prodigy
Upgrade Mikael's Blessing"
Xayah,"Cerberus
Critical Missile
Critical Rhythm
Deft
Draw Your Sword
Dual Wield
escAPADe
Fan The Hammer
Firebrand
Get Excited!
Giant Slayer
Glass Cannon
Goredrink
Light 'Em Up!
Lightning Strikes
Mystic Punch
ReEnergize
Scoped Weapons
Scopier Weapons
Scopiest Weapons
Shrink Ray
Slow And Steady
Spiritual Purification
Symphony of War
Tap Dancer
Thread the Needle
Twice Thrice
Typhoon
Upgrade Collector
Vampirism","ADAPt
All For You
Big Brain
Circle of Death
Crack Open That Egg
Cruelty
Dashing
Earthwake
Empowered By The Faithful
Empyrean Promise
Eureka
Final Form
FireFox
First-Aid Kit
Flashbang
Grandma's Chili Oil
Hat on a Hat
Holy Fire
I'm a Baby Kitty Where is Mama
Marksmage
Mighty Shield
Nightstalking
Ominous Pact
Outlaw's Grit
Phenomenal Evil
Prom Queen
Protein Shake
Quest: Icathia's Fall
Quest: Wooglet's Witchcap
Shadow Runner
Sonata
Sonic Boom
Stuck In Here With Me
Swift and Safe
Twin Fire
Upgrade Immolate
Upgrade Mikael's Blessing
Upgrade Thornmail
Upgrade Zhonya's
Void Rift
Wind Beneath Blade
Windspeaker's Blessing
Witchful Thinking"
Xerath,"Adamant
ADAPt
Big Brain
Cruelty
Eureka
Executioner
FireFox
From Beginning To End
Giant Slayer
Glass Cannon
Grandma's Chili Oil
Hat on a Hat
Ice Cold
Infernal Conduit
It's Killing Time
Jeweled Gauntlet
Keystone Conjurer
Magic Missile
Marksmage
Mind to Matter
Ok Boomerang
Ominous Pact
Overflow
Phenomenal Evil
Poro Blaster
Quest: Wooglet's Witchcap
Rabble Rousing
Skilled Sniper
Speed Demon
Spiritual Purification
Thread the Needle
Trueshot Prodigy
Upgrade Zhonya's
Vampirism
Void Rift
Weighted Popoffs
Witchful Thinking","All For You
Blunt Force
Crack Open That Egg
Critical Rhythm
Dashing
Demon's Dance
Draw Your Sword
Dual Wield
Earthwake
Empowered By The Faithful
Empyrean Promise
escAPADe
Fan The Hammer
First-Aid Kit
Flashbang
Gash
Holy Fire
I'm a Baby Kitty Where is Mama
Lightning Strikes
Mighty Shield
Outlaw's Grit
Prom Queen
Protein Shake
Quest: Icathia's Fall
ReEnergize
Shadow Runner
Shrink Ray
Slow And Steady
Sonata
Sonic Boom
Stuck In Here With Me
Swift and Safe
The Brutalizer
Twice Thrice
Typhoon
Upgrade Collector
Upgrade Hubris
Upgrade Immolate
Upgrade Infinity Edge
Upgrade Mikael's Blessing
Upgrade Sheen
Upgrade Thornmail
Wind Beneath Blade
Windspeaker's Blessing"
Yasuo,"Blade Waltz
Cerberus
Clown College
Dashing
Deft
Demon's Dance
Dual Wield
Earthwake
escAPADe
Executioner
Fan The Hammer
Final Form
Firebrand
Flashbang
Gash
Get Excited!
Giant Slayer
Glass Cannon
Goredrink
It's Killing Time
Jeweled Gauntlet
Kill Secured
King Me
Light 'Em Up!
Lightning Strikes
Mystic Punch
Nightstalking
Outlaw's Grit
Prom Queen
Scoped Weapons
Scopier Weapons
Scopiest Weapons
Self Destruct
Shadow Runner
Shrink Ray
Slow And Steady
Spiritual Purification
Swift and Safe
Symphony of War
Tap Dancer
Thread the Needle
Twice Thrice
Typhoon
Upgrade Collector
Upgrade Hubris
Vampirism
Wind Beneath Blade","All For You
Big Brain
Circle of Death
Crack Open That Egg
Cruelty
Empowered By The Faithful
Empyrean Promise
Eureka
FireFox
First-Aid Kit
Grandma's Chili Oil
Hat on a Hat
Holy Fire
I'm a Baby Kitty Where is Mama
Juiced
Marksmage
Mind to Matter
Ocean Soul
Ominous Pact
Overflow
Phenomenal Evil
Protein Shake
Quest: Wooglet's Witchcap
Skilled Sniper
Sonata
Sonic Boom
Trueshot Prodigy
Twin Fire
Upgrade Mikael's Blessing
Upgrade Zhonya's
Void Rift
Windspeaker's Blessing
Witchful Thinking"
Yone,"Blade Waltz
Cerberus
Clown College
Dashing
Deft
Demon's Dance
Dual Wield
Earthwake
escAPADe
Executioner
Fan The Hammer
Final Form
Firebrand
Flashbang
Gash
Get Excited!
Giant Slayer
Glass Cannon
Goredrink
It's Killing Time
Jeweled Gauntlet
Kill Secured
King Me
Light 'Em Up!
Lightning Strikes
Mighty Shield
Mystic Punch
Nightstalking
Outlaw's Grit
Prom Queen
Scoped Weapons
Scopier Weapons
Scopiest Weapons
Self Destruct
Shadow Runner
Shrink Ray
Slow And Steady
Spiritual Purification
Swift and Safe
Symphony of War
Tap Dancer
Thread the Needle
Twice Thrice
Typhoon
Upgrade Collector
Upgrade Hubris
Vampirism
Wind Beneath Blade","All For You
Big Brain
Circle of Death
Crack Open That Egg
Cruelty
Empowered By The Faithful
Empyrean Promise
Eureka
FireFox
Grandma's Chili Oil
Hat on a Hat
I'm a Baby Kitty Where is Mama
Juiced
Marksmage
Mind to Matter
Ocean Soul
Ominous Pact
Overflow
Phenomenal Evil
Protein Shake
Quest: Wooglet's Witchcap
Skilled Sniper
Sonata
Sonic Boom
Trueshot Prodigy
Twin Fire
Upgrade Mikael's Blessing
Upgrade Zhonya's
Void Rift
Witchful Thinking"
Yorick,"Blade Waltz
Celestial Body
Cerberus
Critical Healing
Deft
Demon's Dance
Dropkick
Dual Wield
Erosion
escAPADe
Executioner
Fan The Hammer
Final Form
Firebrand
Frost Wraith
Gash
Get Excited!
Giant Slayer
Glass Cannon
Goliath
Goredrink
Heavy Hitter
Infernal Soul
Jeweled Gauntlet
King Me
Laser Heal
Light 'Em Up!
Lightning Strikes
Mighty Shield
Mountain Soul
Mystic Punch
Overflow
Perseverance
Poro Blaster
Prom Queen
Quest: Icathia's Fall
Quest: Steel Your Heart
Rabble Rousing
Scoped Weapons
Scopier Weapons
Scopiest Weapons
Self Destruct
Shrink Ray
Slow And Steady
Slow Cooker
Speed Demon
Spiritual Purification
Symphony of War
Tank Engine
Tap Dancer
The Brutalizer
Thread the Needle
Triggered Inferno
Twice Thrice
Typhoon
Upgrade Collector
Upgrade Hubris
Upgrade Immolate
Upgrade Thornmail
Vampirism
Weighted Popoffs
Windspeaker's Blessing","ADAPt
All For You
Big Brain
Circle of Death
Crack Open That Egg
Dashing
Earthwake
Empowered By The Faithful
Empyrean Promise
Eureka
FireFox
I'm a Baby Kitty Where is Mama
Marksmage
Nightstalking
Ominous Pact
Outlaw's Grit
Phenomenal Evil
Quest: Wooglet's Witchcap
Shadow Runner
Skilled Sniper
Swift and Safe
Twin Fire
Upgrade Mikael's Blessing
Upgrade Zhonya's
Void Rift
Witchful Thinking"
Yuumi,"ADAPt
All For You
Big Brain
Celestial Body
Circle of Death
Crack Open That Egg
Critical Healing
Empowered By The Faithful
Empyrean Promise
Eureka
Executioner
Feel the Burn
FireFox
First-Aid Kit
From Beginning To End
Giant Slayer
Glass Cannon
Grandma's Chili Oil
Hat on a Hat
Holy Fire
I'm a Baby Kitty Where is Mama
Ice Cold
Infernal Conduit
It's Killing Time
Jeweled Gauntlet
Keystone Conjurer
Laser Heal
Magic Missile
Marksmage
Mind to Matter
Ominous Pact
Overflow
Perseverance
Phenomenal Evil
Poro Blaster
Protein Shake
Quest: Wooglet's Witchcap
Rabble Rousing
Sonata
Sonic Boom
Speed Demon
Spiritual Purification
Thread the Needle
Upgrade Mikael's Blessing
Upgrade Zhonya's
Vampirism
Void Rift
Weighted Popoffs
Windspeaker's Blessing
Witchful Thinking","Blunt Force
Courage of the Colossus
Critical Rhythm
Dashing
Demon's Dance
Draw Your Sword
Dual Wield
Earthwake
escAPADe
Fan The Hammer
Flashbang
Gash
Guilty Pleasure
Lightning Strikes
Nightstalking
Outlaw's Grit
Prom Queen
Quest: Icathia's Fall
ReEnergize
Shadow Runner
Shrink Ray
Slow And Steady
Soul Eater
Stuck In Here With Me
Swift and Safe
The Brutalizer
Tormentor
Twice Thrice
Typhoon
Upgrade Collector
Upgrade Hubris
Upgrade Immolate
Upgrade Infinity Edge
Upgrade Sheen
Upgrade Thornmail
Wind Beneath Blade"
Zac,"Adamant
ADAPt
Big Brain
Celestial Body
Circle of Death
Courage of the Colossus
Critical Healing
Cruelty
Dropkick
Erosion
Eureka
Executioner
Final Form
FireFox
From Beginning To End
Frost Wraith
Gash
Giant Slayer
Glass Cannon
Goliath
Grandma's Chili Oil
Guilty Pleasure
Hat on a Hat
Heavy Hitter
Ice Cold
Impassable
Infernal Conduit
It's Killing Time
Jeweled Gauntlet
Keystone Conjurer
King Me
Laser Heal
Magic Missile
Marksmage
Mighty Shield
Mountain Soul
Ominous Pact
Perseverance
Phenomenal Evil
Poro Blaster
Prom Queen
Quest: Icathia's Fall
Quest: Steel Your Heart
Quest: Wooglet's Witchcap
Rabble Rousing
Self Destruct
Slap Around
Slow Cooker
Soul Eater
Speed Demon
Spiritual Purification
Tank Engine
Thread the Needle
Tormentor
Upgrade Immolate
Upgrade Thornmail
Upgrade Zhonya's
Vampirism
Void Rift
Weighted Popoffs
Windspeaker's Blessing
Witchful Thinking","All For You
Blunt Force
Crack Open That Egg
Critical Missile
Critical Rhythm
Draw Your Sword
Dual Wield
Empowered By The Faithful
Empyrean Promise
escAPADe
Fan The Hammer
I'm a Baby Kitty Where is Mama
Juiced
Lightning Strikes
Ocean Soul
ReEnergize
Shrink Ray
Skilled Sniper
Slow And Steady
The Brutalizer
Trueshot Prodigy
Twice Thrice
Typhoon
Upgrade Collector
Upgrade Hubris
Upgrade Infinity Edge
Upgrade Mikael's Blessing
Upgrade Sheen"
Zed,"Blade Waltz
Clown College
Dashing
Demon's Dance
Earthwake
escAPADe
Executioner
Final Form
Flashbang
Get Excited!
Giant Slayer
Glass Cannon
Goliath
Goredrink
Infernal Soul
It's Killing Time
Jeweled Gauntlet
Kill Secured
King Me
Mystic Punch
Nightstalking
Outlaw's Grit
Poro Blaster
Prom Queen
Rabble Rousing
Self Destruct
Shadow Runner
Speed Demon
Spiritual Purification
Swift and Safe
Symphony of War
The Brutalizer
Thread the Needle
Triggered Inferno
Upgrade Collector
Upgrade Hubris
Vampirism
Weighted Popoffs
Wind Beneath Blade","Adamant
All For You
Big Brain
Circle of Death
Courage of the Colossus
Crack Open That Egg
Critical Missile
Critical Rhythm
Cruelty
Draw Your Sword
Empowered By The Faithful
Empyrean Promise
Eureka
FireFox
First-Aid Kit
Grandma's Chili Oil
Guilty Pleasure
Hat on a Hat
Holy Fire
I'm a Baby Kitty Where is Mama
Impassable
Juiced
Marksmage
Mind to Matter
Ocean Soul
Ominous Pact
Phenomenal Evil
Protein Shake
Quest: Wooglet's Witchcap
ReEnergize
Skilled Sniper
Sonata
Sonic Boom
Soul Eater
Tormentor
Twin Fire
Upgrade Mikael's Blessing
Upgrade Sheen
Upgrade Zhonya's
Void Rift
Windspeaker's Blessing
Witchful Thinking
Zealot"
Zeri,"Cerberus
Deft
Dual Wield
escAPADe
Fan The Hammer
Firebrand
Get Excited!
Giant Slayer
Glass Cannon
Goredrink
Light 'Em Up!
Lightning Strikes
Master of Duality
Mystic Punch
Scoped Weapons
Scopier Weapons
Scopiest Weapons
Shrink Ray
Slow And Steady
Spiritual Purification
Symphony of War
Tap Dancer
Thread the Needle
Twice Thrice
Typhoon
Upgrade Collector
Upgrade Sheen
Vampirism
Zealot","Adamant
All For You
Circle of Death
Courage of the Colossus
Crack Open That Egg
Cruelty
Empowered By The Faithful
Empyrean Promise
Final Form
First-Aid Kit
Guilty Pleasure
Holy Fire
I'm a Baby Kitty Where is Mama
Impassable
Mighty Shield
Prom Queen
Protein Shake
Quest: Icathia's Fall
Skilled Sniper
Slap Around
Sonata
Sonic Boom
Soul Eater
Stuck In Here With Me
Tormentor
Upgrade Immolate
Upgrade Mikael's Blessing
Upgrade Thornmail
Windspeaker's Blessing"
Ziggs,"Adamant
ADAPt
Big Brain
Cruelty
Eureka
Executioner
FireFox
From Beginning To End
Giant Slayer
Glass Cannon
Grandma's Chili Oil
Hat on a Hat
Ice Cold
Infernal Conduit
It's Killing Time
Jeweled Gauntlet
Keystone Conjurer
Magic Missile
Marksmage
Mind to Matter
Ok Boomerang
Ominous Pact
Overflow
Phenomenal Evil
Poro Blaster
Quest: Wooglet's Witchcap
Rabble Rousing
Skilled Sniper
Speed Demon
Spiritual Purification
Thread the Needle
Trueshot Prodigy
Upgrade Zhonya's
Vampirism
Void Rift
Weighted Popoffs
Witchful Thinking","All For You
Blunt Force
Crack Open That Egg
Critical Rhythm
Dashing
Demon's Dance
Draw Your Sword
Dual Wield
Earthwake
Empowered By The Faithful
Empyrean Promise
escAPADe
Fan The Hammer
First-Aid Kit
Flashbang
Gash
Holy Fire
I'm a Baby Kitty Where is Mama
Lightning Strikes
Mighty Shield
Outlaw's Grit
Prom Queen
Protein Shake
Quest: Icathia's Fall
ReEnergize
Shadow Runner
Shrink Ray
Slow And Steady
Sonata
Sonic Boom
Stuck In Here With Me
Swift and Safe
The Brutalizer
Twice Thrice
Typhoon
Upgrade Collector
Upgrade Hubris
Upgrade Immolate
Upgrade Infinity Edge
Upgrade Mikael's Blessing
Upgrade Sheen
Upgrade Thornmail
Wind Beneath Blade
Windspeaker's Blessing"
Zilean,"Adamant
ADAPt
Big Brain
Celestial Body
Critical Healing
Cruelty
Eureka
Executioner
Feel the Burn
FireFox
From Beginning To End
Giant Slayer
Glass Cannon
Grandma's Chili Oil
Hat on a Hat
Ice Cold
Impassable
Infernal Conduit
It's Killing Time
Jeweled Gauntlet
Keystone Conjurer
Laser Heal
Magic Missile
Marksmage
Mind to Matter
Ominous Pact
Overflow
Perseverance
Phenomenal Evil
Poro Blaster
Quest: Wooglet's Witchcap
Rabble Rousing
Slap Around
Speed Demon
Spiritual Purification
Thread the Needle
Upgrade Zhonya's
Vampirism
Void Rift
Weighted Popoffs
Witchful Thinking","Blunt Force
Critical Rhythm
Dashing
Demon's Dance
Draw Your Sword
Dual Wield
Earthwake
escAPADe
Fan The Hammer
Flashbang
Gash
Lightning Strikes
Mighty Shield
Nightstalking
Outlaw's Grit
Prom Queen
Quest: Icathia's Fall
ReEnergize
Shadow Runner
Shrink Ray
Slow And Steady
Stuck In Here With Me
Swift and Safe
The Brutalizer
Twice Thrice
Typhoon
Upgrade Collector
Upgrade Hubris
Upgrade Immolate
Upgrade Infinity Edge
Upgrade Sheen
Upgrade Thornmail
Wind Beneath Blade"
Zoe,"Adamant
ADAPt
Big Brain
Cruelty
Eureka
Executioner
FireFox
From Beginning To End
Giant Slayer
Glass Cannon
Grandma's Chili Oil
Hat on a Hat
Ice Cold
Infernal Conduit
It's Killing Time
Jeweled Gauntlet
Keystone Conjurer
Magic Missile
Marksmage
Mind to Matter
Ominous Pact
Overflow
Phenomenal Evil
Poro Blaster
Quest: Wooglet's Witchcap
Rabble Rousing
Speed Demon
Spiritual Purification
Thread the Needle
Upgrade Zhonya's
Vampirism
Void Rift
Weighted Popoffs
Witchful Thinking","All For You
Blunt Force
Crack Open That Egg
Critical Rhythm
Demon's Dance
Draw Your Sword
Dual Wield
Empowered By The Faithful
Empyrean Promise
escAPADe
Fan The Hammer
First-Aid Kit
Gash
Holy Fire
I'm a Baby Kitty Where is Mama
Lightning Strikes
Mighty Shield
Prom Queen
Protein Shake
Quest: Icathia's Fall
ReEnergize
Shrink Ray
Slow And Steady
Sonata
Sonic Boom
Stuck In Here With Me
The Brutalizer
Twice Thrice
Typhoon
Upgrade Collector
Upgrade Hubris
Upgrade Immolate
Upgrade Infinity Edge
Upgrade Mikael's Blessing
Upgrade Sheen
Upgrade Thornmail
Windspeaker's Blessing"
Zyra,"Adamant
ADAPt
Big Brain
Cruelty
Eureka
Executioner
FireFox
From Beginning To End
Giant Slayer
Glass Cannon
Grandma's Chili Oil
Hat on a Hat
Ice Cold
Infernal Conduit
It's Killing Time
Jeweled Gauntlet
Keystone Conjurer
Magic Missile
Marksmage
Mind to Matter
Ok Boomerang
Ominous Pact
Overflow
Phenomenal Evil
Poro Blaster
Quest: Wooglet's Witchcap
Rabble Rousing
Skilled Sniper
Speed Demon
Spiritual Purification
Thread the Needle
Trueshot Prodigy
Upgrade Zhonya's
Vampirism
Void Rift
Weighted Popoffs
Witchful Thinking","All For You
Blunt Force
Crack Open That Egg
Critical Rhythm
Dashing
Demon's Dance
Draw Your Sword
Dual Wield
Earthwake
Empowered By The Faithful
Empyrean Promise
escAPADe
Fan The Hammer
First-Aid Kit
Flashbang
Gash
Holy Fire
I'm a Baby Kitty Where is Mama
Lightning Strikes
Mighty Shield
Outlaw's Grit
Prom Queen
Protein Shake
Quest: Icathia's Fall
ReEnergize
Shadow Runner
Shrink Ray
Slow And Steady
Sonata
Sonic Boom
Stuck In Here With Me
Swift and Safe
The Brutalizer
Twice Thrice
Typhoon
Upgrade Collector
Upgrade Hubris
Upgrade Immolate
Upgrade Infinity Edge
Upgrade Mikael's Blessing
Upgrade Sheen
Upgrade Thornmail
Wind Beneath Blade
Windspeaker's Blessing"
Ambessa,"Blade Waltz
Clown College
Dashing
Demon's Dance
Earthwake
escAPADe
Executioner
Final Form
Flashbang
Get Excited!
Giant Slayer
Glass Cannon
Goliath
Goredrink
Infernal Soul
It's Killing Time
Jeweled Gauntlet
Kill Secured
King Me
Mighty Shield
Mystic Punch
Nightstalking
Outlaw's Grit
Poro Blaster
Prom Queen
Rabble Rousing
Self Destruct
Shadow Runner
Speed Demon
Spiritual Purification
Swift and Safe
Symphony of War
The Brutalizer
Thread the Needle
Triggered Inferno
Upgrade Collector
Upgrade Hubris
Vampirism
Weighted Popoffs
Wind Beneath Blade","Adamant
All For You
Big Brain
Circle of Death
Courage of the Colossus
Crack Open That Egg
Critical Missile
Critical Rhythm
Cruelty
Draw Your Sword
Empowered By The Faithful
Empyrean Promise
Eureka
FireFox
Grandma's Chili Oil
Guilty Pleasure
Hat on a Hat
I'm a Baby Kitty Where is Mama
Impassable
Juiced
Marksmage
Mind to Matter
Ocean Soul
Ominous Pact
Phenomenal Evil
Protein Shake
Quest: Wooglet's Witchcap
ReEnergize
Skilled Sniper
Sonata
Sonic Boom
Soul Eater
Tormentor
Trueshot Prodigy
Twin Fire
Upgrade Mikael's Blessing
Upgrade Sheen
Upgrade Zhonya's
Void Rift
Witchful Thinking
Zealot"
Viktor,"Adamant
ADAPt
Big Brain
Cruelty
Eureka
Executioner
FireFox
From Beginning To End
Giant Slayer
Glass Cannon
Grandma's Chili Oil
Hat on a Hat
Ice Cold
Infernal Conduit
It's Killing Time
Jeweled Gauntlet
Keystone Conjurer
Magic Missile
Marksmage
Mind to Matter
Ominous Pact
Overflow
Phenomenal Evil
Poro Blaster
Quest: Wooglet's Witchcap
Rabble Rousing
Speed Demon
Spiritual Purification
Thread the Needle
Upgrade Zhonya's
Vampirism
Void Rift
Weighted Popoffs
Witchful Thinking","All For You
Blunt Force
Crack Open That Egg
Critical Rhythm
Dashing
Demon's Dance
Draw Your Sword
Dual Wield
Earthwake
Empowered By The Faithful
Empyrean Promise
escAPADe
Fan The Hammer
First-Aid Kit
Flashbang
Gash
Holy Fire
I'm a Baby Kitty Where is Mama
Lightning Strikes
Mighty Shield
Nightstalking
Outlaw's Grit
Prom Queen
Protein Shake
Quest: Icathia's Fall
ReEnergize
Shadow Runner
Shrink Ray
Slow And Steady
Sonata
Sonic Boom
Stuck In Here With Me
Swift and Safe
The Brutalizer
Twice Thrice
Typhoon
Upgrade Collector
Upgrade Hubris
Upgrade Immolate
Upgrade Infinity Edge
Upgrade Mikael's Blessing
Upgrade Sheen
Upgrade Thornmail
Wind Beneath Blade
Windspeaker's Blessing"
Mel,"Adamant
ADAPt
Big Brain
Cruelty
Eureka
Executioner
FireFox
From Beginning To End
Giant Slayer
Glass Cannon
Grandma's Chili Oil
Hat on a Hat
Ice Cold
Infernal Conduit
It's Killing Time
Jeweled Gauntlet
Keystone Conjurer
Magic Missile
Marksmage
Mind to Matter
Ok Boomerang
Ominous Pact
Overflow
Phenomenal Evil
Poro Blaster
Quest: Wooglet's Witchcap
Rabble Rousing
Skilled Sniper
Speed Demon
Spiritual Purification
Thread the Needle
Trueshot Prodigy
Upgrade Zhonya's
Vampirism
Void Rift
Weighted Popoffs
Witchful Thinking","All For You
Blunt Force
Crack Open That Egg
Critical Rhythm
Dashing
Demon's Dance
Draw Your Sword
Dual Wield
Earthwake
Empowered By The Faithful
Empyrean Promise
escAPADe
Fan The Hammer
First-Aid Kit
Flashbang
Gash
Holy Fire
I'm a Baby Kitty Where is Mama
Lightning Strikes
Mighty Shield
Outlaw's Grit
Prom Queen
Protein Shake
Quest: Icathia's Fall
ReEnergize
Shadow Runner
Shrink Ray
Slow And Steady
Sonata
Sonic Boom
Stuck In Here With Me
Swift and Safe
The Brutalizer
Twice Thrice
Typhoon
Upgrade Collector
Upgrade Hubris
Upgrade Immolate
Upgrade Infinity Edge
Upgrade Mikael's Blessing
Upgrade Sheen
Upgrade Thornmail
Wind Beneath Blade
Windspeaker's Blessing"
Leblanc,"Adamant
ADAPt
Big Brain
Blade Waltz
Clown College
Cruelty
Dashing
Earthwake
Eureka
Executioner
FireFox
Flashbang
From Beginning To End
Get Excited!
Giant Slayer
Glass Cannon
Goredrink
Grandma's Chili Oil
Hat on a Hat
Ice Cold
Infernal Conduit
It's Killing Time
Jeweled Gauntlet
Keystone Conjurer
Kill Secured
King Me
Magic Missile
Marksmage
Mind to Matter
Nightstalking
Ominous Pact
Outlaw's Grit
Overflow
Phenomenal Evil
Poro Blaster
Quest: Wooglet's Witchcap
Rabble Rousing
Self Destruct
Shadow Runner
Speed Demon
Spiritual Purification
Swift and Safe
Thread the Needle
Upgrade Zhonya's
Vampirism
Void Rift
Weighted Popoffs
Wind Beneath Blade
Witchful Thinking","All For You
Blunt Force
Crack Open That Egg
Critical Rhythm
Demon's Dance
Draw Your Sword
Dual Wield
Empowered By The Faithful
Empyrean Promise
Fan The Hammer
First-Aid Kit
Gash
Holy Fire
I'm a Baby Kitty Where is Mama
Lightning Strikes
Protein Shake
Quest: Icathia's Fall
ReEnergize
Shrink Ray
Slow And Steady
Sonata
Sonic Boom
Stuck In Here With Me
The Brutalizer
Twice Thrice
Typhoon
Upgrade Immolate
Upgrade Infinity Edge
Upgrade Mikael's Blessing
Upgrade Sheen
Upgrade Thornmail
Windspeaker's Blessing"
XinZhao,"Adamant
Blade Waltz
Celestial Body
Cerberus
Courage of the Colossus
Critical Healing
Cruelty
Deft
Demon's Dance
Dropkick
Dual Wield
Erosion
escAPADe
Executioner
Fan The Hammer
Final Form
Firebrand
Flashbang
Frost Wraith
Gash
Get Excited!
Giant Slayer
Glass Cannon
Goliath
Goredrink
Grandma's Chili Oil
Guilty Pleasure
Hat on a Hat
Heavy Hitter
Impassable
Infernal Soul
Jeweled Gauntlet
King Me
Laser Heal
Light 'Em Up!
Lightning Strikes
Master of Duality
Mighty Shield
Mountain Soul
Mystic Punch
Overflow
Perseverance
Poro Blaster
Prom Queen
Quest: Icathia's Fall
Quest: Steel Your Heart
Rabble Rousing
Scoped Weapons
Scopier Weapons
Scopiest Weapons
Self Destruct
Shrink Ray
Slap Around
Slow And Steady
Slow Cooker
Soul Eater
Speed Demon
Spiritual Purification
Symphony of War
Tank Engine
Tap Dancer
The Brutalizer
Thread the Needle
Tormentor
Triggered Inferno
Twice Thrice
Typhoon
Upgrade Collector
Upgrade Hubris
Upgrade Immolate
Upgrade Sheen
Upgrade Thornmail
Vampirism
Weighted Popoffs
Wind Beneath Blade
Windspeaker's Blessing
Zealot","All For You
Crack Open That Egg
Empowered By The Faithful
Empyrean Promise
I'm a Baby Kitty Where is Mama
Skilled Sniper
Trueshot Prodigy
Upgrade Mikael's Blessing"
Yunara,"Cerberus
Crit 'n Cast
Critical Healing
Critical Missile
Critical Rhythm
Deft
Double Tap
Draw Your Sword
Dual Wield
escAPADe
Fan The Hammer
Firebrand
Get Excited!
Giant Slayer
Glass Cannon
Goredrink
It's Critical
Jeweled Gauntlet
Juiced
Light 'Em Up!
Lightning Strikes
Master of Duality
Mystic Punch
ReEnergize
Scoped Weapons
Scopier Weapons
Scopiest Weapons
Shrink Ray
Slow And Steady
Soul Siphon
Spiritual Purification
Symphony of War
Tank It Or Leave It
Tap Dancer
Thread the Needle
Twice Thrice
Twin Fire
Typhoon
Upgrade Collector
Upgrade Infinity Edge
Upgrade Sheen
Vampirism
Vulnerability
Zealot","Adamant
All For You
Circle of Death
Courage of the Colossus
Crack Open That Egg
Cruelty
Empowered By The Faithful
Empyrean Promise
Final Form
First-Aid Kit
Guilty Pleasure
Holy Fire
I'm a Baby Kitty Where is Mama
Impassable
Mighty Shield
Prom Queen
Protein Shake
Quest: Icathia's Fall
Slap Around
Sonata
Sonic Boom
Soul Eater
Stuck In Here With Me
Tormentor
Upgrade Immolate
Upgrade Mikael's Blessing
Upgrade Thornmail
Windspeaker's Blessing"
Zaahen,"Blade Waltz
Cerberus
Deft
Demon's Dance
Dual Wield
escAPADe
Executioner
Fan The Hammer
Firebrand
Flashbang
Gash
Get Excited!
Giant Slayer
Glass Cannon
Goliath
Goredrink
Infernal Soul
Jeweled Gauntlet
King Me
Light 'Em Up!
Lightning Strikes
Mystic Punch
Overflow
Poro Blaster
Rabble Rousing
Scoped Weapons
Scopier Weapons
Scopiest Weapons
Shrink Ray
Slap Around
Slow And Steady
Speed Demon
Spiritual Purification
Symphony of War
Tap Dancer
The Brutalizer
Thread the Needle
Triggered Inferno
Twice Thrice
Typhoon
Upgrade Collector
Upgrade Hubris
Vampirism
Weighted Popoffs
Wind Beneath Blade","ADAPt
All For You
Big Brain
Circle of Death
Crack Open That Egg
Cruelty
Empowered By The Faithful
Empyrean Promise
Eureka
FireFox
Grandma's Chili Oil
Hat on a Hat
I'm a Baby Kitty Where is Mama
Marksmage
Ominous Pact
Phenomenal Evil
Protein Shake
Quest: Wooglet's Witchcap
Skilled Sniper
Sonata
Sonic Boom
Trueshot Prodigy
Twin Fire
Upgrade Mikael's Blessing
Upgrade Zhonya's
Void Rift
Witchful Thinking"
